scope,regimeKey,regimeLabel,treeType,horizon,routeKey,routeLabel,technicalQuality,macroQuality,technicalSamples,macroSamples,technicalAccuracyPct,macroAccuracyPct,deltaAccuracyPct,technicalAccuracyLiftPct,macroAccuracyLiftPct,deltaAccuracyLiftPct,technicalFitPrecisionPct,macroFitPrecisionPct,deltaFitPrecisionPct,technicalFitLiftPct,macroFitLiftPct,deltaFitLiftPct,technicalNotFitPrecisionPct,macroNotFitPrecisionPct,deltaNotFitPrecisionPct,technicalNotFitLiftPct,macroNotFitLiftPct,deltaNotFitLiftPct,technicalBestLiftPct,macroBestLiftPct,deltaBestLiftPct,technicalBestPrecisionPct,macroBestPrecisionPct,deltaBestPrecisionPct,decision,technicalReason,macroReason
holdout,,,波动变化树,1,,,弱参考,弱参考,879,879,79.41,79.41,0,0.46,0.46,0,0,0,0,0,0,0,0,0,0,-100,-100,0,0.46,0.46,0,79.41,79.41,0,宏观影响小,相对多数类基准提升不足5%,相对多数类基准提升不足5%
holdout,,,波动变化树,3,,,弱参考,弱参考,877,877,47.55,47.78,0.23,-1.25,-1.03,0.22,0,0,0,0,0,0,0,0,0,-100,-100,0,-1.25,-1.03,0.22,47.55,47.78,0.23,宏观影响小,准确率低于50%；相对多数类基准提升不足5%,准确率低于50%；相对多数类基准提升不足5%
holdout,,,波动变化树,5,,,弱参考,弱参考,875,875,41.6,36.57,-5.03,4.57,-0.46,-5.03,0,0,0,0,0,0,0,0,0,-100,-100,0,4.57,-0.46,-5.03,41.6,36.57,-5.03,不保留宏观,准确率低于50%；相对多数类基准提升不足5%,准确率低于50%；相对多数类基准提升不足5%
holdout,,,波动变化树,10,,,观察,观察,870,870,51.95,51.95,0,8.62,8.62,0,0,0,0,0,0,0,0,0,0,-100,-100,0,8.62,8.62,0,51.95,51.95,0,宏观影响小,时间外验证有提升，但还不够强,时间外验证有提升，但还不够强
holdout,,,策略适配树,1,breakoutDown,向下突破,弱参考,弱参考,879,879,86.58,86.58,0,0,0,0,0,0,0,-13.42,-13.42,0,86.58,86.58,0,0,0,0,0,0,0,86.58,86.58,0,宏观影响小,相对基准提升不足5%,相对基准提升不足5%
holdout,,,策略适配树,1,breakoutUp,向上突破,弱参考,弱参考,879,879,88.17,88.17,0,0,0,0,0,0,0,-11.83,-11.83,0,88.17,88.17,0,0,0,0,0,0,0,88.17,88.17,0,宏观影响小,相对基准提升不足5%,相对基准提升不足5%
holdout,,,策略适配树,1,gridNeutral,震荡网格,弱参考,弱参考,879,879,85.44,85.44,0,0,0,0,85.44,85.44,0,0,0,0,0,0,0,-14.56,-14.56,0,0,0,0,85.44,85.44,0,宏观影响小,相对基准提升不足5%,相对基准提升不足5%
holdout,,,策略适配树,1,meanReversionLong,低吸均值回归,弱参考,弱参考,879,879,79.07,79.07,0,0,0,0,0,0,0,-20.93,-20.93,0,79.07,79.07,0,0,0,0,0,0,0,79.07,79.07,0,宏观影响小,相对基准提升不足5%,相对基准提升不足5%
holdout,,,策略适配树,1,meanReversionShort,高抛均值回归,弱参考,弱参考,879,879,78.95,78.95,0,0,0,0,0,0,0,-21.05,-21.05,0,78.95,78.95,0,0,0,0,0,0,0,78.95,78.95,0,宏观影响小,相对基准提升不足5%,相对基准提升不足5%
holdout,,,策略适配树,1,trendLong,趋势追多,弱参考,弱参考,879,879,53.47,53.47,0,0,0,0,53.47,53.47,0,0,0,0,0,0,0,-46.53,-46.53,0,0,0,0,53.47,53.47,0,宏观影响小,相对基准提升不足5%；验证精度不足55%,相对基准提升不足5%；验证精度不足55%
holdout,,,策略适配树,1,trendShort,趋势做空,弱参考,弱参考,879,879,53.47,53.47,0,0,0,0,0,0,0,-46.53,-46.53,0,53.47,53.47,0,0,0,0,0,0,0,53.47,53.47,0,宏观影响小,相对基准提升不足5%；验证精度不足55%,相对基准提升不足5%；验证精度不足55%
holdout,,,策略适配树,1,waitDefense,防守等待,弱参考,弱参考,879,879,52.56,52.56,0,0,0,0,0,0,0,-47.44,-47.44,0,52.56,52.56,0,0,0,0,0,0,0,52.56,52.56,0,宏观影响小,相对基准提升不足5%；验证精度不足55%,相对基准提升不足5%；验证精度不足55%
holdout,,,策略适配树,3,breakoutDown,向下突破,弱参考,弱参考,877,877,64.54,64.54,0,0,0,0,0,0,0,-35.46,-35.46,0,64.54,64.54,0,0,0,0,0,0,0,64.54,64.54,0,宏观影响小,相对基准提升不足5%,相对基准提升不足5%
holdout,,,策略适配树,3,breakoutUp,向上突破,弱参考,弱参考,877,877,63.06,61.23,-1.83,-2.62,-4.45,-1.83,40.8,41.98,1.18,6.48,7.65,1.17,66.76,68.61,1.85,1.08,2.93,1.85,6.48,7.65,1.17,66.76,68.61,1.85,宏观影响小,没有通过适合/不适合信号完整门槛,没有通过适合/不适合信号完整门槛
holdout,,,策略适配树,3,gridNeutral,震荡网格,弱参考,弱参考,877,877,84.49,84.49,0,-1.03,-1.03,0,85.53,85.53,0,0.01,0.01,0,15.38,15.38,0,0.9,0.9,0,0.9,0.9,0,85.53,85.53,0,宏观影响小,相对基准提升不足5%,相对基准提升不足5%
holdout,,,策略适配树,3,meanReversionLong,低吸均值回归,弱参考,弱参考,877,877,80.73,82.67,1.94,-1.82,0.11,1.93,42.31,50.43,8.12,24.86,32.99,8.13,85.9,87.53,1.63,3.34,4.98,1.64,24.86,32.99,8.13,85.9,87.53,1.63,仅观察,没有通过适合/不适合信号完整门槛,没有通过适合/不适合信号完整门槛
holdout,,,策略适配树,3,meanReversionShort,高抛均值回归,强参考,弱参考,877,877,76.28,79.82,3.54,-2.96,0.57,3.53,42.86,66.67,23.81,22.1,45.91,23.81,85.04,80.05,-4.99,5.79,0.8,-4.99,22.1,45.91,23.81,85.04,80.05,-4.99,不保留宏观,时间外验证存在稳定提升,没有通过适合/不适合信号完整门槛
holdout,,,策略适配树,3,trendLong,趋势追多,弱参考,弱参考,877,877,51.43,51.43,0,0,0,0,51.43,51.43,0,0,0,0,0,0,0,-48.57,-48.57,0,0,0,0,51.43,51.43,0,宏观影响小,相对基准提升不足5%；验证精度不足55%,相对基准提升不足5%；验证精度不足55%
holdout,,,策略适配树,3,trendShort,趋势做空,弱参考,弱参考,877,877,51.43,51.43,0,0,0,0,0,0,0,-48.57,-48.57,0,51.43,51.43,0,0,0,0,0,0,0,51.43,51.43,0,宏观影响小,相对基准提升不足5%；验证精度不足55%,相对基准提升不足5%；验证精度不足55%
holdout,,,策略适配树,3,waitDefense,防守等待,弱参考,弱参考,877,877,53.93,53.93,0,0,0,0,53.93,53.93,0,0,0,0,0,0,0,-46.07,-46.07,0,0,0,0,53.93,53.93,0,宏观影响小,相对基准提升不足5%；验证精度不足55%,相对基准提升不足5%；验证精度不足55%
holdout,,,策略适配树,5,breakoutDown,向下突破,弱参考,弱参考,875,875,53.71,53.71,0,0,0,0,0,0,0,-46.29,-46.29,0,53.71,53.71,0,0,0,0,0,0,0,53.71,53.71,0,宏观影响小,相对基准提升不足5%；验证精度不足55%,相对基准提升不足5%；验证精度不足55%
holdout,,,策略适配树,5,breakoutUp,向上突破,弱参考,弱参考,875,875,54.63,49.49,-5.14,0.8,-4.34,-5.14,51.33,42.21,-9.12,5.16,-3.96,-9.12,56.05,52.3,-3.75,2.22,-1.53,-3.75,5.16,-1.53,-6.69,56.05,52.3,-3.75,不保留宏观,没有通过适合/不适合信号完整门槛,相对基准提升不足5%；验证精度不足55%
holdout,,,策略适配树,5,gridNeutral,震荡网格,弱参考,弱参考,875,875,82.97,84.23,1.26,-1.26,0,1.26,84.27,84.23,-0.04,0.04,0,-0.04,17.65,0,-17.65,1.88,-15.77,-17.65,1.88,0,-1.88,84.27,84.23,-0.04,宏观影响小,相对基准提升不足5%,相对基准提升不足5%
holdout,,,策略适配树,5,meanReversionLong,低吸均值回归,弱参考,弱参考,875,875,81.94,82.4,0.46,-1.83,-1.37,0.46,34,40.91,6.91,17.77,24.68,6.91,84.85,85.78,0.93,1.08,2.01,0.93,17.77,24.68,6.91,84.85,85.78,0.93,仅观察,没有通过适合/不适合信号完整门槛,没有通过适合/不适合信号完整门槛
holdout,,,策略适配树,5,meanReversionShort,高抛均值回归,强参考,弱参考,875,875,77.37,77.49,0.12,-3.2,-3.09,0.11,43.33,41.18,-2.15,23.9,21.75,-2.15,88.12,85.18,-2.94,7.55,4.61,-2.94,23.9,21.75,-2.15,88.12,85.18,-2.94,不保留宏观,时间外验证存在稳定提升,没有通过适合/不适合信号完整门槛
holdout,,,策略适配树,5,trendLong,趋势追多,弱参考,弱参考,875,875,52.91,52.91,0,0,0,0,52.91,52.91,0,0,0,0,0,0,0,-47.09,-47.09,0,0,0,0,52.91,52.91,0,宏观影响小,相对基准提升不足5%；验证精度不足55%,相对基准提升不足5%；验证精度不足55%
holdout,,,策略适配树,5,trendShort,趋势做空,弱参考,弱参考,875,875,52.91,52.91,0,0,0,0,0,0,0,-47.09,-47.09,0,52.91,52.91,0,0,0,0,0,0,0,52.91,52.91,0,宏观影响小,相对基准提升不足5%；验证精度不足55%,相对基准提升不足5%；验证精度不足55%
holdout,,,策略适配树,5,waitDefense,防守等待,弱参考,弱参考,875,875,57.49,57.49,0,0,0,0,57.49,57.49,0,0,0,0,0,0,0,-42.51,-42.51,0,0,0,0,57.49,57.49,0,宏观影响小,相对基准提升不足5%,相对基准提升不足5%
holdout,,,策略适配树,10,breakoutDown,向下突破,弱参考,弱参考,870,870,46.9,58.28,11.38,-13.68,-2.3,11.38,57.21,59.98,2.77,-3.37,-0.6,2.77,35.8,29.17,-6.63,-3.63,-10.26,-6.63,-3.37,-0.6,2.77,57.21,59.98,2.77,宏观影响小,相对基准提升不足5%,相对基准提升不足5%
holdout,,,策略适配树,10,breakoutUp,向上突破,观察,弱参考,870,870,55.75,57.59,1.84,-5.86,-4.02,1.84,67.2,66.6,-0.6,5.59,4.99,-0.6,44.08,45.23,1.15,5.69,6.84,1.15,5.69,6.84,1.15,67.2,66.6,-0.6,不保留宏观,时间外验证有提升，但还不够强,没有通过适合/不适合信号完整门槛
holdout,,,策略适配树,10,gridNeutral,震荡网格,弱参考,弱参考,870,870,83.91,82.64,-1.27,-0.11,-1.38,-1.27,84,85.11,1.11,-0.02,1.09,1.11,0,36.36,36.36,-15.98,20.39,36.37,-0.02,20.39,20.41,84,85.11,1.11,仅观察,相对基准提升不足5%,没有通过适合/不适合信号完整门槛
holdout,,,策略适配树,10,meanReversionLong,低吸均值回归,弱参考,弱参考,870,870,87.7,87.47,-0.23,-0.11,-0.34,-0.23,44.44,46.15,1.71,32.26,33.97,1.71,88.15,89.41,1.26,0.34,1.59,1.25,32.26,33.97,1.71,88.15,89.41,1.26,宏观影响小,没有通过适合/不适合信号完整门槛,没有通过适合/不适合信号完整门槛
holdout,,,策略适配树,10,meanReversionShort,高抛均值回归,弱参考,弱参考,870,870,81.03,80.11,-0.92,-1.03,-1.95,-0.92,42.62,43.7,1.08,24.69,25.77,1.08,83.93,86.8,2.87,1.86,4.73,2.87,24.69,25.77,1.08,83.93,86.8,2.87,宏观影响小,没有通过适合/不适合信号完整门槛,没有通过适合/不适合信号完整门槛
holdout,,,策略适配树,10,trendLong,趋势追多,弱参考,弱参考,870,870,48.62,48.05,-0.57,-3.56,-4.14,-0.58,51.61,50.14,-1.47,-0.57,-2.04,-1.47,47.63,38.61,-9.02,-0.19,-9.21,-9.02,-0.19,-2.04,-1.85,51.61,50.14,-1.47,宏观影响小,相对基准提升不足5%；验证精度不足55%,相对基准提升不足5%；验证精度不足55%
holdout,,,策略适配树,10,trendShort,趋势做空,弱参考,弱参考,870,870,48.62,48.05,-0.57,-3.56,-4.14,-0.58,47.63,38.61,-9.02,-0.19,-9.21,-9.02,51.61,50.14,-1.47,-0.57,-2.04,-1.47,-0.19,-2.04,-1.85,51.61,50.14,-1.47,宏观影响小,相对基准提升不足5%；验证精度不足55%,相对基准提升不足5%；验证精度不足55%
holdout,,,策略适配树,10,waitDefense,防守等待,弱参考,弱参考,870,870,59.77,54.71,-5.06,-4.71,-9.77,-5.06,64.05,63.85,-0.2,-0.43,-0.64,-0.21,32.77,34.08,1.31,-2.74,-1.43,1.31,-0.43,-0.64,-0.21,64.05,63.85,-0.2,宏观影响小,相对基准提升不足5%,相对基准提升不足5%
macro-regime,etf_halving_2024,2024 ETF/减半周期,波动变化树,1,,,弱参考,弱参考,366,366,73.22,73.22,0,0.27,0.27,0,0,0,0,0,0,0,0,0,0,-100,-100,0,0.27,0.27,0,73.22,73.22,0,宏观影响小,相对多数类基准提升不足5%,相对多数类基准提升不足5%
macro-regime,etf_halving_2024,2024 ETF/减半周期,波动变化树,3,,,弱参考,弱参考,366,366,47.27,46.99,-0.28,0.55,0.27,-0.28,0,0,0,0,0,0,0,0,0,-100,-100,0,0.55,0.27,-0.28,47.27,46.99,-0.28,宏观影响小,准确率低于50%；相对多数类基准提升不足5%,准确率低于50%；相对多数类基准提升不足5%
macro-regime,etf_halving_2024,2024 ETF/减半周期,波动变化树,5,,,弱参考,弱参考,366,366,45.08,39.34,-5.74,6.28,0.55,-5.73,0,0,0,0,0,0,0,0,0,-100,-100,0,6.28,0.55,-5.73,45.08,39.34,-5.74,不保留宏观,准确率低于50%,准确率低于50%；相对多数类基准提升不足5%
macro-regime,etf_halving_2024,2024 ETF/减半周期,波动变化树,10,,,观察,观察,366,366,54.92,54.92,0,11.75,11.75,0,0,0,0,0,0,0,0,0,0,-100,-100,0,11.75,11.75,0,54.92,54.92,0,宏观影响小,时间外验证有提升，但还不够强,时间外验证有提升，但还不够强
macro-regime,etf_halving_2024,2024 ETF/减半周期,策略适配树,1,breakoutDown,向下突破,弱参考,弱参考,366,366,86.61,86.61,0,0,0,0,0,0,0,-13.39,-13.39,0,86.61,86.61,0,0,0,0,0,0,0,86.61,86.61,0,宏观影响小,相对基准提升不足5%,相对基准提升不足5%
macro-regime,etf_halving_2024,2024 ETF/减半周期,策略适配树,1,breakoutUp,向上突破,弱参考,弱参考,366,366,86.61,86.61,0,0,0,0,0,0,0,-13.39,-13.39,0,86.61,86.61,0,0,0,0,0,0,0,86.61,86.61,0,宏观影响小,相对基准提升不足5%,相对基准提升不足5%
macro-regime,etf_halving_2024,2024 ETF/减半周期,策略适配树,1,gridNeutral,震荡网格,弱参考,弱参考,366,366,84.15,84.15,0,0,0,0,84.15,84.15,0,0,0,0,0,0,0,-15.85,-15.85,0,0,0,0,84.15,84.15,0,宏观影响小,相对基准提升不足5%,相对基准提升不足5%
macro-regime,etf_halving_2024,2024 ETF/减半周期,策略适配树,1,meanReversionLong,低吸均值回归,弱参考,弱参考,366,366,83.06,83.06,0,0,0,0,0,0,0,-16.94,-16.94,0,83.06,83.06,0,0,0,0,0,0,0,83.06,83.06,0,宏观影响小,相对基准提升不足5%,相对基准提升不足5%
macro-regime,etf_halving_2024,2024 ETF/减半周期,策略适配树,1,meanReversionShort,高抛均值回归,弱参考,弱参考,366,366,76.78,76.78,0,0,0,0,0,0,0,-23.22,-23.22,0,76.78,76.78,0,0,0,0,0,0,0,76.78,76.78,0,宏观影响小,相对基准提升不足5%,相对基准提升不足5%
macro-regime,etf_halving_2024,2024 ETF/减半周期,策略适配树,1,trendLong,趋势追多,弱参考,弱参考,366,366,56.56,56.56,0,0,0,0,56.56,56.56,0,0,0,0,0,0,0,-43.44,-43.44,0,0,0,0,56.56,56.56,0,宏观影响小,相对基准提升不足5%,相对基准提升不足5%
macro-regime,etf_halving_2024,2024 ETF/减半周期,策略适配树,1,trendShort,趋势做空,弱参考,弱参考,366,366,56.56,56.56,0,0,0,0,0,0,0,-43.44,-43.44,0,56.56,56.56,0,0,0,0,0,0,0,56.56,56.56,0,宏观影响小,相对基准提升不足5%,相对基准提升不足5%
macro-regime,etf_halving_2024,2024 ETF/减半周期,策略适配树,1,waitDefense,防守等待,弱参考,弱参考,366,366,55.46,55.46,0,0,0,0,0,0,0,-44.54,-44.54,0,55.46,55.46,0,0,0,0,0,0,0,55.46,55.46,0,宏观影响小,相对基准提升不足5%,相对基准提升不足5%
macro-regime,etf_halving_2024,2024 ETF/减半周期,策略适配树,3,breakoutDown,向下突破,弱参考,弱参考,366,366,65.3,65.3,0,0,0,0,0,0,0,-34.7,-34.7,0,65.3,65.3,0,0,0,0,0,0,0,65.3,65.3,0,宏观影响小,相对基准提升不足5%,相对基准提升不足5%
macro-regime,etf_halving_2024,2024 ETF/减半周期,策略适配树,3,breakoutUp,向上突破,弱参考,强参考,366,366,62.57,60.93,-1.64,1.09,-0.55,-1.64,54.35,49.15,-5.2,15.82,10.63,-5.19,63.75,66.53,2.78,2.27,5.06,2.79,15.82,10.63,-5.19,63.75,66.53,2.78,仅观察,没有通过适合/不适合信号完整门槛,时间外验证存在稳定提升
macro-regime,etf_halving_2024,2024 ETF/减半周期,策略适配树,3,gridNeutral,震荡网格,弱参考,弱参考,366,366,80.33,80.33,0,-2.46,-2.46,0,82.72,82.72,0,-0.07,-0.07,0,15.38,15.38,0,-1.83,-1.83,0,-0.07,-0.07,0,82.72,82.72,0,宏观影响小,相对基准提升不足5%,相对基准提升不足5%
macro-regime,etf_halving_2024,2024 ETF/减半周期,策略适配树,3,meanReversionLong,低吸均值回归,弱参考,弱参考,366,366,86.61,85.52,-1.09,0.55,-0.55,-1.1,53.57,47.22,-6.35,39.64,33.29,-6.35,89.35,89.7,0.35,3.28,3.63,0.35,39.64,33.29,-6.35,89.35,89.7,0.35,仅观察,没有通过适合/不适合信号完整门槛,没有通过适合/不适合信号完整门槛
macro-regime,etf_halving_2024,2024 ETF/减半周期,策略适配树,3,meanReversionShort,高抛均值回归,强参考,弱参考,366,366,72.13,77.87,5.74,-4.37,1.37,5.74,42.98,66.67,23.69,19.49,43.17,23.68,85.32,78.35,-6.97,8.81,1.84,-6.97,19.49,43.17,23.68,85.32,78.35,-6.97,不保留宏观,时间外验证存在稳定提升,没有通过适合/不适合信号完整门槛
macro-regime,etf_halving_2024,2024 ETF/减半周期,策略适配树,3,trendLong,趋势追多,弱参考,弱参考,366,366,54.64,54.64,0,0,0,0,54.64,54.64,0,0,0,0,0,0,0,-45.36,-45.36,0,0,0,0,54.64,54.64,0,宏观影响小,相对基准提升不足5%；验证精度不足55%,相对基准提升不足5%；验证精度不足55%
macro-regime,etf_halving_2024,2024 ETF/减半周期,策略适配树,3,trendShort,趋势做空,弱参考,弱参考,366,366,54.64,54.64,0,0,0,0,0,0,0,-45.36,-45.36,0,54.64,54.64,0,0,0,0,0,0,0,54.64,54.64,0,宏观影响小,相对基准提升不足5%；验证精度不足55%,相对基准提升不足5%；验证精度不足55%
macro-regime,etf_halving_2024,2024 ETF/减半周期,策略适配树,3,waitDefense,防守等待,弱参考,弱参考,366,366,52.46,52.46,0,0,0,0,52.46,52.46,0,0,0,0,0,0,0,-47.54,-47.54,0,0,0,0,52.46,52.46,0,宏观影响小,相对基准提升不足5%；验证精度不足55%,相对基准提升不足5%；验证精度不足55%
macro-regime,etf_halving_2024,2024 ETF/减半周期,策略适配树,5,breakoutDown,向下突破,弱参考,弱参考,366,366,54.64,54.64,0,0,0,0,0,0,0,-45.36,-45.36,0,54.64,54.64,0,0,0,0,0,0,0,54.64,54.64,0,宏观影响小,相对基准提升不足5%；验证精度不足55%,相对基准提升不足5%；验证精度不足55%
macro-regime,etf_halving_2024,2024 ETF/减半周期,策略适配树,5,breakoutUp,向上突破,强参考,弱参考,366,366,56.28,48.63,-7.65,5.19,-2.46,-7.65,62.39,49.18,-13.21,11.29,-1.91,-13.2,53.7,48.52,-5.18,4.79,-0.38,-5.17,11.29,-0.38,-11.67,62.39,49.18,-13.21,不保留宏观,时间外验证存在稳定提升,相对基准提升不足5%；验证精度不足55%
macro-regime,etf_halving_2024,2024 ETF/减半周期,策略适配树,5,gridNeutral,震荡网格,弱参考,弱参考,366,366,76.5,79.51,3.01,-3.01,0,3.01,79.37,79.51,0.14,-0.14,0,0.14,17.65,0,-17.65,-2.84,-20.49,-17.65,-0.14,0,0.14,79.37,79.51,0.14,宏观影响小,相对基准提升不足5%,相对基准提升不足5%
macro-regime,etf_halving_2024,2024 ETF/减半周期,策略适配树,5,meanReversionLong,低吸均值回归,弱参考,弱参考,366,366,86.61,87.7,1.09,-0.27,0.82,1.09,33.33,58.82,25.49,20.22,45.71,25.49,87.05,89.11,2.06,0.17,2.23,2.06,20.22,45.71,25.49,87.05,89.11,2.06,仅观察,没有通过适合/不适合信号完整门槛,没有通过适合/不适合信号完整门槛
macro-regime,etf_halving_2024,2024 ETF/减半周期,策略适配树,5,meanReversionShort,高抛均值回归,强参考,弱参考,366,366,72.68,72.95,0.27,-4.64,-4.37,0.27,42.74,35.71,-7.03,20.06,13.04,-7.02,86.75,79.68,-7.07,9.42,2.36,-7.06,20.06,13.04,-7.02,86.75,79.68,-7.07,不保留宏观,时间外验证存在稳定提升,没有通过适合/不适合信号完整门槛
macro-regime,etf_halving_2024,2024 ETF/减半周期,策略适配树,5,trendLong,趋势追多,弱参考,弱参考,366,366,56.28,56.28,0,0,0,0,56.28,56.28,0,0,0,0,0,0,0,-43.72,-43.72,0,0,0,0,56.28,56.28,0,宏观影响小,相对基准提升不足5%,相对基准提升不足5%
macro-regime,etf_halving_2024,2024 ETF/减半周期,策略适配树,5,trendShort,趋势做空,弱参考,弱参考,366,366,56.28,56.28,0,0,0,0,0,0,0,-43.72,-43.72,0,56.28,56.28,0,0,0,0,0,0,0,56.28,56.28,0,宏观影响小,相对基准提升不足5%,相对基准提升不足5%
macro-regime,etf_halving_2024,2024 ETF/减半周期,策略适配树,5,waitDefense,防守等待,弱参考,弱参考,366,366,55.74,55.74,0,0,0,0,55.74,55.74,0,0,0,0,0,0,0,-44.26,-44.26,0,0,0,0,55.74,55.74,0,宏观影响小,相对基准提升不足5%,相对基准提升不足5%
macro-regime,etf_halving_2024,2024 ETF/减半周期,策略适配树,10,breakoutDown,向下突破,弱参考,弱参考,366,366,44.26,54.92,10.66,-15.85,-5.19,10.66,53.51,58.62,5.11,-6.6,-1.49,5.11,28.99,29.79,0.8,-10.91,-10.1,0.81,-6.6,-1.49,5.11,53.51,58.62,5.11,仅观察,相对基准提升不足5%；验证精度不足55%,相对基准提升不足5%
macro-regime,etf_halving_2024,2024 ETF/减半周期,策略适配树,10,breakoutUp,向上突破,强参考,强参考,366,366,59.56,59.56,0,-7.38,-7.38,0,73.21,73.43,0.22,6.27,6.49,0.22,41.4,41.51,0.11,8.34,8.45,0.11,8.34,8.45,0.11,73.21,73.43,0.22,宏观影响小,时间外验证存在稳定提升,时间外验证存在稳定提升
macro-regime,etf_halving_2024,2024 ETF/减半周期,策略适配树,10,gridNeutral,震荡网格,弱参考,弱参考,366,366,81.15,81.15,0,0,0,0,81.15,81.15,0,0,0,0,0,0,0,-18.85,-18.85,0,0,0,0,81.15,81.15,0,宏观影响小,相对基准提升不足5%,相对基准提升不足5%
macro-regime,etf_halving_2024,2024 ETF/减半周期,策略适配树,10,meanReversionLong,低吸均值回归,弱参考,弱参考,366,366,89.62,90.16,0.54,0,0.55,0.55,0,66.67,66.67,-10.38,56.28,66.66,89.62,90.56,0.94,0,0.94,0.94,0,56.28,56.28,89.62,90.56,0.94,仅观察,相对基准提升不足5%,没有通过适合/不适合信号完整门槛
macro-regime,etf_halving_2024,2024 ETF/减半周期,策略适配树,10,meanReversionShort,高抛均值回归,弱参考,弱参考,366,366,80.33,75.41,-4.92,-0.27,-5.19,-4.92,48.89,33.33,-15.56,29.49,13.93,-15.56,84.74,83.17,-1.57,4.13,2.57,-1.56,29.49,13.93,-15.56,84.74,83.17,-1.57,不保留宏观,没有通过适合/不适合信号完整门槛,没有通过适合/不适合信号完整门槛
macro-regime,etf_halving_2024,2024 ETF/减半周期,策略适配树,10,trendLong,趋势追多,强参考,弱参考,366,366,50.27,46.17,-4.1,-7.92,-12.02,-4.1,71.83,52.96,-18.87,13.63,-5.23,-18.86,45.08,27.08,-18,3.28,-14.72,-18,13.63,-5.23,-18.86,71.83,52.96,-18.87,不保留宏观,时间外验证存在稳定提升,相对基准提升不足5%；验证精度不足55%
macro-regime,etf_halving_2024,2024 ETF/减半周期,策略适配树,10,trendShort,趋势做空,强参考,弱参考,366,366,50.27,46.17,-4.1,-7.92,-12.02,-4.1,45.08,27.08,-18,3.28,-14.72,-18,71.83,52.96,-18.87,13.63,-5.23,-18.86,13.63,-5.23,-18.86,71.83,52.96,-18.87,不保留宏观,时间外验证存在稳定提升,相对基准提升不足5%；验证精度不足55%
macro-regime,etf_halving_2024,2024 ETF/减半周期,策略适配树,10,waitDefense,防守等待,弱参考,弱参考,366,366,63.11,55.19,-7.92,0,-7.92,-7.92,63.41,63.67,0.26,0.29,0.56,0.27,50,38.02,-11.98,13.11,1.13,-11.98,13.11,1.13,-11.98,63.41,63.67,0.26,仅观察,没有通过适合/不适合信号完整门槛,相对基准提升不足5%
macro-regime,late_cycle_2025_2026,2025-2026后周期/风险重估,波动变化树,1,,,弱参考,弱参考,513,513,83.24,83.24,0,0,0,0,0,0,0,0,0,0,0,0,0,-100,-100,0,0,0,0,83.24,83.24,0,宏观影响小,相对多数类基准提升不足5%,相对多数类基准提升不足5%
macro-regime,late_cycle_2025_2026,2025-2026后周期/风险重估,波动变化树,3,,,弱参考,弱参考,511,511,41.68,41.68,0,-8.61,-8.61,0,0,0,0,0,0,0,0,0,0,-100,-100,0,-8.61,-8.61,0,41.68,41.68,0,宏观影响小,准确率低于50%；相对多数类基准提升不足5%,准确率低于50%；相对多数类基准提升不足5%
macro-regime,late_cycle_2025_2026,2025-2026后周期/风险重估,波动变化树,5,,,弱参考,弱参考,509,509,39.49,33.01,-6.48,1.77,-4.72,-6.49,0,0,0,0,0,0,0,0,0,-100,-100,0,1.77,-4.72,-6.49,39.49,33.01,-6.48,不保留宏观,准确率低于50%；相对多数类基准提升不足5%,准确率低于50%；相对多数类基准提升不足5%
macro-regime,late_cycle_2025_2026,2025-2026后周期/风险重估,波动变化树,10,,,弱参考,弱参考,504,504,44.44,44.05,-0.39,0.99,0.6,-0.39,0,0,0,0,0,0,0,0,0,-100,-100,0,0.99,0.6,-0.39,44.44,44.05,-0.39,宏观影响小,准确率低于50%；相对多数类基准提升不足5%,准确率低于50%；相对多数类基准提升不足5%
macro-regime,late_cycle_2025_2026,2025-2026后周期/风险重估,策略适配树,1,breakoutDown,向下突破,弱参考,弱参考,513,513,86.55,86.55,0,0,0,0,0,0,0,-13.45,-13.45,0,86.55,86.55,0,0,0,0,0,0,0,86.55,86.55,0,宏观影响小,相对基准提升不足5%,相对基准提升不足5%
macro-regime,late_cycle_2025_2026,2025-2026后周期/风险重估,策略适配树,1,breakoutUp,向上突破,弱参考,弱参考,513,513,89.28,89.28,0,0,0,0,0,0,0,-10.72,-10.72,0,89.28,89.28,0,0,0,0,0,0,0,89.28,89.28,0,宏观影响小,相对基准提升不足5%,相对基准提升不足5%
macro-regime,late_cycle_2025_2026,2025-2026后周期/风险重估,策略适配树,1,gridNeutral,震荡网格,弱参考,弱参考,513,513,86.35,86.35,0,0,0,0,86.35,86.35,0,0,0,0,0,0,0,-13.65,-13.65,0,0,0,0,86.35,86.35,0,宏观影响小,相对基准提升不足5%,相对基准提升不足5%
macro-regime,late_cycle_2025_2026,2025-2026后周期/风险重估,策略适配树,1,meanReversionLong,低吸均值回归,弱参考,弱参考,513,513,76.22,76.22,0,0,0,0,0,0,0,-23.78,-23.78,0,76.22,76.22,0,0,0,0,0,0,0,76.22,76.22,0,宏观影响小,相对基准提升不足5%,相对基准提升不足5%
macro-regime,late_cycle_2025_2026,2025-2026后周期/风险重估,策略适配树,1,meanReversionShort,高抛均值回归,弱参考,弱参考,513,513,80.51,80.51,0,0,0,0,0,0,0,-19.49,-19.49,0,80.51,80.51,0,0,0,0,0,0,0,80.51,80.51,0,宏观影响小,相对基准提升不足5%,相对基准提升不足5%
macro-regime,late_cycle_2025_2026,2025-2026后周期/风险重估,策略适配树,1,trendLong,趋势追多,弱参考,弱参考,513,513,51.27,51.27,0,0,0,0,51.27,51.27,0,0,0,0,0,0,0,-48.73,-48.73,0,0,0,0,51.27,51.27,0,宏观影响小,相对基准提升不足5%；验证精度不足55%,相对基准提升不足5%；验证精度不足55%
macro-regime,late_cycle_2025_2026,2025-2026后周期/风险重估,策略适配树,1,trendShort,趋势做空,弱参考,弱参考,513,513,51.27,51.27,0,0,0,0,0,0,0,-48.73,-48.73,0,51.27,51.27,0,0,0,0,0,0,0,51.27,51.27,0,宏观影响小,相对基准提升不足5%；验证精度不足55%,相对基准提升不足5%；验证精度不足55%
macro-regime,late_cycle_2025_2026,2025-2026后周期/风险重估,策略适配树,1,waitDefense,防守等待,弱参考,弱参考,513,513,50.49,50.49,0,0,0,0,0,0,0,-49.51,-49.51,0,50.49,50.49,0,0,0,0,0,0,0,50.49,50.49,0,宏观影响小,相对基准提升不足5%；验证精度不足55%,相对基准提升不足5%；验证精度不足55%
macro-regime,late_cycle_2025_2026,2025-2026后周期/风险重估,策略适配树,3,breakoutDown,向下突破,弱参考,弱参考,511,511,63.99,63.99,0,0,0,0,0,0,0,-36.01,-36.01,0,63.99,63.99,0,0,0,0,0,0,0,63.99,63.99,0,宏观影响小,相对基准提升不足5%,相对基准提升不足5%
macro-regime,late_cycle_2025_2026,2025-2026后周期/风险重估,策略适配树,3,breakoutUp,向上突破,弱参考,弱参考,511,511,63.41,62.23,-1.18,-5.28,-6.46,-1.18,32.47,31.03,-1.44,1.16,-0.28,-1.44,68.89,68.63,-0.26,0.21,-0.06,-0.27,1.16,-0.06,-1.22,68.89,68.63,-0.26,宏观影响小,相对基准提升不足5%,相对基准提升不足5%
macro-regime,late_cycle_2025_2026,2025-2026后周期/风险重估,策略适配树,3,gridNeutral,震荡网格,弱参考,弱参考,511,511,87.48,87.48,0,0,0,0,87.48,87.48,0,0,0,0,0,0,0,-12.52,-12.52,0,0,0,0,87.48,87.48,0,宏观影响小,相对基准提升不足5%,相对基准提升不足5%
macro-regime,late_cycle_2025_2026,2025-2026后周期/风险重估,策略适配树,3,meanReversionLong,低吸均值回归,强参考,强参考,511,511,78.08,76.91,-1.17,-1.96,-3.13,-1.17,44.9,43.65,-1.25,24.94,23.69,-1.25,85.96,87.79,1.83,5.92,7.75,1.83,24.94,23.69,-1.25,85.96,87.79,1.83,宏观影响小,时间外验证存在稳定提升,时间外验证存在稳定提升
macro-regime,late_cycle_2025_2026,2025-2026后周期/风险重估,策略适配树,3,meanReversionShort,高抛均值回归,弱参考,弱参考,511,511,80.43,81.21,0.78,-0.78,0,0.78,40.91,0,-40.91,22.12,-18.79,-40.91,82.21,81.21,-1,1,0,-1,22.12,0,-22.12,82.21,81.21,-1,不保留宏观,没有通过适合/不适合信号完整门槛,相对基准提升不足5%
macro-regime,late_cycle_2025_2026,2025-2026后周期/风险重估,策略适配树,3,trendLong,趋势追多,弱参考,弱参考,511,511,49.12,49.12,0,-1.76,-1.76,0,49.12,49.12,0,0,0,0,0,0,0,-50.88,-50.88,0,0,0,0,49.12,49.12,0,宏观影响小,相对基准提升不足5%；验证精度不足55%,相对基准提升不足5%；验证精度不足55%
macro-regime,late_cycle_2025_2026,2025-2026后周期/风险重估,策略适配树,3,trendShort,趋势做空,弱参考,弱参考,511,511,49.12,49.12,0,-1.76,-1.76,0,0,0,0,-50.88,-50.88,0,49.12,49.12,0,0,0,0,0,0,0,49.12,49.12,0,宏观影响小,相对基准提升不足5%；验证精度不足55%,相对基准提升不足5%；验证精度不足55%
macro-regime,late_cycle_2025_2026,2025-2026后周期/风险重估,策略适配树,3,waitDefense,防守等待,弱参考,弱参考,511,511,54.99,54.99,0,0,0,0,54.99,54.99,0,0,0,0,0,0,0,-45.01,-45.01,0,0,0,0,54.99,54.99,0,宏观影响小,相对基准提升不足5%；验证精度不足55%,相对基准提升不足5%；验证精度不足55%
macro-regime,late_cycle_2025_2026,2025-2026后周期/风险重估,策略适配树,5,breakoutDown,向下突破,弱参考,弱参考,509,509,53.05,53.05,0,0,0,0,0,0,0,-46.95,-46.95,0,53.05,53.05,0,0,0,0,0,0,0,53.05,53.05,0,宏观影响小,相对基准提升不足5%；验证精度不足55%,相对基准提升不足5%；验证精度不足55%
macro-regime,late_cycle_2025_2026,2025-2026后周期/风险重估,策略适配树,5,breakoutUp,向上突破,弱参考,弱参考,509,509,54.81,56.19,1.38,-2.55,-1.18,1.37,45.52,48.47,2.95,2.88,5.84,2.96,58.52,61.02,2.5,1.15,3.65,2.5,2.88,5.84,2.96,58.52,61.02,2.5,宏观影响小,相对基准提升不足5%,没有通过适合/不适合信号完整门槛
macro-regime,late_cycle_2025_2026,2025-2026后周期/风险重估,策略适配树,5,gridNeutral,震荡网格,弱参考,弱参考,509,509,84.09,87.62,3.53,-3.54,0,3.54,88.75,87.62,-1.13,1.12,0,-1.12,26.32,0,-26.32,13.94,-12.38,-26.32,13.94,0,-13.94,88.75,87.62,-1.13,不保留宏观,没有通过适合/不适合信号完整门槛,相对基准提升不足5%
macro-regime,late_cycle_2025_2026,2025-2026后周期/风险重估,策略适配树,5,meanReversionLong,低吸均值回归,弱参考,强参考,509,509,82.32,81.93,-0.39,0.79,0.39,-0.4,100,51.39,-48.61,81.53,32.92,-48.61,82.18,86.96,4.78,0.65,5.42,4.77,81.53,32.92,-48.61,100,86.96,-13.04,不保留宏观,没有通过适合/不适合信号完整门槛,时间外验证存在稳定提升
macro-regime,late_cycle_2025_2026,2025-2026后周期/风险重估,策略适配树,5,meanReversionShort,高抛均值回归,强参考,强参考,509,509,80.75,75.64,-5.11,-2.16,-7.27,-5.11,43.53,40.21,-3.32,26.44,23.12,-3.32,88.21,96.56,8.35,5.3,13.65,8.35,26.44,23.12,-3.32,88.21,96.56,8.35,仅观察,时间外验证存在稳定提升,时间外验证存在稳定提升
macro-regime,late_cycle_2025_2026,2025-2026后周期/风险重估,策略适配树,5,trendLong,趋势追多,弱参考,弱参考,509,509,50.49,50.49,0,0,0,0,50.49,50.49,0,0,0,0,0,0,0,-49.51,-49.51,0,0,0,0,50.49,50.49,0,宏观影响小,相对基准提升不足5%；验证精度不足55%,相对基准提升不足5%；验证精度不足55%
macro-regime,late_cycle_2025_2026,2025-2026后周期/风险重估,策略适配树,5,trendShort,趋势做空,弱参考,弱参考,509,509,50.49,50.49,0,0,0,0,0,0,0,-49.51,-49.51,0,50.49,50.49,0,0,0,0,0,0,0,50.49,50.49,0,宏观影响小,相对基准提升不足5%；验证精度不足55%,相对基准提升不足5%；验证精度不足55%
macro-regime,late_cycle_2025_2026,2025-2026后周期/风险重估,策略适配树,5,waitDefense,防守等待,弱参考,弱参考,509,509,58.74,58.74,0,0,0,0,58.74,58.74,0,0,0,0,0,0,0,-41.26,-41.26,0,0,0,0,58.74,58.74,0,宏观影响小,相对基准提升不足5%,相对基准提升不足5%
macro-regime,late_cycle_2025_2026,2025-2026后周期/风险重估,策略适配树,10,breakoutDown,向下突破,弱参考,弱参考,504,504,60.91,60.91,0,0,0,0,60.91,60.91,0,0,0,0,0,0,0,-39.09,-39.09,0,0,0,0,60.91,60.91,0,宏观影响小,相对基准提升不足5%,相对基准提升不足5%
macro-regime,late_cycle_2025_2026,2025-2026后周期/风险重估,策略适配树,10,breakoutUp,向上突破,弱参考,弱参考,504,504,57.34,55.75,-1.59,-0.4,-1.98,-1.58,60.8,57.76,-3.04,3.06,0.02,-3.04,49.34,42.42,-6.92,7.08,0.16,-6.92,7.08,0.16,-6.92,60.8,57.76,-3.04,不保留宏观,没有通过适合/不适合信号完整门槛,相对基准提升不足5%
macro-regime,late_cycle_2025_2026,2025-2026后周期/风险重估,策略适配树,10,gridNeutral,震荡网格,弱参考,弱参考,504,504,86.11,86.11,0,0,0,0,86.11,86.11,0,0,0,0,0,0,0,-13.89,-13.89,0,0,0,0,86.11,86.11,0,宏观影响小,相对基准提升不足5%,相对基准提升不足5%
macro-regime,late_cycle_2025_2026,2025-2026后周期/风险重估,策略适配树,10,meanReversionLong,低吸均值回归,弱参考,弱参考,504,504,86.31,83.93,-2.38,-0.2,-2.58,-2.38,47.83,34.88,-12.95,34.33,21.39,-12.94,88.15,88.5,0.35,1.64,2,0.36,34.33,21.39,-12.94,88.15,88.5,0.35,仅观察,没有通过适合/不适合信号完整门槛,没有通过适合/不适合信号完整门槛
macro-regime,late_cycle_2025_2026,2025-2026后周期/风险重估,策略适配树,10,meanReversionShort,高抛均值回归,弱参考,弱参考,504,504,83.13,81.35,-1.78,0,-1.79,-1.79,0,26.32,26.32,-16.87,9.45,26.32,83.13,83.51,0.38,0,0.37,0.37,0,9.45,9.45,83.13,83.51,0.38,仅观察,相对基准提升不足5%,没有通过适合/不适合信号完整门槛
macro-regime,late_cycle_2025_2026,2025-2026后周期/风险重估,策略适配树,10,trendLong,趋势追多,弱参考,弱参考,504,504,51.79,46.63,-5.16,-0.4,-5.56,-5.16,49.3,45.65,-3.65,1.48,-2.17,-3.65,52.76,48.35,-4.41,0.58,-3.83,-4.41,1.48,-2.17,-3.65,52.76,48.35,-4.41,仅观察,相对基准提升不足5%；验证精度不足55%,相对基准提升不足5%；验证精度不足55%
macro-regime,late_cycle_2025_2026,2025-2026后周期/风险重估,策略适配树,10,trendShort,趋势做空,弱参考,弱参考,504,504,51.79,46.63,-5.16,-0.4,-5.56,-5.16,52.76,48.35,-4.41,0.58,-3.83,-4.41,49.3,45.65,-3.65,1.48,-2.17,-3.65,1.48,-2.17,-3.65,52.76,48.35,-4.41,仅观察,相对基准提升不足5%；验证精度不足55%,相对基准提升不足5%；验证精度不足55%
macro-regime,late_cycle_2025_2026,2025-2026后周期/风险重估,策略适配树,10,waitDefense,防守等待,弱参考,弱参考,504,504,65.48,65.48,0,0,0,0,65.48,65.48,0,0,0,0,0,0,0,-34.52,-34.52,0,0,0,0,65.48,65.48,0,宏观影响小,相对基准提升不足5%,相对基准提升不足5%
macro-regime,liquidity_bull_2020_2021,2020-2021宽松牛市,波动变化树,1,,,弱参考,弱参考,680,680,72.06,72.06,0,0.29,0.29,0,0,0,0,0,0,0,0,0,0,-100,-100,0,0.29,0.29,0,72.06,72.06,0,宏观影响小,相对多数类基准提升不足5%,相对多数类基准提升不足5%
macro-regime,liquidity_bull_2020_2021,2020-2021宽松牛市,波动变化树,3,,,弱参考,弱参考,680,680,35.88,34.26,-1.62,-8.53,-10.15,-1.62,0,0,0,0,0,0,0,0,0,-100,-100,0,-8.53,-10.15,-1.62,35.88,34.26,-1.62,宏观影响小,准确率低于50%；相对多数类基准提升不足5%,准确率低于50%；相对多数类基准提升不足5%
macro-regime,liquidity_bull_2020_2021,2020-2021宽松牛市,波动变化树,5,,,弱参考,弱参考,680,680,42.21,42.21,0,-0.29,-0.29,0,0,0,0,0,0,0,0,0,0,-100,-100,0,-0.29,-0.29,0,42.21,42.21,0,宏观影响小,准确率低于50%；相对多数类基准提升不足5%,准确率低于50%；相对多数类基准提升不足5%
macro-regime,liquidity_bull_2020_2021,2020-2021宽松牛市,波动变化树,10,,,弱参考,弱参考,680,680,47.35,51.32,3.97,-4.12,-0.15,3.97,0,0,0,0,0,0,0,0,0,-100,-100,0,-4.12,-0.15,3.97,47.35,51.32,3.97,仅观察,准确率低于50%；相对多数类基准提升不足5%,相对多数类基准提升不足5%
macro-regime,liquidity_bull_2020_2021,2020-2021宽松牛市,策略适配树,1,breakoutDown,向下突破,弱参考,弱参考,680,680,88.97,88.97,0,0,0,0,0,0,0,-11.03,-11.03,0,88.97,88.97,0,0,0,0,0,0,0,88.97,88.97,0,宏观影响小,相对基准提升不足5%,相对基准提升不足5%
macro-regime,liquidity_bull_2020_2021,2020-2021宽松牛市,策略适配树,1,breakoutUp,向上突破,弱参考,弱参考,680,680,85.59,85.59,0,0,0,0,0,0,0,-14.41,-14.41,0,85.59,85.59,0,0,0,0,0,0,0,85.59,85.59,0,宏观影响小,相对基准提升不足5%,相对基准提升不足5%
macro-regime,liquidity_bull_2020_2021,2020-2021宽松牛市,策略适配树,1,gridNeutral,震荡网格,弱参考,弱参考,680,680,84.26,84.26,0,0,0,0,84.26,84.26,0,0,0,0,0,0,0,-15.74,-15.74,0,0,0,0,84.26,84.26,0,宏观影响小,相对基准提升不足5%,相对基准提升不足5%
macro-regime,liquidity_bull_2020_2021,2020-2021宽松牛市,策略适配树,1,meanReversionLong,低吸均值回归,弱参考,弱参考,680,680,84.85,84.71,-0.14,-0.88,-1.03,-0.15,41.67,45.68,4.01,27.4,31.41,4.01,87.27,89.98,2.71,1.53,4.25,2.72,27.4,31.41,4.01,87.27,89.98,2.71,仅观察,没有通过适合/不适合信号完整门槛,没有通过适合/不适合信号完整门槛
macro-regime,liquidity_bull_2020_2021,2020-2021宽松牛市,策略适配树,1,meanReversionShort,高抛均值回归,强参考,强参考,680,680,67.65,67.65,0,-6.62,-6.62,0,40.34,40.34,0,14.61,14.61,0,81.88,81.88,0,7.61,7.61,0,14.61,14.61,0,81.88,81.88,0,宏观影响小,时间外验证存在稳定提升,时间外验证存在稳定提升
macro-regime,liquidity_bull_2020_2021,2020-2021宽松牛市,策略适配树,1,trendLong,趋势追多,弱参考,弱参考,680,680,55.29,51.76,-3.53,0,-3.53,-3.53,55.29,56.22,0.93,0,0.92,0.92,0,45.92,45.92,-44.71,1.21,45.92,0,1.21,1.21,55.29,56.22,0.93,宏观影响小,相对基准提升不足5%,相对基准提升不足5%
macro-regime,liquidity_bull_2020_2021,2020-2021宽松牛市,策略适配树,1,trendShort,趋势做空,弱参考,弱参考,680,680,55.29,51.76,-3.53,0,-3.53,-3.53,0,45.92,45.92,-44.71,1.21,45.92,55.29,56.22,0.93,0,0.92,0.92,0,1.21,1.21,55.29,56.22,0.93,宏观影响小,相对基准提升不足5%,相对基准提升不足5%
macro-regime,liquidity_bull_2020_2021,2020-2021宽松牛市,策略适配树,1,waitDefense,防守等待,弱参考,弱参考,680,680,54.71,50.88,-3.83,0,-3.82,-3.82,0,45.52,45.52,-45.29,0.22,45.51,54.71,54.87,0.16,0,0.17,0.17,0,0.22,0.22,54.71,54.87,0.16,宏观影响小,相对基准提升不足5%；验证精度不足55%,相对基准提升不足5%；验证精度不足55%
macro-regime,liquidity_bull_2020_2021,2020-2021宽松牛市,策略适配树,3,breakoutDown,向下突破,弱参考,弱参考,680,680,60.15,66.62,6.47,-10.74,-4.26,6.48,30.05,37.82,7.77,0.94,8.7,7.76,71.23,72.73,1.5,0.35,1.84,1.49,0.94,8.7,7.76,71.23,72.73,1.5,仅观察,相对基准提升不足5%,没有通过适合/不适合信号完整门槛
macro-regime,liquidity_bull_2020_2021,2020-2021宽松牛市,策略适配树,3,breakoutUp,向上突破,强参考,弱参考,680,680,63.09,61.76,-1.33,1.32,0,-1.32,55.06,0,-55.06,16.82,-38.24,-55.06,64.3,61.76,-2.54,2.53,0,-2.53,16.82,0,-16.82,64.3,61.76,-2.54,不保留宏观,时间外验证存在稳定提升,相对基准提升不足5%
macro-regime,liquidity_bull_2020_2021,2020-2021宽松牛市,策略适配树,3,gridNeutral,震荡网格,弱参考,弱参考,680,680,79.41,79.41,0,-3.68,-3.68,0,84.55,84.55,0,1.46,1.46,0,30.77,30.77,0,13.86,13.86,0,13.86,13.86,0,84.55,84.55,0,宏观影响小,没有通过适合/不适合信号完整门槛,没有通过适合/不适合信号完整门槛
macro-regime,liquidity_bull_2020_2021,2020-2021宽松牛市,策略适配树,3,meanReversionLong,低吸均值回归,弱参考,弱参考,680,680,87.21,87.21,0,0.44,0.44,0,56.52,56.52,0,43.29,43.29,0,88.28,88.28,0,1.52,1.52,0,43.29,43.29,0,88.28,88.28,0,宏观影响小,没有通过适合/不适合信号完整门槛,没有通过适合/不适合信号完整门槛
macro-regime,liquidity_bull_2020_2021,2020-2021宽松牛市,策略适配树,3,meanReversionShort,高抛均值回归,弱参考,弱参考,680,680,73.38,73.38,0,-4.41,-4.41,0,38.46,38.46,0,16.26,16.26,0,81.64,81.64,0,3.84,3.84,0,16.26,16.26,0,81.64,81.64,0,宏观影响小,没有通过适合/不适合信号完整门槛,没有通过适合/不适合信号完整门槛
macro-regime,liquidity_bull_2020_2021,2020-2021宽松牛市,策略适配树,3,trendLong,趋势追多,弱参考,弱参考,680,680,54.71,55,0.29,-4.12,-3.82,0.3,60.27,61.87,1.6,1.44,3.05,1.61,43.97,45.42,1.45,2.79,4.25,1.46,2.79,4.25,1.46,60.27,61.87,1.6,宏观影响小,相对基准提升不足5%,相对基准提升不足5%
macro-regime,liquidity_bull_2020_2021,2020-2021宽松牛市,策略适配树,3,trendShort,趋势做空,弱参考,弱参考,680,680,54.71,55,0.29,-4.12,-3.82,0.3,43.97,45.42,1.45,2.79,4.25,1.46,60.27,61.87,1.6,1.44,3.05,1.61,2.79,4.25,1.46,60.27,61.87,1.6,宏观影响小,相对基准提升不足5%,相对基准提升不足5%
macro-regime,liquidity_bull_2020_2021,2020-2021宽松牛市,策略适配树,3,waitDefense,防守等待,弱参考,弱参考,680,680,51.47,50.15,-1.32,-2.35,-3.68,-1.33,47.56,47.32,-0.24,1.38,1.15,-0.23,55.11,56.34,1.23,1.29,2.51,1.22,1.38,2.51,1.13,55.11,56.34,1.23,宏观影响小,相对基准提升不足5%,相对基准提升不足5%
macro-regime,liquidity_bull_2020_2021,2020-2021宽松牛市,策略适配树,5,breakoutDown,向下突破,弱参考,弱参考,680,680,60,60,0,-0.29,-0.29,0,48,48,0,8.29,8.29,0,60.95,60.95,0,0.66,0.66,0,8.29,8.29,0,60.95,60.95,0,宏观影响小,没有通过适合/不适合信号完整门槛,没有通过适合/不适合信号完整门槛
macro-regime,liquidity_bull_2020_2021,2020-2021宽松牛市,策略适配树,5,breakoutUp,向上突破,观察,观察,680,680,50.15,49.56,-0.59,-2.5,-3.09,-0.59,60,57.73,-2.27,7.35,5.08,-2.27,48.55,48.2,-0.35,1.19,0.85,-0.34,7.35,5.08,-2.27,60,57.73,-2.27,宏观影响小,时间外验证有提升，但还不够强,时间外验证有提升，但还不够强
macro-regime,liquidity_bull_2020_2021,2020-2021宽松牛市,策略适配树,5,gridNeutral,震荡网格,弱参考,弱参考,680,680,74.41,66.91,-7.5,-4.12,-11.62,-7.5,78.13,80.84,2.71,-0.4,2.31,2.71,15,27.93,12.93,-6.47,6.46,12.93,-0.4,6.46,6.86,78.13,80.84,2.71,仅观察,相对基准提升不足5%,没有通过适合/不适合信号完整门槛
macro-regime,liquidity_bull_2020_2021,2020-2021宽松牛市,策略适配树,5,meanReversionLong,低吸均值回归,弱参考,弱参考,680,680,87.94,87.94,0,0.29,0.29,0,54.17,54.17,0,41.81,41.81,0,89.18,89.18,0,1.53,1.53,0,41.81,41.81,0,89.18,89.18,0,宏观影响小,没有通过适合/不适合信号完整门槛,没有通过适合/不适合信号完整门槛
macro-regime,liquidity_bull_2020_2021,2020-2021宽松牛市,策略适配树,5,meanReversionShort,高抛均值回归,弱参考,强参考,680,680,74.71,71.76,-2.95,-3.38,-6.32,-2.94,25.53,37.85,12.32,3.62,15.94,12.32,78.36,83.7,5.34,0.27,5.61,5.34,3.62,15.94,12.32,78.36,83.7,5.34,保留宏观,相对基准提升不足5%,时间外验证存在稳定提升
macro-regime,liquidity_bull_2020_2021,2020-2021宽松牛市,策略适配树,5,trendLong,趋势追多,强参考,强参考,680,680,47.21,48.68,1.47,-11.32,-9.85,1.47,69.7,68.99,-0.71,11.17,10.46,-0.71,43.37,43.92,0.55,1.9,2.45,0.55,11.17,10.46,-0.71,69.7,68.99,-0.71,宏观影响小,时间外验证存在稳定提升,时间外验证存在稳定提升
macro-regime,liquidity_bull_2020_2021,2020-2021宽松牛市,策略适配树,5,trendShort,趋势做空,强参考,强参考,680,680,47.21,48.68,1.47,-11.32,-9.85,1.47,43.37,43.92,0.55,1.9,2.45,0.55,69.7,68.99,-0.71,11.17,10.46,-0.71,11.17,10.46,-0.71,69.7,68.99,-0.71,宏观影响小,时间外验证存在稳定提升,时间外验证存在稳定提升
macro-regime,liquidity_bull_2020_2021,2020-2021宽松牛市,策略适配树,5,waitDefense,防守等待,弱参考,弱参考,680,680,49.85,46.47,-3.38,-1.03,-4.41,-3.38,50.48,48.04,-2.44,-0.4,-2.84,-2.44,47.83,43.18,-4.65,-1.29,-5.94,-4.65,-0.4,-2.84,-2.44,50.48,48.04,-2.44,宏观影响小,相对基准提升不足5%；验证精度不足55%,相对基准提升不足5%；验证精度不足55%
macro-regime,liquidity_bull_2020_2021,2020-2021宽松牛市,策略适配树,10,breakoutDown,向下突破,弱参考,弱参考,680,680,48.38,51.76,3.38,-4.12,-0.74,3.38,51.07,52.25,1.18,-1.43,-0.25,1.18,46.5,42.86,-3.64,-1,-4.64,-3.64,-1,-0.25,0.75,51.07,52.25,1.18,宏观影响小,相对基准提升不足5%；验证精度不足55%,相对基准提升不足5%；验证精度不足55%
macro-regime,liquidity_bull_2020_2021,2020-2021宽松牛市,策略适配树,10,breakoutUp,向上突破,弱参考,弱参考,680,680,53.82,49.41,-4.41,-13.24,-17.65,-4.41,71.78,68.79,-2.99,4.72,1.73,-2.99,37.29,34.29,-3,4.35,1.35,-3,4.72,1.73,-2.99,71.78,68.79,-2.99,宏观影响小,相对基准提升不足5%,相对基准提升不足5%
macro-regime,liquidity_bull_2020_2021,2020-2021宽松牛市,策略适配树,10,gridNeutral,震荡网格,强参考,强参考,680,680,63.97,63.97,0,-13.53,-13.53,0,83.89,83.89,0,6.39,6.39,0,32.58,32.58,0,10.08,10.08,0,10.08,10.08,0,83.89,83.89,0,宏观影响小,时间外验证存在稳定提升,时间外验证存在稳定提升
macro-regime,liquidity_bull_2020_2021,2020-2021宽松牛市,策略适配树,10,meanReversionLong,低吸均值回归,弱参考,弱参考,680,680,90,90.29,0.29,-0.59,-0.29,0.3,38.89,48.33,9.44,29.48,38.92,9.44,91.39,94.35,2.96,0.8,3.77,2.97,29.48,38.92,9.44,91.39,94.35,2.96,仅观察,没有通过适合/不适合信号完整门槛,没有通过适合/不适合信号完整门槛
macro-regime,liquidity_bull_2020_2021,2020-2021宽松牛市,策略适配树,10,meanReversionShort,高抛均值回归,弱参考,弱参考,680,680,73.97,73.97,0,-9.71,-9.71,0,26.09,26.09,0,9.76,9.76,0,86.16,86.16,0,2.49,2.49,0,9.76,9.76,0,86.16,86.16,0,宏观影响小,没有通过适合/不适合信号完整门槛,没有通过适合/不适合信号完整门槛
macro-regime,liquidity_bull_2020_2021,2020-2021宽松牛市,策略适配树,10,trendLong,趋势追多,观察,弱参考,680,680,45.44,44.56,-0.88,-17.21,-18.09,-0.88,69.5,66.67,-2.83,6.86,4.02,-2.84,39.15,38.46,-0.69,1.79,1.11,-0.68,6.86,4.02,-2.84,69.5,66.67,-2.83,不保留宏观,时间外验证有提升，但还不够强,相对基准提升不足5%
macro-regime,liquidity_bull_2020_2021,2020-2021宽松牛市,策略适配树,10,trendShort,趋势做空,观察,弱参考,680,680,45.44,44.56,-0.88,-17.21,-18.09,-0.88,39.15,38.46,-0.69,1.79,1.11,-0.68,69.5,66.67,-2.83,6.86,4.02,-2.84,6.86,4.02,-2.84,69.5,66.67,-2.83,不保留宏观,时间外验证有提升，但还不够强,相对基准提升不足5%
macro-regime,liquidity_bull_2020_2021,2020-2021宽松牛市,策略适配树,10,waitDefense,防守等待,弱参考,弱参考,680,680,57.06,55.15,-1.91,0.74,-1.18,-1.92,57.83,56.19,-1.64,1.51,-0.13,-1.64,52.53,42,-10.53,8.85,-1.68,-10.53,8.85,-0.13,-8.98,57.83,56.19,-1.64,不保留宏观,没有通过适合/不适合信号完整门槛,相对基准提升不足5%
macro-regime,repair_2023,2023流动性修复,波动变化树,1,,,弱参考,弱参考,365,365,80.27,80.27,0,0.27,0.27,0,0,0,0,0,0,0,0,0,0,-100,-100,0,0.27,0.27,0,80.27,80.27,0,宏观影响小,相对多数类基准提升不足5%,相对多数类基准提升不足5%
macro-regime,repair_2023,2023流动性修复,波动变化树,3,,,弱参考,弱参考,365,365,43.56,43.56,0,-3.29,-3.29,0,0,0,0,0,0,0,0,0,0,-100,-100,0,-3.29,-3.29,0,43.56,43.56,0,宏观影响小,准确率低于50%；相对多数类基准提升不足5%,准确率低于50%；相对多数类基准提升不足5%
macro-regime,repair_2023,2023流动性修复,波动变化树,5,,,弱参考,弱参考,365,365,34.79,35.62,0.83,-9.04,-8.22,0.82,0,0,0,0,0,0,0,0,0,-100,-100,0,-9.04,-8.22,0.82,34.79,35.62,0.83,宏观影响小,准确率低于50%；相对多数类基准提升不足5%,准确率低于50%；相对多数类基准提升不足5%
macro-regime,repair_2023,2023流动性修复,波动变化树,10,,,弱参考,弱参考,365,365,45.21,41.64,-3.57,7.95,4.38,-3.57,0,0,0,0,0,0,0,0,0,-100,-100,0,7.95,4.38,-3.57,45.21,41.64,-3.57,仅观察,准确率低于50%,准确率低于50%；相对多数类基准提升不足5%
macro-regime,repair_2023,2023流动性修复,策略适配树,1,breakoutDown,向下突破,弱参考,弱参考,365,365,89.86,89.86,0,0,0,0,0,0,0,-10.14,-10.14,0,89.86,89.86,0,0,0,0,0,0,0,89.86,89.86,0,宏观影响小,相对基准提升不足5%,相对基准提升不足5%
macro-regime,repair_2023,2023流动性修复,策略适配树,1,breakoutUp,向上突破,弱参考,弱参考,365,365,84.93,84.93,0,0,0,0,0,0,0,-15.07,-15.07,0,84.93,84.93,0,0,0,0,0,0,0,84.93,84.93,0,宏观影响小,相对基准提升不足5%,相对基准提升不足5%
macro-regime,repair_2023,2023流动性修复,策略适配树,1,gridNeutral,震荡网格,弱参考,弱参考,365,365,84.66,84.66,0,0,0,0,84.66,84.66,0,0,0,0,0,0,0,-15.34,-15.34,0,0,0,0,84.66,84.66,0,宏观影响小,相对基准提升不足5%,相对基准提升不足5%
macro-regime,repair_2023,2023流动性修复,策略适配树,1,meanReversionLong,低吸均值回归,弱参考,弱参考,365,365,83.01,83.01,0,0,0,0,0,0,0,-16.99,-16.99,0,83.01,83.01,0,0,0,0,0,0,0,83.01,83.01,0,宏观影响小,相对基准提升不足5%,相对基准提升不足5%
macro-regime,repair_2023,2023流动性修复,策略适配树,1,meanReversionShort,高抛均值回归,弱参考,弱参考,365,365,74.25,74.25,0,0,0,0,0,0,0,-25.75,-25.75,0,74.25,74.25,0,0,0,0,0,0,0,74.25,74.25,0,宏观影响小,相对基准提升不足5%,相对基准提升不足5%
macro-regime,repair_2023,2023流动性修复,策略适配树,1,trendLong,趋势追多,弱参考,弱参考,365,365,51.78,51.78,0,0,0,0,51.78,51.78,0,0,0,0,0,0,0,-48.22,-48.22,0,0,0,0,51.78,51.78,0,宏观影响小,相对基准提升不足5%；验证精度不足55%,相对基准提升不足5%；验证精度不足55%
macro-regime,repair_2023,2023流动性修复,策略适配树,1,trendShort,趋势做空,弱参考,弱参考,365,365,51.78,51.78,0,0,0,0,0,0,0,-48.22,-48.22,0,51.78,51.78,0,0,0,0,0,0,0,51.78,51.78,0,宏观影响小,相对基准提升不足5%；验证精度不足55%,相对基准提升不足5%；验证精度不足55%
macro-regime,repair_2023,2023流动性修复,策略适配树,1,waitDefense,防守等待,弱参考,弱参考,365,365,51.23,51.23,0,0,0,0,0,0,0,-48.77,-48.77,0,51.23,51.23,0,0,0,0,0,0,0,51.23,51.23,0,宏观影响小,相对基准提升不足5%；验证精度不足55%,相对基准提升不足5%；验证精度不足55%
macro-regime,repair_2023,2023流动性修复,策略适配树,3,breakoutDown,向下突破,弱参考,弱参考,365,365,69.86,69.86,0,0.27,0.27,0,100,100,0,69.59,69.59,0,69.78,69.78,0,0.19,0.19,0,69.59,69.59,0,100,100,0,宏观影响小,没有通过适合/不适合信号完整门槛,没有通过适合/不适合信号完整门槛
macro-regime,repair_2023,2023流动性修复,策略适配树,3,breakoutUp,向上突破,弱参考,弱参考,365,365,51.78,61.92,10.14,-10.14,0,10.14,33.63,0,-33.63,-4.45,-38.08,-33.63,59.92,61.92,2,-2,0,2,-2,0,2,59.92,61.92,2,宏观影响小,相对基准提升不足5%,相对基准提升不足5%
macro-regime,repair_2023,2023流动性修复,策略适配树,3,gridNeutral,震荡网格,弱参考,弱参考,365,365,82.19,81.92,-0.27,0,-0.27,-0.27,82.19,83.05,0.86,0,0.86,0.86,0,45.45,45.45,-17.81,27.65,45.46,0,27.65,27.65,82.19,83.05,0.86,仅观察,相对基准提升不足5%,没有通过适合/不适合信号完整门槛
macro-regime,repair_2023,2023流动性修复,策略适配树,3,meanReversionLong,低吸均值回归,弱参考,弱参考,365,365,83.56,83.84,0.28,-0.27,0,0.27,0,0,0,-16.16,-16.16,0,83.79,83.84,0.05,-0.04,0,0.04,-0.04,0,0.04,83.79,83.84,0.05,宏观影响小,相对基准提升不足5%,相对基准提升不足5%
macro-regime,repair_2023,2023流动性修复,策略适配树,3,meanReversionShort,高抛均值回归,弱参考,弱参考,365,365,75.89,76.16,0.27,-0.27,0,0.27,0,0,0,-23.84,-23.84,0,76.1,76.16,0.06,-0.07,0,0.07,-0.07,0,0.07,76.1,76.16,0.06,宏观影响小,相对基准提升不足5%,相对基准提升不足5%
macro-regime,repair_2023,2023流动性修复,策略适配树,3,trendLong,趋势追多,弱参考,弱参考,365,365,50.96,48.77,-2.19,-2.47,-4.66,-2.19,53.42,100,46.58,-0.01,46.58,46.59,46.56,47.62,1.06,-0.01,1.04,1.05,-0.01,46.58,46.59,53.42,100,46.58,仅观察,相对基准提升不足5%；验证精度不足55%,没有通过适合/不适合信号完整门槛
macro-regime,repair_2023,2023流动性修复,策略适配树,3,trendShort,趋势做空,弱参考,弱参考,365,365,50.96,48.77,-2.19,-2.47,-4.66,-2.19,46.56,47.62,1.06,-0.01,1.04,1.05,53.42,100,46.58,-0.01,46.58,46.59,-0.01,46.58,46.59,53.42,100,46.58,仅观察,相对基准提升不足5%；验证精度不足55%,没有通过适合/不适合信号完整门槛
macro-regime,repair_2023,2023流动性修复,策略适配树,3,waitDefense,防守等待,弱参考,弱参考,365,365,50.68,52.05,1.37,0,1.37,1.37,50.68,51.39,0.71,0,0.7,0.7,0,100,100,-49.32,50.68,100,0,50.68,50.68,50.68,100,49.32,仅观察,相对基准提升不足5%；验证精度不足55%,没有通过适合/不适合信号完整门槛
macro-regime,repair_2023,2023流动性修复,策略适配树,5,breakoutDown,向下突破,弱参考,弱参考,365,365,52.33,49.86,-2.47,-6.58,-9.04,-2.46,38.46,40.35,1.89,-2.63,-0.75,1.88,57.85,58.25,0.4,-1.05,-0.66,0.39,-1.05,-0.66,0.39,57.85,58.25,0.4,宏观影响小,相对基准提升不足5%,相对基准提升不足5%
macro-regime,repair_2023,2023流动性修复,策略适配树,5,breakoutUp,向上突破,弱参考,弱参考,365,365,53.15,53.15,0,0.82,0.82,0,54.5,56.49,1.99,2.18,4.16,1.98,51.05,50.71,-0.34,3.38,3.04,-0.34,3.38,4.16,0.78,54.5,56.49,1.99,宏观影响小,相对基准提升不足5%；验证精度不足55%,相对基准提升不足5%
macro-regime,repair_2023,2023流动性修复,策略适配树,5,gridNeutral,震荡网格,弱参考,弱参考,365,365,72.6,67.95,-4.65,-7.67,-12.33,-4.66,82.06,81.88,-0.18,1.79,1.61,-0.18,28.13,24.72,-3.41,8.4,4.99,-3.41,8.4,4.99,-3.41,82.06,81.88,-0.18,仅观察,没有通过适合/不适合信号完整门槛,相对基准提升不足5%
macro-regime,repair_2023,2023流动性修复,策略适配树,5,meanReversionLong,低吸均值回归,弱参考,弱参考,365,365,85.48,85.48,0,0,0,0,0,0,0,-14.52,-14.52,0,85.48,85.48,0,0,0,0,0,0,0,85.48,85.48,0,宏观影响小,相对基准提升不足5%,相对基准提升不足5%
macro-regime,repair_2023,2023流动性修复,策略适配树,5,meanReversionShort,高抛均值回归,弱参考,弱参考,365,365,79.45,79.18,-0.27,-0.55,-0.82,-0.27,43.75,47.06,3.31,23.75,27.06,3.31,81.09,84.39,3.3,1.09,4.39,3.3,23.75,27.06,3.31,81.09,84.39,3.3,仅观察,没有通过适合/不适合信号完整门槛,没有通过适合/不适合信号完整门槛
macro-regime,repair_2023,2023流动性修复,策略适配树,5,trendLong,趋势追多,弱参考,弱参考,365,365,47.67,48.22,0.55,-6.3,-5.75,0.55,52.42,100,47.58,-1.55,46.03,47.58,45.23,47.06,1.83,-0.8,1.03,1.83,-0.8,46.03,46.83,52.42,100,47.58,仅观察,相对基准提升不足5%；验证精度不足55%,没有通过适合/不适合信号完整门槛
macro-regime,repair_2023,2023流动性修复,策略适配树,5,trendShort,趋势做空,弱参考,弱参考,365,365,47.67,48.22,0.55,-6.3,-5.75,0.55,45.23,47.06,1.83,-0.8,1.03,1.83,52.42,100,47.58,-1.55,46.03,47.58,-0.8,46.03,46.83,52.42,100,47.58,仅观察,相对基准提升不足5%；验证精度不足55%,没有通过适合/不适合信号完整门槛
macro-regime,repair_2023,2023流动性修复,策略适配树,5,waitDefense,防守等待,弱参考,弱参考,365,365,54.25,52.6,-1.65,0,-1.64,-1.64,54.25,54.15,-0.1,0,-0.09,-0.09,0,45.31,45.31,-45.75,-0.44,45.31,0,-0.09,-0.09,54.25,54.15,-0.1,宏观影响小,相对基准提升不足5%；验证精度不足55%,相对基准提升不足5%；验证精度不足55%
macro-regime,repair_2023,2023流动性修复,策略适配树,10,breakoutDown,向下突破,弱参考,弱参考,365,365,45.48,52.6,7.12,-8.49,-1.37,7.12,49.48,54.62,5.14,-4.49,0.64,5.13,40.94,47.62,6.68,-5.09,1.59,6.68,-4.49,1.59,6.08,49.48,54.62,5.14,仅观察,相对基准提升不足5%；验证精度不足55%,相对基准提升不足5%；验证精度不足55%
macro-regime,repair_2023,2023流动性修复,策略适配树,10,breakoutUp,向上突破,弱参考,观察,365,365,57.53,43.84,-13.69,-11.78,-25.48,-13.7,73.33,74.49,1.16,4.02,5.17,1.15,36.13,32.58,-3.55,5.44,1.9,-3.54,5.44,5.17,-0.27,73.33,74.49,1.16,保留宏观,没有通过适合/不适合信号完整门槛,时间外验证有提升，但还不够强
macro-regime,repair_2023,2023流动性修复,策略适配树,10,gridNeutral,震荡网格,观察,观察,365,365,56.71,56.71,0,-18.9,-18.9,0,82.42,82.42,0,6.8,6.8,0,31.15,31.15,0,6.76,6.76,0,6.8,6.8,0,82.42,82.42,0,宏观影响小,时间外验证有提升，但还不够强,时间外验证有提升，但还不够强
macro-regime,repair_2023,2023流动性修复,策略适配树,10,meanReversionLong,低吸均值回归,弱参考,弱参考,365,365,87.4,87.4,0,-0.27,-0.27,0,33.33,33.33,0,21,21,0,87.85,87.85,0,0.17,0.17,0,21,21,0,87.85,87.85,0,宏观影响小,没有通过适合/不适合信号完整门槛,没有通过适合/不适合信号完整门槛
macro-regime,repair_2023,2023流动性修复,策略适配树,10,meanReversionShort,高抛均值回归,弱参考,弱参考,365,365,81.92,80.55,-1.37,-0.82,-2.19,-1.37,36.36,30,-6.36,19.1,12.74,-6.36,83.33,83.48,0.15,0.59,0.74,0.15,19.1,12.74,-6.36,83.33,83.48,0.15,仅观察,没有通过适合/不适合信号完整门槛,没有通过适合/不适合信号完整门槛
macro-regime,repair_2023,2023流动性修复,策略适配树,10,trendLong,趋势追多,弱参考,强参考,365,365,52.88,55.07,2.19,-5.75,-3.56,2.19,60.29,68.38,8.09,1.66,9.75,8.09,43.48,47.16,3.68,2.11,5.79,3.68,2.11,9.75,7.64,60.29,68.38,8.09,保留宏观,相对基准提升不足5%,时间外验证存在稳定提升
macro-regime,repair_2023,2023流动性修复,策略适配树,10,trendShort,趋势做空,弱参考,强参考,365,365,52.88,55.07,2.19,-5.75,-3.56,2.19,43.48,47.16,3.68,2.11,5.79,3.68,60.29,68.38,8.09,1.66,9.75,8.09,2.11,9.75,7.64,60.29,68.38,8.09,保留宏观,相对基准提升不足5%,时间外验证存在稳定提升
macro-regime,repair_2023,2023流动性修复,策略适配树,10,waitDefense,防守等待,弱参考,弱参考,365,365,47.4,60.27,12.87,-12.88,0,12.88,55.43,60.27,4.84,-4.85,0,4.85,28.04,0,-28.04,-11.69,-39.73,-28.04,-4.85,0,4.85,55.43,60.27,4.84,仅观察,相对基准提升不足5%,相对基准提升不足5%
macro-regime,tightening_bear_2021_2022,2021-2022加息熊市,波动变化树,1,,,弱参考,弱参考,416,416,79.57,79.57,0,3.37,3.37,0,0,0,0,0,0,0,0,0,0,-100,-100,0,3.37,3.37,0,79.57,79.57,0,宏观影响小,相对多数类基准提升不足5%,相对多数类基准提升不足5%
macro-regime,tightening_bear_2021_2022,2021-2022加息熊市,波动变化树,3,,,弱参考,弱参考,416,416,43.99,43.99,0,4.09,4.09,0,0,0,0,0,0,0,0,0,0,-100,-100,0,4.09,4.09,0,43.99,43.99,0,宏观影响小,准确率低于50%；相对多数类基准提升不足5%,准确率低于50%；相对多数类基准提升不足5%
macro-regime,tightening_bear_2021_2022,2021-2022加息熊市,波动变化树,5,,,弱参考,弱参考,416,416,45.91,48.8,2.89,0.24,3.13,2.89,0,0,0,0,0,0,0,0,0,-100,-100,0,0.24,3.13,2.89,45.91,48.8,2.89,宏观影响小,准确率低于50%；相对多数类基准提升不足5%,准确率低于50%；相对多数类基准提升不足5%
macro-regime,tightening_bear_2021_2022,2021-2022加息熊市,波动变化树,10,,,弱参考,弱参考,416,416,54.57,54.81,0.24,2.16,2.4,0.24,0,0,0,0,0,0,0,0,0,-100,-100,0,2.16,2.4,0.24,54.57,54.81,0.24,宏观影响小,相对多数类基准提升不足5%,相对多数类基准提升不足5%
macro-regime,tightening_bear_2021_2022,2021-2022加息熊市,策略适配树,1,breakoutDown,向下突破,弱参考,弱参考,416,416,88.46,88.46,0,0,0,0,0,0,0,-11.54,-11.54,0,88.46,88.46,0,0,0,0,0,0,0,88.46,88.46,0,宏观影响小,相对基准提升不足5%,相对基准提升不足5%
macro-regime,tightening_bear_2021_2022,2021-2022加息熊市,策略适配树,1,breakoutUp,向上突破,弱参考,弱参考,416,416,91.59,91.59,0,0,0,0,0,0,0,-8.41,-8.41,0,91.59,91.59,0,0,0,0,0,0,0,91.59,91.59,0,宏观影响小,相对基准提升不足5%,相对基准提升不足5%
macro-regime,tightening_bear_2021_2022,2021-2022加息熊市,策略适配树,1,gridNeutral,震荡网格,弱参考,弱参考,416,416,88.94,88.94,0,0,0,0,88.94,88.94,0,0,0,0,0,0,0,-11.06,-11.06,0,0,0,0,88.94,88.94,0,宏观影响小,相对基准提升不足5%,相对基准提升不足5%
macro-regime,tightening_bear_2021_2022,2021-2022加息熊市,策略适配树,1,meanReversionLong,低吸均值回归,强参考,强参考,416,416,65.63,69.71,4.08,-5.77,-1.68,4.09,44.12,47.24,3.12,15.51,18.64,3.13,86.32,79.58,-6.74,14.93,8.19,-6.74,15.51,18.64,3.13,86.32,79.58,-6.74,仅观察,时间外验证存在稳定提升,时间外验证存在稳定提升
macro-regime,tightening_bear_2021_2022,2021-2022加息熊市,策略适配树,1,meanReversionShort,高抛均值回归,弱参考,弱参考,416,416,83.89,83.89,0,-0.48,-0.48,0,44.44,44.44,0,28.82,28.82,0,85.68,85.68,0,1.3,1.3,0,28.82,28.82,0,85.68,85.68,0,宏观影响小,没有通过适合/不适合信号完整门槛,没有通过适合/不适合信号完整门槛
macro-regime,tightening_bear_2021_2022,2021-2022加息熊市,策略适配树,1,trendLong,趋势追多,弱参考,弱参考,416,416,47.36,47.36,0,-5.29,-5.29,0,47.36,47.36,0,0,0,0,0,0,0,-52.64,-52.64,0,0,0,0,47.36,47.36,0,宏观影响小,相对基准提升不足5%；验证精度不足55%,相对基准提升不足5%；验证精度不足55%
macro-regime,tightening_bear_2021_2022,2021-2022加息熊市,策略适配树,1,trendShort,趋势做空,弱参考,弱参考,416,416,47.36,47.36,0,-5.29,-5.29,0,0,0,0,-52.64,-52.64,0,47.36,47.36,0,0,0,0,0,0,0,47.36,47.36,0,宏观影响小,相对基准提升不足5%；验证精度不足55%,相对基准提升不足5%；验证精度不足55%
macro-regime,tightening_bear_2021_2022,2021-2022加息熊市,策略适配树,1,waitDefense,防守等待,弱参考,弱参考,416,416,46.63,46.63,0,-6.73,-6.73,0,0,0,0,-53.37,-53.37,0,46.63,46.63,0,0,0,0,0,0,0,46.63,46.63,0,宏观影响小,相对基准提升不足5%；验证精度不足55%,相对基准提升不足5%；验证精度不足55%
macro-regime,tightening_bear_2021_2022,2021-2022加息熊市,策略适配树,3,breakoutDown,向下突破,弱参考,弱参考,416,416,67.79,67.79,0,0,0,0,0,0,0,-32.21,-32.21,0,67.79,67.79,0,0,0,0,0,0,0,67.79,67.79,0,宏观影响小,相对基准提升不足5%,相对基准提升不足5%
macro-regime,tightening_bear_2021_2022,2021-2022加息熊市,策略适配树,3,breakoutUp,向上突破,弱参考,弱参考,416,416,70.91,74.28,3.37,-4.09,-0.72,3.37,30.23,20,-10.23,5.23,-5,-10.23,75.6,74.94,-0.66,0.6,-0.06,-0.66,5.23,-0.06,-5.29,75.6,74.94,-0.66,不保留宏观,没有通过适合/不适合信号完整门槛,相对基准提升不足5%
macro-regime,tightening_bear_2021_2022,2021-2022加息熊市,策略适配树,3,gridNeutral,震荡网格,弱参考,弱参考,416,416,87.26,87.26,0,0,0,0,87.26,87.26,0,0,0,0,0,0,0,-12.74,-12.74,0,0,0,0,87.26,87.26,0,宏观影响小,相对基准提升不足5%,相对基准提升不足5%
macro-regime,tightening_bear_2021_2022,2021-2022加息熊市,策略适配树,3,meanReversionLong,低吸均值回归,强参考,弱参考,416,416,68.75,76.68,7.93,-8.17,-0.24,7.93,39.76,49.06,9.3,16.68,25.98,9.3,88,80.72,-7.28,11.08,3.79,-7.29,16.68,25.98,9.3,88,80.72,-7.28,不保留宏观,时间外验证存在稳定提升,没有通过适合/不适合信号完整门槛
macro-regime,tightening_bear_2021_2022,2021-2022加息熊市,策略适配树,3,meanReversionShort,高抛均值回归,弱参考,弱参考,416,416,86.78,84.62,-2.16,2.16,0,-2.16,69.57,0,-69.57,54.18,-15.38,-69.56,87.79,84.62,-3.17,3.17,0,-3.17,54.18,0,-54.18,87.79,84.62,-3.17,不保留宏观,没有通过适合/不适合信号完整门槛,相对基准提升不足5%
macro-regime,tightening_bear_2021_2022,2021-2022加息熊市,策略适配树,3,trendLong,趋势追多,弱参考,弱参考,416,416,44.47,49.52,5.05,-11.54,-6.49,5.05,43.62,44.21,0.59,-0.37,0.22,0.59,52.5,56.28,3.78,-3.51,0.27,3.78,-0.37,0.27,0.64,52.5,56.28,3.78,仅观察,相对基准提升不足5%；验证精度不足55%,相对基准提升不足5%
macro-regime,tightening_bear_2021_2022,2021-2022加息熊市,策略适配树,3,trendShort,趋势做空,弱参考,弱参考,416,416,44.47,49.52,5.05,-11.54,-6.49,5.05,52.5,56.28,3.78,-3.51,0.27,3.78,43.62,44.21,0.59,-0.37,0.22,0.59,-0.37,0.27,0.64,52.5,56.28,3.78,仅观察,相对基准提升不足5%；验证精度不足55%,相对基准提升不足5%
macro-regime,tightening_bear_2021_2022,2021-2022加息熊市,策略适配树,3,waitDefense,防守等待,弱参考,弱参考,416,416,41.83,44.23,2.4,-16.83,-14.42,2.41,52.5,61.11,8.61,-6.15,2.46,8.61,40.69,41.71,1.02,-0.65,0.37,1.02,-0.65,2.46,3.11,52.5,61.11,8.61,仅观察,相对基准提升不足5%；验证精度不足55%,相对基准提升不足5%
macro-regime,tightening_bear_2021_2022,2021-2022加息熊市,策略适配树,5,breakoutDown,向下突破,弱参考,弱参考,416,416,55.29,55.77,0.48,0.24,0.72,0.48,50.63,51.9,1.27,5.68,6.95,1.27,56.38,56.68,0.3,1.33,1.63,0.3,5.68,6.95,1.27,56.38,56.68,0.3,宏观影响小,没有通过适合/不适合信号完整门槛,没有通过适合/不适合信号完整门槛
macro-regime,tightening_bear_2021_2022,2021-2022加息熊市,策略适配树,5,breakoutUp,向上突破,弱参考,弱参考,416,416,61.06,61.78,0.72,-3.61,-2.88,0.73,38.1,30,-8.1,2.76,-5.34,-8.1,65.16,64.25,-0.91,0.49,-0.41,-0.9,2.76,-0.41,-3.17,65.16,64.25,-0.91,仅观察,相对基准提升不足5%,相对基准提升不足5%
macro-regime,tightening_bear_2021_2022,2021-2022加息熊市,策略适配树,5,gridNeutral,震荡网格,弱参考,弱参考,416,416,87.74,87.26,-0.48,0.48,0,-0.48,87.68,87.26,-0.42,0.42,0,-0.42,100,0,-100,87.26,-12.74,-100,87.26,0,-87.26,100,87.26,-12.74,不保留宏观,没有通过适合/不适合信号完整门槛,相对基准提升不足5%
macro-regime,tightening_bear_2021_2022,2021-2022加息熊市,策略适配树,5,meanReversionLong,低吸均值回归,弱参考,强参考,416,416,78.13,78.13,0,1.2,1.2,0,55.81,53.97,-1.84,32.74,30.89,-1.85,80.7,82.44,1.74,3.77,5.51,1.74,32.74,30.89,-1.85,80.7,82.44,1.74,保留宏观,没有通过适合/不适合信号完整门槛,时间外验证存在稳定提升
macro-regime,tightening_bear_2021_2022,2021-2022加息熊市,策略适配树,5,meanReversionShort,高抛均值回归,弱参考,弱参考,416,416,83.17,83.17,0,0,0,0,0,0,0,-16.83,-16.83,0,83.17,83.17,0,0,0,0,0,0,0,83.17,83.17,0,宏观影响小,相对基准提升不足5%,相对基准提升不足5%
macro-regime,tightening_bear_2021_2022,2021-2022加息熊市,策略适配树,5,trendLong,趋势追多,弱参考,弱参考,416,416,44.71,51.2,6.49,-12.74,-6.25,6.49,42.62,43.56,0.94,0.07,1.02,0.95,57.89,58.41,0.52,0.44,0.96,0.52,0.44,1.02,0.58,57.89,58.41,0.52,宏观影响小,相对基准提升不足5%,相对基准提升不足5%
macro-regime,tightening_bear_2021_2022,2021-2022加息熊市,策略适配树,5,trendShort,趋势做空,弱参考,弱参考,416,416,44.71,51.2,6.49,-12.74,-6.25,6.49,57.89,58.41,0.52,0.44,0.96,0.52,42.62,43.56,0.94,0.07,1.02,0.95,0.44,1.02,0.58,57.89,58.41,0.52,宏观影响小,相对基准提升不足5%,相对基准提升不足5%
macro-regime,tightening_bear_2021_2022,2021-2022加息熊市,策略适配树,5,waitDefense,防守等待,弱参考,弱参考,416,416,62.5,62.5,0,0,0,0,62.5,62.5,0,0,0,0,0,0,0,-37.5,-37.5,0,0,0,0,62.5,62.5,0,宏观影响小,相对基准提升不足5%,相对基准提升不足5%
macro-regime,tightening_bear_2021_2022,2021-2022加息熊市,策略适配树,10,breakoutDown,向下突破,强参考,强参考,416,416,61.78,62.26,0.48,0.72,1.2,0.48,73.63,71.56,-2.07,12.57,10.5,-2.07,50.7,51.31,0.61,11.76,12.37,0.61,12.57,12.37,-0.2,73.63,71.56,-2.07,宏观影响小,时间外验证存在稳定提升,时间外验证存在稳定提升
macro-regime,tightening_bear_2021_2022,2021-2022加息熊市,策略适配树,10,breakoutUp,向上突破,弱参考,弱参考,416,416,49.76,51.92,2.16,-0.48,1.68,2.16,50,51.82,1.82,-0.24,1.58,1.82,49.38,52.07,2.69,-0.38,2.31,2.69,-0.24,2.31,2.55,50,52.07,2.07,宏观影响小,相对基准提升不足5%；验证精度不足55%,相对基准提升不足5%；验证精度不足55%
macro-regime,tightening_bear_2021_2022,2021-2022加息熊市,策略适配树,10,gridNeutral,震荡网格,弱参考,弱参考,416,416,84.86,84.86,0,-1.92,-1.92,0,86.52,86.52,0,-0.26,-0.26,0,0,0,0,-13.22,-13.22,0,-0.26,-0.26,0,86.52,86.52,0,宏观影响小,相对基准提升不足5%,相对基准提升不足5%
macro-regime,tightening_bear_2021_2022,2021-2022加息熊市,策略适配树,10,meanReversionLong,低吸均值回归,强参考,弱参考,416,416,82.21,78.85,-3.36,3.85,0.48,-3.37,64.81,52.27,-12.54,43.18,30.64,-12.54,84.81,81.99,-2.82,6.44,3.62,-2.82,43.18,30.64,-12.54,84.81,81.99,-2.82,不保留宏观,时间外验证存在稳定提升,没有通过适合/不适合信号完整门槛
macro-regime,tightening_bear_2021_2022,2021-2022加息熊市,策略适配树,10,meanReversionShort,高抛均值回归,弱参考,弱参考,416,416,88.94,88.94,0,0,0,0,0,0,0,-11.06,-11.06,0,88.94,88.94,0,0,0,0,0,0,0,88.94,88.94,0,宏观影响小,相对基准提升不足5%,相对基准提升不足5%
macro-regime,tightening_bear_2021_2022,2021-2022加息熊市,策略适配树,10,trendLong,趋势追多,强参考,强参考,416,416,68.75,55.77,-12.98,10.58,-2.4,-12.98,62.5,48.06,-14.44,20.67,6.24,-14.43,73.33,68.35,-4.98,15.16,10.18,-4.98,20.67,10.18,-10.49,73.33,68.35,-4.98,不保留宏观,时间外验证存在稳定提升,时间外验证存在稳定提升
macro-regime,tightening_bear_2021_2022,2021-2022加息熊市,策略适配树,10,trendShort,趋势做空,强参考,强参考,416,416,68.75,55.77,-12.98,10.58,-2.4,-12.98,73.33,68.35,-4.98,15.16,10.18,-4.98,62.5,48.06,-14.44,20.67,6.24,-14.43,20.67,10.18,-10.49,73.33,68.35,-4.98,不保留宏观,时间外验证存在稳定提升,时间外验证存在稳定提升
macro-regime,tightening_bear_2021_2022,2021-2022加息熊市,策略适配树,10,waitDefense,防守等待,弱参考,弱参考,416,416,69.47,64.42,-5.05,0,-5.05,-5.05,69.47,68.7,-0.77,0,-0.77,-0.77,0,23.08,23.08,-30.53,-7.45,23.08,0,-0.77,-0.77,69.47,68.7,-0.77,宏观影响小,相对基准提升不足5%,相对基准提升不足5%
