treeType,horizon,routeKey,routeLabel,ruleId,predictionKey,prediction,samples,purityPct,conditions,distribution,topClass,topSharePct,secondClass,secondSharePct,edgePct,baselinePct,liftPct,fitProbabilityPct,notFitProbabilityPct,quality,auditReason
状态解释树,,,,1,1,S1 低波动压缩态,484,95.66,振幅/21日ATR百分位 <= 32.774 AND 3日ATR百分位 <= 28.3284 AND 趋势动能 <= 10.0662 AND 振幅/21日ATR <= 0.619,S1 低波动压缩态:95.7% | S5 下侧趋势共振态:2.3% | S4 上侧趋势共振态:1.9% | S2 中性震荡态:0.2%,S1 低波动压缩态,95.66,S5 下侧趋势共振态,2.27,93.39,19.86,75.8,,,强参考,样本、纯度、优势差距都达标
状态解释树,,,,2,2,S2 中性震荡态,463,82.29,振幅/21日ATR百分位 > 32.774 AND 8日ATR百分位 <= 39.446 AND 振幅/21日ATR <= 1.2356 AND 趋势动能 <= 4.512,S2 中性震荡态:82.3% | S5 下侧趋势共振态:5.4% | S4 上侧趋势共振态:4.8% | S1 低波动压缩态:3.7%,S2 中性震荡态,82.29,S5 下侧趋势共振态,5.4,76.89,16.23,66.06,,,强参考,样本、纯度、优势差距都达标
状态解释树,,,,3,3,S3 放量波动扩张态,354,64.69,振幅/21日ATR百分位 > 32.774 AND 8日ATR百分位 > 39.446 AND 振幅/21日ATR百分位 > 60.4833 AND 趋势动能 <= 8.6577,S3 放量波动扩张态:64.7% | S0 下侧趋势共振态:15.8% | S8 放量波动扩张态:7.9% | S7 放量波动扩张态:4.5%,S3 放量波动扩张态,64.69,S0 下侧趋势共振态,15.82,48.87,9.96,54.73,,,观察,达最低门槛，但还不够强
状态解释树,,,,4,5,S5 下侧趋势共振态,302,65.56,振幅/21日ATR百分位 > 32.774 AND 8日ATR百分位 > 39.446 AND 振幅/21日ATR百分位 <= 60.4833 AND 3日ATR率 <= 7.8658,S5 下侧趋势共振态:65.6% | S4 上侧趋势共振态:22.5% | S0 下侧趋势共振态:3.6% | S6 上侧趋势共振态:3.6%,S5 下侧趋势共振态,65.56,S4 上侧趋势共振态,22.52,43.04,15.61,49.95,,,强参考,样本、纯度、优势差距都达标
状态解释树,,,,5,4,S4 上侧趋势共振态,290,71.72,振幅/21日ATR百分位 > 32.774 AND 8日ATR百分位 <= 39.446 AND 振幅/21日ATR <= 1.2356 AND 趋势动能 > 4.512,S4 上侧趋势共振态:71.7% | S2 中性震荡态:17.2% | S7 放量波动扩张态:9% | S1 低波动压缩态:1.7%,S4 上侧趋势共振态,71.72,S2 中性震荡态,17.24,54.48,14.79,56.93,,,观察,达最低门槛，但还不够强
状态解释树,,,,6,7,S7 放量波动扩张态,284,80.63,振幅/21日ATR百分位 > 32.774 AND 8日ATR百分位 <= 39.446 AND 振幅/21日ATR > 1.2356 AND 剩余动能率 <= 3.9483,S7 放量波动扩张态:80.6% | S3 放量波动扩张态:8.8% | S2 中性震荡态:5.6% | S4 上侧趋势共振态:2.5%,S7 放量波动扩张态,80.63,S3 放量波动扩张态,8.8,71.83,10.17,70.46,,,观察,达最低门槛，但还不够强
状态解释树,,,,7,6,S6 上侧趋势共振态,222,69.37,振幅/21日ATR百分位 > 32.774 AND 8日ATR百分位 > 39.446 AND 振幅/21日ATR百分位 > 60.4833 AND 趋势动能 > 8.6577,S6 上侧趋势共振态:69.4% | S4 上侧趋势共振态:10.8% | S8 放量波动扩张态:10.8% | S7 放量波动扩张态:5%,S6 上侧趋势共振态,69.37,S4 上侧趋势共振态,10.81,58.56,6.16,63.21,,,观察,达最低门槛，但还不够强
状态解释树,,,,8,5,S5 下侧趋势共振态,164,90.85,振幅/21日ATR百分位 <= 32.774 AND 3日ATR百分位 > 28.3284 AND 8日ATR百分位 > 41.1452 AND 34日涨跌 <= 5.2981,S5 下侧趋势共振态:90.8% | S0 下侧趋势共振态:6.7% | S1 低波动压缩态:2.4%,S5 下侧趋势共振态,90.85,S0 下侧趋势共振态,6.71,84.14,15.61,75.24,,,弱参考,样本少于200
状态解释树,,,,9,1,S1 低波动压缩态,89,62.92,振幅/21日ATR百分位 <= 32.774 AND 3日ATR百分位 <= 28.3284 AND 趋势动能 <= 10.0662 AND 振幅/21日ATR > 0.619,S1 低波动压缩态:62.9% | S4 上侧趋势共振态:16.9% | S5 下侧趋势共振态:11.2% | S2 中性震荡态:9%,S1 低波动压缩态,62.92,S4 上侧趋势共振态,16.85,46.07,19.86,43.06,,,弱参考,样本少于200
状态解释树,,,,10,1,S1 低波动压缩态,63,41.27,振幅/21日ATR百分位 <= 32.774 AND 3日ATR百分位 > 28.3284 AND 8日ATR百分位 <= 41.1452,S1 低波动压缩态:41.3% | S4 上侧趋势共振态:31.8% | S5 下侧趋势共振态:27%,S1 低波动压缩态,41.27,S4 上侧趋势共振态,31.75,9.52,19.86,21.41,,,弱参考,样本少于200；纯度低于50%；第一名领先不足10%
状态解释树,,,,11,0,S0 下侧趋势共振态,56,82.14,振幅/21日ATR百分位 > 32.774 AND 8日ATR百分位 > 39.446 AND 振幅/21日ATR百分位 <= 60.4833 AND 3日ATR率 > 7.8658,S0 下侧趋势共振态:82.1% | S5 下侧趋势共振态:10.7% | S6 上侧趋势共振态:7.1%,S0 下侧趋势共振态,82.14,S5 下侧趋势共振态,10.71,71.43,,,,,弱参考,样本少于200
状态解释树,,,,12,8,S8 放量波动扩张态,52,63.46,振幅/21日ATR百分位 > 32.774 AND 8日ATR百分位 <= 39.446 AND 振幅/21日ATR > 1.2356 AND 剩余动能率 > 3.9483,S8 放量波动扩张态:63.5% | S3 放量波动扩张态:19.2% | S7 放量波动扩张态:17.3%,S8 放量波动扩张态,63.46,S3 放量波动扩张态,19.23,44.23,2.94,60.52,,,弱参考,样本少于200
状态解释树,,,,13,5,S5 下侧趋势共振态,50,66,振幅/21日ATR百分位 <= 32.774 AND 3日ATR百分位 > 28.3284 AND 8日ATR百分位 > 41.1452 AND 34日涨跌 > 5.2981,S5 下侧趋势共振态:66% | S4 上侧趋势共振态:28% | S6 上侧趋势共振态:4% | S0 下侧趋势共振态:2%,S5 下侧趋势共振态,66,S4 上侧趋势共振态,28,38,15.61,50.39,,,弱参考,样本少于200
状态解释树,,,,14,4,S4 上侧趋势共振态,48,81.25,振幅/21日ATR百分位 <= 32.774 AND 3日ATR百分位 <= 28.3284 AND 趋势动能 > 10.0662,S4 上侧趋势共振态:81.3% | S1 低波动压缩态:18.8%,S4 上侧趋势共振态,81.25,S1 低波动压缩态,18.75,62.5,14.79,66.46,,,弱参考,样本少于200
波动变化树,1,,,1,volFlat,波动平稳,1900,85.11,振幅率 <= 6.8872 AND 振幅/3日ATR <= 1.0992,波动平稳:85.1% | 波动升高:7.6% | 波动降低:7.3%,波动平稳,85.11,波动升高,7.63,77.48,75.92,9.19,,,强参考,样本、纯度、优势差距都达标
波动变化树,1,,,2,volFlat,波动平稳,394,73.1,振幅率 <= 6.8872 AND 振幅/3日ATR > 1.0992 AND ATR率 <= 4.1109,波动平稳:73.1% | 波动升高:19% | 波动降低:7.9%,波动平稳,73.1,波动升高,19.04,54.06,75.92,-2.82,,,弱参考,相对基准提升不足5%
波动变化树,1,,,3,volFlat,波动平稳,148,62.16,振幅率 > 6.8872 AND 中值乖离ATR > -1.4945 AND 振幅率 <= 9.7065 AND 量能倍率 > 0.9276,波动平稳:62.2% | 波动升高:23% | 波动降低:14.9%,波动平稳,62.16,波动升高,22.97,39.19,75.92,-13.76,,,弱参考,样本少于200；相对基准提升不足5%
波动变化树,1,,,4,volFlat,波动平稳,95,54.74,振幅率 <= 6.8872 AND 振幅/3日ATR > 1.0992 AND ATR率 > 4.1109 AND 拉伸热度 > 29.6357,波动平稳:54.7% | 波动降低:31.6% | 波动升高:13.7%,波动平稳,54.74,波动降低,31.58,23.16,75.92,-21.18,,,弱参考,样本少于200；相对基准提升不足5%
波动变化树,1,,,5,volFlat,波动平稳,81,72.84,振幅率 <= 6.8872 AND 振幅/3日ATR > 1.0992 AND ATR率 > 4.1109 AND 拉伸热度 <= 29.6357,波动平稳:72.8% | 波动降低:13.6% | 波动升高:13.6%,波动平稳,72.84,波动降低,13.58,59.26,75.92,-3.08,,,弱参考,样本少于200；相对基准提升不足5%
波动变化树,1,,,6,volFlat,波动平稳,73,41.1,振幅率 > 6.8872 AND 中值乖离ATR > -1.4945 AND 振幅率 > 9.7065 AND 3/21日ATR比 > 1.4096,波动平稳:41.1% | 波动升高:37% | 波动降低:21.9%,波动平稳,41.1,波动升高,36.99,4.11,75.92,-34.82,,,弱参考,样本少于200；纯度低于50%；第一名领先不足10%；相对基准提升不足5%
波动变化树,1,,,7,volFlat,波动平稳,65,50.77,振幅率 > 6.8872 AND 中值乖离ATR > -1.4945 AND 振幅率 <= 9.7065 AND 量能倍率 <= 0.9276,波动平稳:50.8% | 波动降低:43.1% | 波动升高:6.2%,波动平稳,50.77,波动降低,43.08,7.69,75.92,-25.15,,,弱参考,样本少于200；第一名领先不足10%；相对基准提升不足5%
波动变化树,1,,,8,volFlat,波动平稳,63,44.44,振幅率 > 6.8872 AND 中值乖离ATR <= -1.4945 AND 振幅/8日ATR <= 1.7139,波动平稳:44.4% | 波动升高:38.1% | 波动降低:17.5%,波动平稳,44.44,波动升高,38.1,6.34,75.92,-31.48,,,弱参考,样本少于200；纯度低于50%；第一名领先不足10%；相对基准提升不足5%
波动变化树,1,,,9,volDown,波动降低,61,59.02,振幅率 > 6.8872 AND 中值乖离ATR > -1.4945 AND 振幅率 > 9.7065 AND 3/21日ATR比 <= 1.4096,波动降低:59% | 波动平稳:22.9% | 波动升高:18%,波动降低,59.02,波动平稳,22.95,36.07,11.06,47.96,,,弱参考,样本少于200
波动变化树,1,,,10,volUp,波动升高,40,90,振幅率 > 6.8872 AND 中值乖离ATR <= -1.4945 AND 振幅/8日ATR > 1.7139,波动升高:90% | 波动平稳:10%,波动升高,90,波动平稳,10,80,13.01,76.99,,,弱参考,样本少于200
波动变化树,3,,,1,volFlat,波动平稳,806,46.28,3/21日ATR比 <= 1.15 AND 13日ATR百分位 <= 59.4597 AND 21日涨跌 <= 3.3881 AND M2货币供应 > 18680.05,波动平稳:46.3% | 波动降低:34.5% | 波动升高:19.2%,波动平稳,46.28,波动降低,34.49,11.79,44.31,1.97,,,弱参考,纯度低于50%；相对基准提升不足5%
波动变化树,3,,,2,volFlat,波动平稳,507,50.1,3/21日ATR比 <= 1.15 AND 13日ATR百分位 <= 59.4597 AND 21日涨跌 > 3.3881 AND ATR率 > 3.1813,波动平稳:50.1% | 波动降低:29% | 波动升高:20.9%,波动平稳,50.1,波动降低,28.99,21.11,44.31,5.79,,,观察,达最低门槛，但还不够强
波动变化树,3,,,3,volFlat,波动平稳,442,52.04,3/21日ATR比 > 1.15 AND 振幅/21日ATR <= 1.9909 AND 拉伸热度 <= 78.3085 AND 21日ATR百分位 > 4.339,波动平稳:52% | 波动降低:25.3% | 波动升高:22.6%,波动平稳,52.04,波动降低,25.34,26.7,44.31,7.73,,,观察,达最低门槛，但还不够强
波动变化树,3,,,4,volDown,波动降低,362,50,3/21日ATR比 <= 1.15 AND 13日ATR百分位 <= 59.4597 AND 21日涨跌 <= 3.3881 AND M2货币供应 <= 18680.05,波动降低:50% | 波动平稳:36.7% | 波动升高:13.3%,波动降低,50,波动平稳,36.74,13.26,33.34,16.66,,,观察,达最低门槛，但还不够强
波动变化树,3,,,5,volFlat,波动平稳,224,51.79,3/21日ATR比 <= 1.15 AND 13日ATR百分位 <= 59.4597 AND 21日涨跌 > 3.3881 AND ATR率 <= 3.1813,波动平稳:51.8% | 波动升高:33.9% | 波动降低:14.3%,波动平稳,51.79,波动升高,33.93,17.86,44.31,7.48,,,观察,达最低门槛，但还不够强
波动变化树,3,,,6,volDown,波动降低,147,44.9,3/21日ATR比 <= 1.15 AND 13日ATR百分位 > 59.4597 AND 美元指数代理 <= 116.4175 AND 233MA乖离率 <= 83.8776,波动降低:44.9% | 波动平稳:43.5% | 波动升高:11.6%,波动降低,44.9,波动平稳,43.54,1.36,33.34,11.56,,,弱参考,样本少于200；纯度低于50%；第一名领先不足10%
波动变化树,3,,,7,volDown,波动降低,71,56.34,3/21日ATR比 <= 1.15 AND 13日ATR百分位 > 59.4597 AND 美元指数代理 > 116.4175 AND ATR率 <= 6.402,波动降低:56.3% | 波动平稳:38% | 波动升高:5.6%,波动降低,56.34,波动平稳,38.03,18.31,33.34,23,,,弱参考,样本少于200
波动变化树,3,,,8,volDown,波动降低,66,50,3/21日ATR比 <= 1.15 AND 13日ATR百分位 > 59.4597 AND 美元指数代理 <= 116.4175 AND 233MA乖离率 > 83.8776,波动降低:50% | 波动升高:27.3% | 波动平稳:22.7%,波动降低,50,波动升高,27.27,22.73,33.34,16.66,,,弱参考,样本少于200
波动变化树,3,,,9,volDown,波动降低,61,77.05,3/21日ATR比 <= 1.15 AND 13日ATR百分位 > 59.4597 AND 美元指数代理 > 116.4175 AND ATR率 > 6.402,波动降低:77% | 波动平稳:19.7% | 波动升高:3.3%,波动降低,77.05,波动平稳,19.67,57.38,33.34,43.71,,,弱参考,样本少于200
波动变化树,3,,,10,volFlat,波动平稳,58,39.66,3/21日ATR比 > 1.15 AND 振幅/21日ATR > 1.9909 AND 8日涨跌 > -3.0306 AND M2 63日变化率 <= 0.8963,波动平稳:39.7% | 波动降低:34.5% | 波动升高:25.9%,波动平稳,39.66,波动降低,34.48,5.18,44.31,-4.65,,,弱参考,样本少于200；纯度低于50%；第一名领先不足10%；相对基准提升不足5%
波动变化树,3,,,11,volUp,波动升高,50,52,3/21日ATR比 > 1.15 AND 振幅/21日ATR > 1.9909 AND 8日涨跌 > -3.0306 AND M2 63日变化率 > 0.8963,波动升高:52% | 波动平稳:26% | 波动降低:22%,波动升高,52,波动平稳,26,26,22.34,29.66,,,弱参考,样本少于200
波动变化树,3,,,12,volUp,波动升高,48,79.17,3/21日ATR比 > 1.15 AND 振幅/21日ATR > 1.9909 AND 8日涨跌 <= -3.0306,波动升高:79.2% | 波动平稳:18.8% | 波动降低:2.1%,波动升高,79.17,波动平稳,18.75,60.42,22.34,56.83,,,弱参考,样本少于200
波动变化树,3,,,13,volUp,波动升高,40,65,3/21日ATR比 > 1.15 AND 振幅/21日ATR <= 1.9909 AND 拉伸热度 > 78.3085,波动升高:65% | 波动平稳:30% | 波动降低:5%,波动升高,65,波动平稳,30,35,22.34,42.66,,,弱参考,样本少于200
波动变化树,3,,,14,volUp,波动升高,36,58.33,3/21日ATR比 > 1.15 AND 振幅/21日ATR <= 1.9909 AND 拉伸热度 <= 78.3085 AND 21日ATR百分位 <= 4.339,波动升高:58.3% | 波动平稳:33.3% | 波动降低:8.3%,波动升高,58.33,波动平稳,33.33,25,22.34,35.99,,,弱参考,样本少于200
波动变化树,5,,,1,volFlat,波动平稳,743,43.2,21日ATR率 <= 4.7023 AND MA位置百分位 <= 85.3837 AND 8/13日ATR比 > 0.9697 AND 中值乖离ATR > -1.8661,波动平稳:43.2% | 波动降低:31.4% | 波动升高:25.4%,波动平稳,43.2,波动降低,31.36,11.84,33.33,9.87,,,弱参考,纯度低于50%
波动变化树,5,,,2,volDown,波动降低,583,48.54,21日ATR率 <= 4.7023 AND MA位置百分位 <= 85.3837 AND 8/13日ATR比 <= 0.9697 AND 21日ATR率 > 2.5861,波动降低:48.5% | 波动平稳:31.7% | 波动升高:19.7%,波动降低,48.54,波动平稳,31.73,16.81,41.39,7.15,,,弱参考,纯度低于50%
波动变化树,5,,,3,volDown,波动降低,438,45.89,21日ATR率 > 4.7023 AND 量能倍率 > 0.904 AND 振幅/ATR <= 2.0905 AND 美元指数代理 > 111.9117,波动降低:45.9% | 波动平稳:34.9% | 波动升高:19.2%,波动降低,45.89,波动平稳,34.93,10.96,41.39,4.5,,,弱参考,纯度低于50%；相对基准提升不足5%
波动变化树,5,,,4,volDown,波动降低,268,60.82,21日ATR率 > 4.7023 AND 量能倍率 <= 0.904 AND 21日涨跌 > -9.365 AND M2货币供应 <= 21090.7,波动降低:60.8% | 波动平稳:25.4% | 波动升高:13.8%,波动降低,60.82,波动平稳,25.37,35.45,41.39,19.43,,,观察,达最低门槛，但还不够强
波动变化树,5,,,5,volDown,波动降低,196,79.59,21日ATR率 > 4.7023 AND 量能倍率 <= 0.904 AND 21日涨跌 <= -9.365 AND 8/21日ATR比 <= 1.1193,波动降低:79.6% | 波动平稳:14.3% | 波动升高:6.1%,波动降低,79.59,波动平稳,14.29,65.3,41.39,38.2,,,弱参考,样本少于200
波动变化树,5,,,6,volUp,波动升高,125,52.8,21日ATR率 <= 4.7023 AND MA位置百分位 > 85.3837 AND 8日涨跌 > 5.8697 AND 21日ATR率 <= 3.8735,波动升高:52.8% | 波动平稳:36.8% | 波动降低:10.4%,波动升高,52.8,波动平稳,36.8,16,25.27,27.53,,,弱参考,样本少于200
波动变化树,5,,,7,volUp,波动升高,106,43.4,21日ATR率 <= 4.7023 AND MA位置百分位 <= 85.3837 AND 8/13日ATR比 <= 0.9697 AND 21日ATR率 <= 2.5861,波动升高:43.4% | 波动平稳:28.3% | 波动降低:28.3%,波动升高,43.4,波动平稳,28.3,15.1,25.27,18.13,,,弱参考,样本少于200；纯度低于50%
波动变化树,5,,,8,volFlat,波动平稳,104,43.27,21日ATR率 > 4.7023 AND 量能倍率 <= 0.904 AND 21日涨跌 > -9.365 AND M2货币供应 > 21090.7,波动平稳:43.3% | 波动降低:40.4% | 波动升高:16.4%,波动平稳,43.27,波动降低,40.38,2.89,33.33,9.94,,,弱参考,样本少于200；纯度低于50%；第一名领先不足10%
波动变化树,5,,,9,volUp,波动升高,86,41.86,21日ATR率 <= 4.7023 AND MA位置百分位 > 85.3837 AND 8日涨跌 <= 5.8697 AND M2 63日变化率 > 0.229,波动升高:41.9% | 波动降低:32.6% | 波动平稳:25.6%,波动升高,41.86,波动降低,32.56,9.3,25.27,16.59,,,弱参考,样本少于200；纯度低于50%；第一名领先不足10%
波动变化树,5,,,10,volUp,波动升高,61,57.38,21日ATR率 <= 4.7023 AND MA位置百分位 <= 85.3837 AND 8/13日ATR比 > 0.9697 AND 中值乖离ATR <= -1.8661,波动升高:57.4% | 波动降低:22.9% | 波动平稳:19.7%,波动升高,57.38,波动降低,22.95,34.43,25.27,32.11,,,弱参考,样本少于200
波动变化树,5,,,11,volFlat,波动平稳,52,61.54,21日ATR率 <= 4.7023 AND MA位置百分位 > 85.3837 AND 8日涨跌 <= 5.8697 AND M2 63日变化率 <= 0.229,波动平稳:61.5% | 波动升高:25% | 波动降低:13.5%,波动平稳,61.54,波动升高,25,36.54,33.33,28.21,,,弱参考,样本少于200
波动变化树,5,,,12,volUp,波动升高,40,57.5,21日ATR率 > 4.7023 AND 量能倍率 > 0.904 AND 振幅/ATR <= 2.0905 AND 美元指数代理 <= 111.9117,波动升高:57.5% | 波动降低:30% | 波动平稳:12.5%,波动升高,57.5,波动降低,30,27.5,25.27,32.23,,,弱参考,样本少于200
波动变化树,5,,,13,volUp,波动升高,40,65,21日ATR率 > 4.7023 AND 量能倍率 > 0.904 AND 振幅/ATR > 2.0905,波动升高:65% | 波动平稳:22.5% | 波动降低:12.5%,波动升高,65,波动平稳,22.5,42.5,25.27,39.73,,,弱参考,样本少于200
波动变化树,5,,,14,volUp,波动升高,38,81.58,21日ATR率 <= 4.7023 AND MA位置百分位 > 85.3837 AND 8日涨跌 > 5.8697 AND 21日ATR率 > 3.8735,波动升高:81.6% | 波动平稳:15.8% | 波动降低:2.6%,波动升高,81.58,波动平稳,15.79,65.79,25.27,56.31,,,弱参考,样本少于200
波动变化树,5,,,15,volDown,波动降低,36,52.78,21日ATR率 > 4.7023 AND 量能倍率 <= 0.904 AND 21日涨跌 <= -9.365 AND 8/21日ATR比 > 1.1193,波动降低:52.8% | 波动平稳:27.8% | 波动升高:19.4%,波动降低,52.78,波动平稳,27.78,25,41.39,11.39,,,弱参考,样本少于200
波动变化树,10,,,1,volDown,波动降低,1320,50.91,233MA乖离ATR <= 8.3596 AND ATR百分位 <= 54.0732 AND 21日ATR率 > 2.5164 AND 3/8日ATR比 <= 1.0309,波动降低:50.9% | 波动升高:27.4% | 波动平稳:21.7%,波动降低,50.91,波动升高,27.35,23.56,48.02,2.89,,,弱参考,相对基准提升不足5%
波动变化树,10,,,2,volUp,波动升高,588,40.31,233MA乖离ATR <= 8.3596 AND ATR百分位 <= 54.0732 AND 21日ATR率 > 2.5164 AND 3/8日ATR比 > 1.0309,波动升高:40.3% | 波动降低:35.5% | 波动平稳:24.1%,波动升高,40.31,波动降低,35.54,4.77,32.46,7.85,,,弱参考,纯度低于50%；第一名领先不足10%
波动变化树,10,,,3,volDown,波动降低,484,82.44,233MA乖离ATR <= 8.3596 AND ATR百分位 > 54.0732 AND 美元指数代理 > 112.2366 AND 中值乖离ATR > -2.4335,波动降低:82.4% | 波动平稳:11.2% | 波动升高:6.4%,波动降低,82.44,波动平稳,11.16,71.28,48.02,34.42,,,强参考,样本、纯度、优势差距都达标
波动变化树,10,,,4,volUp,波动升高,114,52.63,233MA乖离ATR <= 8.3596 AND ATR百分位 <= 54.0732 AND 21日ATR率 <= 2.5164 AND 联邦基金利率 > 4.215,波动升高:52.6% | 波动平稳:29.8% | 波动降低:17.5%,波动升高,52.63,波动平稳,29.82,22.81,32.46,20.17,,,弱参考,样本少于200
波动变化树,10,,,5,volUp,波动升高,76,96.05,233MA乖离ATR > 8.3596 AND MA位置百分位 > 93.9447,波动升高:96% | 波动平稳:2.6% | 波动降低:1.3%,波动升高,96.05,波动平稳,2.63,93.42,32.46,63.59,,,弱参考,样本少于200
波动变化树,10,,,6,volUp,波动升高,70,61.43,233MA乖离ATR > 8.3596 AND MA位置百分位 <= 93.9447 AND 21日ATR百分位 <= 44.0417 AND 21日涨跌 > 12.874,波动升高:61.4% | 波动平稳:22.9% | 波动降低:15.7%,波动升高,61.43,波动平稳,22.86,38.57,32.46,28.97,,,弱参考,样本少于200
波动变化树,10,,,7,volUp,波动升高,59,49.15,233MA乖离ATR <= 8.3596 AND ATR百分位 > 54.0732 AND 美元指数代理 <= 112.2366 AND 21日ATR率 <= 9.6856,波动升高:49.1% | 波动降低:32.2% | 波动平稳:18.6%,波动升高,49.15,波动降低,32.2,16.95,32.46,16.69,,,弱参考,样本少于200；纯度低于50%
波动变化树,10,,,8,volUp,波动升高,45,93.33,233MA乖离ATR <= 8.3596 AND ATR百分位 <= 54.0732 AND 21日ATR率 <= 2.5164 AND 联邦基金利率 <= 4.215,波动升高:93.3% | 波动平稳:6.7%,波动升高,93.33,波动平稳,6.67,86.66,32.46,60.87,,,弱参考,样本少于200
波动变化树,10,,,9,volUp,波动升高,43,88.37,233MA乖离ATR > 8.3596 AND MA位置百分位 <= 93.9447 AND 21日ATR百分位 <= 44.0417 AND 21日涨跌 <= 12.874,波动升高:88.4% | 波动平稳:9.3% | 波动降低:2.3%,波动升高,88.37,波动平稳,9.3,79.07,32.46,55.91,,,弱参考,样本少于200
波动变化树,10,,,10,volDown,波动降低,40,47.5,233MA乖离ATR <= 8.3596 AND ATR百分位 > 54.0732 AND 美元指数代理 > 112.2366 AND 中值乖离ATR <= -2.4335,波动降低:47.5% | 波动升高:32.5% | 波动平稳:20%,波动降低,47.5,波动升高,32.5,15,48.02,-0.52,,,弱参考,样本少于200；纯度低于50%；相对基准提升不足5%
波动变化树,10,,,11,volDown,波动降低,37,83.78,233MA乖离ATR <= 8.3596 AND ATR百分位 > 54.0732 AND 美元指数代理 <= 112.2366 AND 21日ATR率 > 9.6856,波动降低:83.8% | 波动升高:8.1% | 波动平稳:8.1%,波动降低,83.78,波动升高,8.11,75.67,48.02,35.76,,,弱参考,样本少于200
波动变化树,10,,,12,volDown,波动降低,35,45.71,233MA乖离ATR > 8.3596 AND MA位置百分位 <= 93.9447 AND 21日ATR百分位 > 44.0417,波动降低:45.7% | 波动升高:42.9% | 波动平稳:11.4%,波动降低,45.71,波动升高,42.86,2.85,48.02,-2.31,,,弱参考,样本少于200；纯度低于50%；第一名领先不足10%；相对基准提升不足5%
策略适配树,1,trendLong,趋势追多,1,fit,适合,2920,52.26,ALL,适合:52.3% | 不适合:47.7%,适合,52.26,不适合,47.74,4.52,52.26,0,52.26,47.74,弱参考,第一名领先不足10%；相对基准提升不足5%
策略适配树,1,trendShort,趋势做空,1,notFit,不适合,2920,52.26,ALL,不适合:52.3% | 适合:47.7%,不适合,52.26,适合,47.74,4.52,52.26,0,47.74,52.26,弱参考,第一名领先不足10%；相对基准提升不足5%
策略适配树,1,breakoutUp,向上突破,1,notFit,不适合,2920,87.84,ALL,不适合:87.8% | 适合:12.2%,不适合,87.84,适合,12.16,75.68,87.84,0,12.16,87.84,弱参考,相对基准提升不足5%
策略适配树,1,breakoutDown,向下突破,1,notFit,不适合,2920,88.15,ALL,不适合:88.2% | 适合:11.8%,不适合,88.15,适合,11.85,76.3,88.15,0,11.85,88.15,弱参考,相对基准提升不足5%
策略适配树,1,meanReversionLong,低吸均值回归,1,notFit,不适合,1797,97.72,中值乖离ATR > -0.3279,不适合:97.7% | 适合:2.3%,不适合,97.72,适合,2.28,95.44,79.97,17.75,2.28,97.72,强参考,样本、纯度、优势差距都达标
策略适配树,1,meanReversionLong,低吸均值回归,2,notFit,不适合,1123,51.56,中值乖离ATR <= -0.3279,不适合:51.6% | 适合:48.4%,不适合,51.56,适合,48.44,3.12,79.97,-28.41,48.44,51.56,弱参考,第一名领先不足10%；相对基准提升不足5%
策略适配树,1,meanReversionShort,高抛均值回归,1,notFit,不适合,1572,97.26,中值乖离率 <= 1.427,不适合:97.3% | 适合:2.7%,不适合,97.26,适合,2.74,94.52,78.42,18.84,2.74,97.26,强参考,样本、纯度、优势差距都达标
策略适配树,1,meanReversionShort,高抛均值回归,2,notFit,不适合,1348,56.45,中值乖离率 > 1.427,不适合:56.5% | 适合:43.5%,不适合,56.45,适合,43.55,12.9,78.42,-21.97,43.55,56.45,弱参考,相对基准提升不足5%
策略适配树,1,gridNeutral,震荡网格,1,fit,适合,2920,85.72,ALL,适合:85.7% | 不适合:14.3%,适合,85.72,不适合,14.28,71.44,85.72,0,85.72,14.28,弱参考,相对基准提升不足5%
策略适配树,1,waitDefense,防守等待,1,notFit,不适合,2920,51.58,ALL,不适合:51.6% | 适合:48.4%,不适合,51.58,适合,48.42,3.16,51.58,0,48.42,51.58,弱参考,第一名领先不足10%；相对基准提升不足5%
策略适配树,3,trendLong,趋势追多,1,fit,适合,2918,52.09,ALL,适合:52.1% | 不适合:47.9%,适合,52.09,不适合,47.91,4.18,52.09,0,52.09,47.91,弱参考,第一名领先不足10%；相对基准提升不足5%
策略适配树,3,trendShort,趋势做空,1,notFit,不适合,2918,52.09,ALL,不适合:52.1% | 适合:47.9%,不适合,52.09,适合,47.91,4.18,52.09,0,47.91,52.09,弱参考,第一名领先不足10%；相对基准提升不足5%
策略适配树,3,breakoutUp,向上突破,1,notFit,不适合,2246,70.44,中值位置百分位 <= 69.3837,不适合:70.4% | 适合:29.6%,不适合,70.44,适合,29.56,40.88,66.96,3.48,29.56,70.44,弱参考,相对基准提升不足5%
策略适配树,3,breakoutUp,向上突破,2,notFit,不适合,433,63.97,中值位置百分位 > 69.3837 AND 10年美债收益率 > 1.09 AND 3/8日ATR比 <= 1.3078 AND 13日涨跌 > 5.0625,不适合:64% | 适合:36%,不适合,63.97,适合,36.03,27.94,66.96,-2.99,36.03,63.97,弱参考,相对基准提升不足5%
策略适配树,3,breakoutUp,向上突破,3,fit,适合,78,55.13,中值位置百分位 > 69.3837 AND 10年美债收益率 > 1.09 AND 3/8日ATR比 <= 1.3078 AND 13日涨跌 <= 5.0625,适合:55.1% | 不适合:44.9%,适合,55.13,不适合,44.87,10.26,33.04,22.09,55.13,44.87,弱参考,样本少于200
策略适配树,3,breakoutUp,向上突破,4,fit,适合,73,50.68,中值位置百分位 > 69.3837 AND 10年美债收益率 <= 1.09 AND 中值乖离率 > 9.6711,适合:50.7% | 不适合:49.3%,适合,50.68,不适合,49.32,1.36,33.04,17.64,50.68,49.32,弱参考,样本少于200；第一名领先不足10%
策略适配树,3,breakoutUp,向上突破,5,fit,适合,45,80,中值位置百分位 > 69.3837 AND 10年美债收益率 <= 1.09 AND 中值乖离率 <= 9.6711,适合:80% | 不适合:20%,适合,80,不适合,20,60,33.04,46.96,80,20,弱参考,样本少于200
策略适配树,3,breakoutUp,向上突破,6,fit,适合,43,65.12,中值位置百分位 > 69.3837 AND 10年美债收益率 > 1.09 AND 3/8日ATR比 > 1.3078,适合:65.1% | 不适合:34.9%,适合,65.12,不适合,34.88,30.24,33.04,32.08,65.12,34.88,弱参考,样本少于200
策略适配树,3,breakoutDown,向下突破,1,notFit,不适合,2918,68.47,ALL,不适合:68.5% | 适合:31.5%,不适合,68.47,适合,31.53,36.94,68.47,0,31.53,68.47,弱参考,相对基准提升不足5%
策略适配树,3,meanReversionLong,低吸均值回归,1,notFit,不适合,1796,98.83,中值乖离ATR > -0.3267,不适合:98.8% | 适合:1.2%,不适合,98.83,适合,1.17,97.66,82.32,16.51,1.17,98.83,强参考,样本、纯度、优势差距都达标
策略适配树,3,meanReversionLong,低吸均值回归,2,notFit,不适合,527,52.56,中值乖离ATR <= -0.3267 AND 中值乖离ATR <= -0.7232 AND 21日涨跌 <= -1.9676 AND 联邦基金利率 <= 4.105,不适合:52.6% | 适合:47.4%,不适合,52.56,适合,47.44,5.12,82.32,-29.76,47.44,52.56,弱参考,第一名领先不足10%；相对基准提升不足5%
策略适配树,3,meanReversionLong,低吸均值回归,3,fit,适合,203,62.56,中值乖离ATR <= -0.3267 AND 中值乖离ATR <= -0.7232 AND 21日涨跌 <= -1.9676 AND 联邦基金利率 > 4.105,适合:62.6% | 不适合:37.4%,适合,62.56,不适合,37.44,25.12,17.68,44.88,62.56,37.44,观察,达最低门槛，但还不够强
策略适配树,3,meanReversionLong,低吸均值回归,4,notFit,不适合,144,68.75,中值乖离ATR <= -0.3267 AND 中值乖离ATR > -0.7232 AND 联邦基金利率63日变化bp <= 0.5 AND 233MA乖离率 > -17.3744,不适合:68.8% | 适合:31.3%,不适合,68.75,适合,31.25,37.5,82.32,-13.57,31.25,68.75,弱参考,样本少于200；相对基准提升不足5%
策略适配树,3,meanReversionLong,低吸均值回归,5,notFit,不适合,93,79.57,中值乖离ATR <= -0.3267 AND 中值乖离ATR <= -0.7232 AND 21日涨跌 > -1.9676 AND M2 63日变化率 <= 0.7191,不适合:79.6% | 适合:20.4%,不适合,79.57,适合,20.43,59.14,82.32,-2.75,20.43,79.57,弱参考,样本少于200；相对基准提升不足5%
策略适配树,3,meanReversionLong,低吸均值回归,6,notFit,不适合,73,82.19,中值乖离ATR <= -0.3267 AND 中值乖离ATR > -0.7232 AND 联邦基金利率63日变化bp > 0.5,不适合:82.2% | 适合:17.8%,不适合,82.19,适合,17.81,64.38,82.32,-0.13,17.81,82.19,弱参考,样本少于200；相对基准提升不足5%
策略适配树,3,meanReversionLong,低吸均值回归,7,fit,适合,42,52.38,中值乖离ATR <= -0.3267 AND 中值乖离ATR > -0.7232 AND 联邦基金利率63日变化bp <= 0.5 AND 233MA乖离率 <= -17.3744,适合:52.4% | 不适合:47.6%,适合,52.38,不适合,47.62,4.76,17.68,34.7,52.38,47.62,弱参考,样本少于200；第一名领先不足10%
策略适配树,3,meanReversionLong,低吸均值回归,8,notFit,不适合,40,52.5,中值乖离ATR <= -0.3267 AND 中值乖离ATR <= -0.7232 AND 21日涨跌 > -1.9676 AND M2 63日变化率 > 0.7191,不适合:52.5% | 适合:47.5%,不适合,52.5,适合,47.5,5,82.32,-29.82,47.5,52.5,弱参考,样本少于200；第一名领先不足10%；相对基准提升不足5%
策略适配树,3,meanReversionShort,高抛均值回归,1,notFit,不适合,1571,98.47,中值乖离ATR <= 0.3421,不适合:98.5% | 适合:1.5%,不适合,98.47,适合,1.53,96.94,79.92,18.55,1.53,98.47,强参考,样本、纯度、优势差距都达标
策略适配树,3,meanReversionShort,高抛均值回归,2,notFit,不适合,1347,58.28,中值乖离ATR > 0.3421,不适合:58.3% | 适合:41.7%,不适合,58.28,适合,41.72,16.56,79.92,-21.64,41.72,58.28,弱参考,相对基准提升不足5%
策略适配树,3,gridNeutral,震荡网格,1,fit,适合,2918,84.41,ALL,适合:84.4% | 不适合:15.6%,适合,84.41,不适合,15.59,68.82,84.41,0,84.41,15.59,弱参考,相对基准提升不足5%
策略适配树,3,waitDefense,防守等待,1,fit,适合,2918,52.23,ALL,适合:52.2% | 不适合:47.8%,适合,52.23,不适合,47.77,4.46,52.23,0,52.23,47.77,弱参考,第一名领先不足10%；相对基准提升不足5%
策略适配树,5,trendLong,趋势追多,1,fit,适合,2916,52.3,ALL,适合:52.3% | 不适合:47.7%,适合,52.3,不适合,47.7,4.6,52.3,0,52.3,47.7,弱参考,第一名领先不足10%；相对基准提升不足5%
策略适配树,5,trendShort,趋势做空,1,notFit,不适合,2916,52.3,ALL,不适合:52.3% | 适合:47.7%,不适合,52.3,适合,47.7,4.6,52.3,0,47.7,52.3,弱参考,第一名领先不足10%；相对基准提升不足5%
策略适配树,5,breakoutUp,向上突破,1,notFit,不适合,1726,61.53,34日涨跌 <= 18.7218 AND 13日ATR率 > 3.0597,不适合:61.5% | 适合:38.5%,不适合,61.53,适合,38.47,23.06,54.53,7,38.47,61.53,观察,达最低门槛，但还不够强
策略适配树,5,breakoutUp,向上突破,2,notFit,不适合,434,52.76,34日涨跌 <= 18.7218 AND 13日ATR率 <= 3.0597 AND 233MA乖离ATR > -12.5932 AND 10年美债21日变化bp > -20.5,不适合:52.8% | 适合:47.2%,不适合,52.76,适合,47.24,5.52,54.53,-1.77,47.24,52.76,弱参考,第一名领先不足10%；相对基准提升不足5%
策略适配树,5,breakoutUp,向上突破,3,fit,适合,173,54.91,34日涨跌 > 18.7218 AND 13日涨跌 <= 14.2434 AND 34日涨跌 <= 33.4865 AND M2 63日变化率 <= 1.3827,适合:54.9% | 不适合:45.1%,适合,54.91,不适合,45.09,9.82,45.47,9.44,54.91,45.09,弱参考,样本少于200；第一名领先不足10%
策略适配树,5,breakoutUp,向上突破,4,fit,适合,151,79.47,34日涨跌 > 18.7218 AND 13日涨跌 > 14.2434 AND 宏观风险压力 <= 0.23 AND 中值乖离率 <= 15.6998,适合:79.5% | 不适合:20.5%,适合,79.47,不适合,20.53,58.94,45.47,34,79.47,20.53,弱参考,样本少于200
策略适配树,5,breakoutUp,向上突破,5,notFit,不适合,86,54.65,34日涨跌 > 18.7218 AND 13日涨跌 <= 14.2434 AND 34日涨跌 > 33.4865 AND 34日涨跌 <= 42.2163,不适合:54.6% | 适合:45.4%,不适合,54.65,适合,45.35,9.3,54.53,0.12,45.35,54.65,弱参考,样本少于200；第一名领先不足10%；相对基准提升不足5%
策略适配树,5,breakoutUp,向上突破,6,fit,适合,81,81.48,34日涨跌 > 18.7218 AND 13日涨跌 <= 14.2434 AND 34日涨跌 <= 33.4865 AND M2 63日变化率 > 1.3827,适合:81.5% | 不适合:18.5%,适合,81.48,不适合,18.52,62.96,45.47,36.01,81.48,18.52,弱参考,样本少于200
策略适配树,5,breakoutUp,向上突破,7,notFit,不适合,74,81.08,34日涨跌 > 18.7218 AND 13日涨跌 <= 14.2434 AND 34日涨跌 > 33.4865 AND 34日涨跌 > 42.2163,不适合:81.1% | 适合:18.9%,不适合,81.08,适合,18.92,62.16,54.53,26.55,18.92,81.08,弱参考,样本少于200
策略适配树,5,breakoutUp,向上突破,8,fit,适合,68,57.35,34日涨跌 > 18.7218 AND 13日涨跌 > 14.2434 AND 宏观风险压力 <= 0.23 AND 中值乖离率 > 15.6998,适合:57.4% | 不适合:42.6%,适合,57.35,不适合,42.65,14.7,45.47,11.88,57.35,42.65,弱参考,样本少于200
策略适配树,5,breakoutUp,向上突破,9,fit,适合,44,75,34日涨跌 <= 18.7218 AND 13日ATR率 <= 3.0597 AND 233MA乖离ATR > -12.5932 AND 10年美债21日变化bp <= -20.5,适合:75% | 不适合:25%,适合,75,不适合,25,50,45.47,29.53,75,25,弱参考,样本少于200
策略适配树,5,breakoutUp,向上突破,10,notFit,不适合,40,55,34日涨跌 > 18.7218 AND 13日涨跌 > 14.2434 AND 宏观风险压力 > 0.23,不适合:55% | 适合:45%,不适合,55,适合,45,10,54.53,0.47,45,55,弱参考,样本少于200；相对基准提升不足5%
策略适配树,5,breakoutUp,向上突破,11,fit,适合,39,84.62,34日涨跌 <= 18.7218 AND 13日ATR率 <= 3.0597 AND 233MA乖离ATR <= -12.5932,适合:84.6% | 不适合:15.4%,适合,84.62,不适合,15.38,69.24,45.47,39.15,84.62,15.38,弱参考,样本少于200
策略适配树,5,breakoutDown,向下突破,1,notFit,不适合,2916,57.17,ALL,不适合:57.2% | 适合:42.8%,不适合,57.17,适合,42.83,14.34,57.17,0,42.83,57.17,弱参考,相对基准提升不足5%
策略适配树,5,meanReversionLong,低吸均值回归,1,notFit,不适合,1795,98.94,中值乖离ATR > -0.3249,不适合:98.9% | 适合:1.1%,不适合,98.94,适合,1.06,97.88,83.23,15.71,1.06,98.94,强参考,样本、纯度、优势差距都达标
策略适配树,5,meanReversionLong,低吸均值回归,2,notFit,不适合,257,62.65,中值乖离ATR <= -0.3249 AND 中值乖离ATR <= -1.1647 AND 21日ATR率 <= 5.5905 AND 联邦基金利率 <= 3.99,不适合:62.6% | 适合:37.4%,不适合,62.65,适合,37.35,25.3,83.23,-20.58,37.35,62.65,弱参考,相对基准提升不足5%
策略适配树,5,meanReversionLong,低吸均值回归,3,notFit,不适合,231,79.22,中值乖离ATR <= -0.3249 AND 中值乖离ATR > -1.1647 AND 拉伸热度 > 17.0862 AND 共振数量 <= 3.5,不适合:79.2% | 适合:20.8%,不适合,79.22,适合,20.78,58.44,83.23,-4.01,20.78,79.22,弱参考,相对基准提升不足5%
策略适配树,5,meanReversionLong,低吸均值回归,4,fit,适合,160,60.62,中值乖离ATR <= -0.3249 AND 中值乖离ATR <= -1.1647 AND 21日ATR率 <= 5.5905 AND 联邦基金利率 > 3.99,适合:60.6% | 不适合:39.4%,适合,60.62,不适合,39.38,21.24,16.77,43.85,60.62,39.38,弱参考,样本少于200
策略适配树,5,meanReversionLong,低吸均值回归,5,fit,适合,132,72.73,中值乖离ATR <= -0.3249 AND 中值乖离ATR <= -1.1647 AND 21日ATR率 > 5.5905 AND 10年美债收益率 <= 2.905,适合:72.7% | 不适合:27.3%,适合,72.73,不适合,27.27,45.46,16.77,55.96,72.73,27.27,弱参考,样本少于200
策略适配树,5,meanReversionLong,低吸均值回归,6,notFit,不适合,128,61.72,中值乖离ATR <= -0.3249 AND 中值乖离ATR > -1.1647 AND 拉伸热度 > 17.0862 AND 共振数量 > 3.5,不适合:61.7% | 适合:38.3%,不适合,61.72,适合,38.28,23.44,83.23,-21.51,38.28,61.72,弱参考,样本少于200；相对基准提升不足5%
策略适配树,5,meanReversionLong,低吸均值回归,7,notFit,不适合,98,68.37,中值乖离ATR <= -0.3249 AND 中值乖离ATR > -1.1647 AND 拉伸热度 <= 17.0862 AND 233MA乖离率 > -17.7694,不适合:68.4% | 适合:31.6%,不适合,68.37,适合,31.63,36.74,83.23,-14.86,31.63,68.37,弱参考,样本少于200；相对基准提升不足5%
策略适配树,5,meanReversionLong,低吸均值回归,8,fit,适合,61,54.1,中值乖离ATR <= -0.3249 AND 中值乖离ATR > -1.1647 AND 拉伸热度 <= 17.0862 AND 233MA乖离率 <= -17.7694,适合:54.1% | 不适合:45.9%,适合,54.1,不适合,45.9,8.2,16.77,37.33,54.1,45.9,弱参考,样本少于200；第一名领先不足10%
策略适配树,5,meanReversionLong,低吸均值回归,9,notFit,不适合,54,62.96,中值乖离ATR <= -0.3249 AND 中值乖离ATR <= -1.1647 AND 21日ATR率 > 5.5905 AND 10年美债收益率 > 2.905,不适合:63% | 适合:37%,不适合,62.96,适合,37.04,25.92,83.23,-20.27,37.04,62.96,弱参考,样本少于200；相对基准提升不足5%
策略适配树,5,meanReversionShort,高抛均值回归,1,notFit,不适合,1570,98.54,中值乖离率 <= 1.4399,不适合:98.5% | 适合:1.5%,不适合,98.54,适合,1.46,97.08,80.97,17.57,1.46,98.54,强参考,样本、纯度、优势差距都达标
策略适配树,5,meanReversionShort,高抛均值回归,2,notFit,不适合,650,54.46,中值乖离率 > 1.4399 AND 中值乖离率 > 4.1205 AND 233MA乖离ATR > -7.6179 AND 10年美债收益率 > 1.32,不适合:54.5% | 适合:45.5%,不适合,54.46,适合,45.54,8.92,80.97,-26.51,45.54,54.46,弱参考,第一名领先不足10%；相对基准提升不足5%
策略适配树,5,meanReversionShort,高抛均值回归,3,notFit,不适合,211,71.09,中值乖离率 > 1.4399 AND 中值乖离率 > 4.1205 AND 233MA乖离ATR > -7.6179 AND 10年美债收益率 <= 1.32,不适合:71.1% | 适合:28.9%,不适合,71.09,适合,28.91,42.18,80.97,-9.88,28.91,71.09,弱参考,相对基准提升不足5%
策略适配树,5,meanReversionShort,高抛均值回归,4,notFit,不适合,191,57.07,中值乖离率 > 1.4399 AND 中值乖离率 <= 4.1205 AND 美元指数21日变化率 > -0.7187 AND 美元指数代理 > 116.2837,不适合:57.1% | 适合:42.9%,不适合,57.07,适合,42.93,14.14,80.97,-23.9,42.93,57.07,弱参考,样本少于200；相对基准提升不足5%
策略适配树,5,meanReversionShort,高抛均值回归,5,notFit,不适合,98,77.55,中值乖离率 > 1.4399 AND 中值乖离率 <= 4.1205 AND 美元指数21日变化率 > -0.7187 AND 美元指数代理 <= 116.2837,不适合:77.5% | 适合:22.4%,不适合,77.55,适合,22.45,55.1,80.97,-3.42,22.45,77.55,弱参考,样本少于200；相对基准提升不足5%
策略适配树,5,meanReversionShort,高抛均值回归,6,fit,适合,71,69.01,中值乖离率 > 1.4399 AND 中值乖离率 > 4.1205 AND 233MA乖离ATR <= -7.6179,适合:69% | 不适合:31%,适合,69.01,不适合,30.99,38.02,19.03,49.98,69.01,30.99,弱参考,样本少于200
策略适配树,5,meanReversionShort,高抛均值回归,7,notFit,不适合,68,92.65,中值乖离率 > 1.4399 AND 中值乖离率 <= 4.1205 AND 美元指数21日变化率 <= -0.7187 AND 3/21日ATR比 > 0.8077,不适合:92.7% | 适合:7.3%,不适合,92.65,适合,7.35,85.3,80.97,11.68,7.35,92.65,弱参考,样本少于200
策略适配树,5,meanReversionShort,高抛均值回归,8,notFit,不适合,57,70.18,中值乖离率 > 1.4399 AND 中值乖离率 <= 4.1205 AND 美元指数21日变化率 <= -0.7187 AND 3/21日ATR比 <= 0.8077,不适合:70.2% | 适合:29.8%,不适合,70.18,适合,29.82,40.36,80.97,-10.79,29.82,70.18,弱参考,样本少于200；相对基准提升不足5%
策略适配树,5,gridNeutral,震荡网格,1,fit,适合,2691,84.47,233MA乖离ATR <= 8.3332,适合:84.5% | 不适合:15.5%,适合,84.47,不适合,15.53,68.94,82.41,2.06,84.47,15.53,弱参考,相对基准提升不足5%
策略适配树,5,gridNeutral,震荡网格,2,fit,适合,94,62.77,233MA乖离ATR > 8.3332 AND 8日涨跌 <= 17.6636 AND 美元指数代理 > 113.5855 AND 8日ATR百分位 <= 40.6605,适合:62.8% | 不适合:37.2%,适合,62.77,不适合,37.23,25.54,82.41,-19.64,62.77,37.23,弱参考,样本少于200；相对基准提升不足5%
策略适配树,5,gridNeutral,震荡网格,3,notFit,不适合,52,73.08,233MA乖离ATR > 8.3332 AND 8日涨跌 > 17.6636,不适合:73.1% | 适合:26.9%,不适合,73.08,适合,26.92,46.16,17.59,55.49,26.92,73.08,弱参考,样本少于200
策略适配树,5,gridNeutral,震荡网格,4,fit,适合,42,95.24,233MA乖离ATR > 8.3332 AND 8日涨跌 <= 17.6636 AND 美元指数代理 > 113.5855 AND 8日ATR百分位 > 40.6605,适合:95.2% | 不适合:4.8%,适合,95.24,不适合,4.76,90.48,82.41,12.83,95.24,4.76,弱参考,样本少于200
策略适配树,5,gridNeutral,震荡网格,5,notFit,不适合,37,54.05,233MA乖离ATR > 8.3332 AND 8日涨跌 <= 17.6636 AND 美元指数代理 <= 113.5855,不适合:54% | 适合:46%,不适合,54.05,适合,45.95,8.1,17.59,36.46,45.95,54.05,弱参考,样本少于200；第一名领先不足10%
策略适配树,5,waitDefense,防守等待,1,fit,适合,2916,55.97,ALL,适合:56% | 不适合:44%,适合,55.97,不适合,44.03,11.94,55.97,0,55.97,44.03,弱参考,相对基准提升不足5%
策略适配树,10,trendLong,趋势追多,1,notFit,不适合,1470,53.06,34日涨跌 <= 18.7457 AND 233MA乖离ATR > -11.5714 AND 宏观流动性评分 > -3.4951 AND 233MA乖离率 > -16.7416,不适合:53.1% | 适合:46.9%,不适合,53.06,适合,46.94,6.12,46.34,6.72,46.94,53.06,弱参考,第一名领先不足10%
策略适配树,10,trendLong,趋势追多,2,fit,适合,440,60.91,34日涨跌 <= 18.7457 AND 233MA乖离ATR > -11.5714 AND 宏观流动性评分 > -3.4951 AND 233MA乖离率 <= -16.7416,适合:60.9% | 不适合:39.1%,适合,60.91,不适合,39.09,21.82,53.66,7.25,60.91,39.09,观察,达最低门槛，但还不够强
策略适配树,10,trendLong,趋势追多,3,fit,适合,336,57.74,34日涨跌 > 18.7457 AND 34日涨跌 <= 56.6835 AND 8/13日ATR比 <= 1.0893 AND 美元指数21日变化率 <= 0.4398,适合:57.7% | 不适合:42.3%,适合,57.74,不适合,42.26,15.48,53.66,4.08,57.74,42.26,弱参考,相对基准提升不足5%
策略适配树,10,trendLong,趋势追多,4,fit,适合,140,78.57,34日涨跌 > 18.7457 AND 34日涨跌 <= 56.6835 AND 8/13日ATR比 <= 1.0893 AND 美元指数21日变化率 > 0.4398,适合:78.6% | 不适合:21.4%,适合,78.57,不适合,21.43,57.14,53.66,24.91,78.57,21.43,弱参考,样本少于200
策略适配树,10,trendLong,趋势追多,5,fit,适合,99,91.92,34日涨跌 > 18.7457 AND 34日涨跌 <= 56.6835 AND 8/13日ATR比 > 1.0893 AND 8日ATR率 <= 5.8109,适合:91.9% | 不适合:8.1%,适合,91.92,不适合,8.08,83.84,53.66,38.26,91.92,8.08,弱参考,样本少于200
策略适配树,10,trendLong,趋势追多,6,notFit,不适合,97,83.51,34日涨跌 <= 18.7457 AND 233MA乖离ATR > -11.5714 AND 宏观流动性评分 <= -3.4951 AND ATR率 > 3.5453,不适合:83.5% | 适合:16.5%,不适合,83.51,适合,16.49,67.02,46.34,37.17,16.49,83.51,弱参考,样本少于200
策略适配树,10,trendLong,趋势追多,7,fit,适合,76,69.74,34日涨跌 <= 18.7457 AND 233MA乖离ATR <= -11.5714 AND 美元指数21日变化率 > -0.4301 AND 美元指数21日变化率 > 0.3509,适合:69.7% | 不适合:30.3%,适合,69.74,不适合,30.26,39.48,53.66,16.08,69.74,30.26,弱参考,样本少于200
策略适配树,10,trendLong,趋势追多,8,notFit,不适合,60,58.33,34日涨跌 <= 18.7457 AND 233MA乖离ATR > -11.5714 AND 宏观流动性评分 <= -3.4951 AND ATR率 <= 3.5453,不适合:58.3% | 适合:41.7%,不适合,58.33,适合,41.67,16.66,46.34,11.99,41.67,58.33,弱参考,样本少于200
策略适配树,10,trendLong,趋势追多,9,fit,适合,58,94.83,34日涨跌 <= 18.7457 AND 233MA乖离ATR <= -11.5714 AND 美元指数21日变化率 > -0.4301 AND 美元指数21日变化率 <= 0.3509,适合:94.8% | 不适合:5.2%,适合,94.83,不适合,5.17,89.66,53.66,41.17,94.83,5.17,弱参考,样本少于200
策略适配树,10,trendLong,趋势追多,10,notFit,不适合,52,71.15,34日涨跌 > 18.7457 AND 34日涨跌 > 56.6835,不适合:71.2% | 适合:28.9%,不适合,71.15,适合,28.85,42.3,46.34,24.81,28.85,71.15,弱参考,样本少于200
策略适配树,10,trendLong,趋势追多,11,fit,适合,45,64.44,34日涨跌 > 18.7457 AND 34日涨跌 <= 56.6835 AND 8/13日ATR比 > 1.0893 AND 8日ATR率 > 5.8109,适合:64.4% | 不适合:35.6%,适合,64.44,不适合,35.56,28.88,53.66,10.78,64.44,35.56,弱参考,样本少于200
策略适配树,10,trendLong,趋势追多,12,notFit,不适合,38,57.89,34日涨跌 <= 18.7457 AND 233MA乖离ATR <= -11.5714 AND 美元指数21日变化率 <= -0.4301,不适合:57.9% | 适合:42.1%,不适合,57.89,适合,42.11,15.78,46.34,11.55,42.11,57.89,弱参考,样本少于200
策略适配树,10,trendShort,趋势做空,1,fit,适合,1470,53.06,34日涨跌 <= 18.7457 AND 233MA乖离ATR > -11.5714 AND 宏观流动性评分 > -3.4951 AND 233MA乖离率 > -16.7416,适合:53.1% | 不适合:46.9%,适合,53.06,不适合,46.94,6.12,46.34,6.72,53.06,46.94,弱参考,第一名领先不足10%
策略适配树,10,trendShort,趋势做空,2,notFit,不适合,440,60.91,34日涨跌 <= 18.7457 AND 233MA乖离ATR > -11.5714 AND 宏观流动性评分 > -3.4951 AND 233MA乖离率 <= -16.7416,不适合:60.9% | 适合:39.1%,不适合,60.91,适合,39.09,21.82,53.66,7.25,39.09,60.91,观察,达最低门槛，但还不够强
策略适配树,10,trendShort,趋势做空,3,notFit,不适合,336,57.74,34日涨跌 > 18.7457 AND 34日涨跌 <= 56.6835 AND 8/13日ATR比 <= 1.0893 AND 美元指数21日变化率 <= 0.4398,不适合:57.7% | 适合:42.3%,不适合,57.74,适合,42.26,15.48,53.66,4.08,42.26,57.74,弱参考,相对基准提升不足5%
策略适配树,10,trendShort,趋势做空,4,notFit,不适合,140,78.57,34日涨跌 > 18.7457 AND 34日涨跌 <= 56.6835 AND 8/13日ATR比 <= 1.0893 AND 美元指数21日变化率 > 0.4398,不适合:78.6% | 适合:21.4%,不适合,78.57,适合,21.43,57.14,53.66,24.91,21.43,78.57,弱参考,样本少于200
策略适配树,10,trendShort,趋势做空,5,notFit,不适合,99,91.92,34日涨跌 > 18.7457 AND 34日涨跌 <= 56.6835 AND 8/13日ATR比 > 1.0893 AND 8日ATR率 <= 5.8109,不适合:91.9% | 适合:8.1%,不适合,91.92,适合,8.08,83.84,53.66,38.26,8.08,91.92,弱参考,样本少于200
策略适配树,10,trendShort,趋势做空,6,fit,适合,97,83.51,34日涨跌 <= 18.7457 AND 233MA乖离ATR > -11.5714 AND 宏观流动性评分 <= -3.4951 AND ATR率 > 3.5453,适合:83.5% | 不适合:16.5%,适合,83.51,不适合,16.49,67.02,46.34,37.17,83.51,16.49,弱参考,样本少于200
策略适配树,10,trendShort,趋势做空,7,notFit,不适合,76,69.74,34日涨跌 <= 18.7457 AND 233MA乖离ATR <= -11.5714 AND 美元指数21日变化率 > -0.4301 AND 美元指数21日变化率 > 0.3509,不适合:69.7% | 适合:30.3%,不适合,69.74,适合,30.26,39.48,53.66,16.08,30.26,69.74,弱参考,样本少于200
策略适配树,10,trendShort,趋势做空,8,fit,适合,60,58.33,34日涨跌 <= 18.7457 AND 233MA乖离ATR > -11.5714 AND 宏观流动性评分 <= -3.4951 AND ATR率 <= 3.5453,适合:58.3% | 不适合:41.7%,适合,58.33,不适合,41.67,16.66,46.34,11.99,58.33,41.67,弱参考,样本少于200
策略适配树,10,trendShort,趋势做空,9,notFit,不适合,58,94.83,34日涨跌 <= 18.7457 AND 233MA乖离ATR <= -11.5714 AND 美元指数21日变化率 > -0.4301 AND 美元指数21日变化率 <= 0.3509,不适合:94.8% | 适合:5.2%,不适合,94.83,适合,5.17,89.66,53.66,41.17,5.17,94.83,弱参考,样本少于200
策略适配树,10,trendShort,趋势做空,10,fit,适合,52,71.15,34日涨跌 > 18.7457 AND 34日涨跌 > 56.6835,适合:71.2% | 不适合:28.9%,适合,71.15,不适合,28.85,42.3,46.34,24.81,71.15,28.85,弱参考,样本少于200
策略适配树,10,trendShort,趋势做空,11,notFit,不适合,45,64.44,34日涨跌 > 18.7457 AND 34日涨跌 <= 56.6835 AND 8/13日ATR比 > 1.0893 AND 8日ATR率 > 5.8109,不适合:64.4% | 适合:35.6%,不适合,64.44,适合,35.56,28.88,53.66,10.78,35.56,64.44,弱参考,样本少于200
策略适配树,10,trendShort,趋势做空,12,fit,适合,38,57.89,34日涨跌 <= 18.7457 AND 233MA乖离ATR <= -11.5714 AND 美元指数21日变化率 <= -0.4301,适合:57.9% | 不适合:42.1%,适合,57.89,不适合,42.11,15.78,46.34,11.55,57.89,42.11,弱参考,样本少于200
策略适配树,10,breakoutUp,向上突破,1,notFit,不适合,661,59.15,ATR率 > 3.7553 AND 34日涨跌 <= 19.5324 AND 趋势动能 > -7.5545 AND 233MA乖离率 > -17.8635,不适合:59.1% | 适合:40.9%,不适合,59.15,适合,40.85,18.3,39.16,19.99,40.85,59.15,观察,达最低门槛，但还不够强
策略适配树,10,breakoutUp,向上突破,2,fit,适合,442,79.19,ATR率 <= 3.7553 AND 233MA乖离ATR > -11.4299 AND 宏观流动性评分 > -0.1805 AND 中值位置百分位 > 54.0884,适合:79.2% | 不适合:20.8%,适合,79.19,不适合,20.81,58.38,60.84,18.35,79.19,20.81,强参考,样本、纯度、优势差距都达标
策略适配树,10,breakoutUp,向上突破,3,fit,适合,293,69.28,ATR率 > 3.7553 AND 34日涨跌 <= 19.5324 AND 趋势动能 <= -7.5545 AND 13/21日ATR比 <= 1.0412,适合:69.3% | 不适合:30.7%,适合,69.28,不适合,30.72,38.56,60.84,8.44,69.28,30.72,观察,达最低门槛，但还不够强
策略适配树,10,breakoutUp,向上突破,4,fit,适合,293,56.31,ATR率 > 3.7553 AND 34日涨跌 <= 19.5324 AND 趋势动能 > -7.5545 AND 233MA乖离率 <= -17.8635,适合:56.3% | 不适合:43.7%,适合,56.31,不适合,43.69,12.62,60.84,-4.53,56.31,43.69,弱参考,相对基准提升不足5%
策略适配树,10,breakoutUp,向上突破,5,fit,适合,283,80.57,ATR率 > 3.7553 AND 34日涨跌 > 19.5324 AND 34日涨跌 <= 53.2059 AND M2 63日变化率 > 0.7869,适合:80.6% | 不适合:19.4%,适合,80.57,不适合,19.43,61.14,60.84,19.73,80.57,19.43,观察,达最低门槛，但还不够强
策略适配树,10,breakoutUp,向上突破,6,fit,适合,251,69.72,ATR率 <= 3.7553 AND 233MA乖离ATR > -11.4299 AND 宏观流动性评分 <= -0.1805 AND 联邦基金利率 > 4.45,适合:69.7% | 不适合:30.3%,适合,69.72,不适合,30.28,39.44,60.84,8.88,69.72,30.28,观察,达最低门槛，但还不够强
策略适配树,10,breakoutUp,向上突破,7,fit,适合,196,61.22,ATR率 <= 3.7553 AND 233MA乖离ATR > -11.4299 AND 宏观流动性评分 > -0.1805 AND 中值位置百分位 <= 54.0884,适合:61.2% | 不适合:38.8%,适合,61.22,不适合,38.78,22.44,60.84,0.38,61.22,38.78,弱参考,样本少于200；相对基准提升不足5%
策略适配树,10,breakoutUp,向上突破,8,notFit,不适合,144,56.25,ATR率 <= 3.7553 AND 233MA乖离ATR > -11.4299 AND 宏观流动性评分 <= -0.1805 AND 联邦基金利率 <= 4.45,不适合:56.3% | 适合:43.8%,不适合,56.25,适合,43.75,12.5,39.16,17.09,43.75,56.25,弱参考,样本少于200
策略适配树,10,breakoutUp,向上突破,9,notFit,不适合,131,60.31,ATR率 > 3.7553 AND 34日涨跌 <= 19.5324 AND 趋势动能 <= -7.5545 AND 13/21日ATR比 > 1.0412,不适合:60.3% | 适合:39.7%,不适合,60.31,适合,39.69,20.62,39.16,21.15,39.69,60.31,弱参考,样本少于200
策略适配树,10,breakoutUp,向上突破,10,fit,适合,86,90.7,ATR率 <= 3.7553 AND 233MA乖离ATR <= -11.4299,适合:90.7% | 不适合:9.3%,适合,90.7,不适合,9.3,81.4,60.84,29.86,90.7,9.3,弱参考,样本少于200
策略适配树,10,breakoutUp,向上突破,11,fit,适合,67,53.73,ATR率 > 3.7553 AND 34日涨跌 > 19.5324 AND 34日涨跌 <= 53.2059 AND M2 63日变化率 <= 0.7869,适合:53.7% | 不适合:46.3%,适合,53.73,不适合,46.27,7.46,60.84,-7.11,53.73,46.27,弱参考,样本少于200；第一名领先不足10%；相对基准提升不足5%
策略适配树,10,breakoutUp,向上突破,12,notFit,不适合,64,51.56,ATR率 > 3.7553 AND 34日涨跌 > 19.5324 AND 34日涨跌 > 53.2059,不适合:51.6% | 适合:48.4%,不适合,51.56,适合,48.44,3.12,39.16,12.4,48.44,51.56,弱参考,样本少于200；第一名领先不足10%
策略适配树,10,breakoutDown,向下突破,1,fit,适合,596,66.78,13日ATR百分位 <= 54.2398 AND 13日ATR率 > 3.6479 AND 10年美债21日变化bp > -3.5 AND M2 63日变化率 > 0.2144,适合:66.8% | 不适合:33.2%,适合,66.78,不适合,33.22,33.56,57.23,9.55,66.78,33.22,强参考,样本、纯度、优势差距都达标
策略适配树,10,breakoutDown,向下突破,2,fit,适合,569,63.97,13日ATR百分位 <= 54.2398 AND 13日ATR率 <= 3.6479 AND M2货币供应 > 20769.3 AND 233MA乖离率 > -14.3795,适合:64% | 不适合:36%,适合,63.97,不适合,36.03,27.94,57.23,6.74,63.97,36.03,观察,达最低门槛，但还不够强
策略适配树,10,breakoutDown,向下突破,3,fit,适合,410,60.98,13日ATR百分位 <= 54.2398 AND 13日ATR率 > 3.6479 AND 10年美债21日变化bp <= -3.5 AND M2 63日变化率 > -0.5813,适合:61% | 不适合:39%,适合,60.98,不适合,39.02,21.96,57.23,3.75,60.98,39.02,弱参考,相对基准提升不足5%
策略适配树,10,breakoutDown,向下突破,4,notFit,不适合,318,61.95,13日ATR百分位 <= 54.2398 AND 13日ATR率 <= 3.6479 AND M2货币供应 <= 20769.3 AND 联邦基金利率63日变化bp <= 26.5,不适合:62% | 适合:38%,不适合,61.95,适合,38.05,23.9,42.77,19.18,38.05,61.95,观察,达最低门槛，但还不够强
策略适配树,10,breakoutDown,向下突破,5,fit,适合,160,85.63,13日ATR百分位 <= 54.2398 AND 13日ATR率 > 3.6479 AND 10年美债21日变化bp > -3.5 AND M2 63日变化率 <= 0.2144,适合:85.6% | 不适合:14.4%,适合,85.63,不适合,14.37,71.26,57.23,28.4,85.63,14.37,弱参考,样本少于200
策略适配树,10,breakoutDown,向下突破,6,notFit,不适合,156,54.49,13日ATR百分位 > 54.2398 AND 中值乖离率 <= 0.8232 AND 10年美债收益率 <= 2.985 AND 美元指数代理 <= 115.334,不适合:54.5% | 适合:45.5%,不适合,54.49,适合,45.51,8.98,42.77,11.72,45.51,54.49,弱参考,样本少于200；第一名领先不足10%
策略适配树,10,breakoutDown,向下突破,7,notFit,不适合,139,82.01,13日ATR百分位 > 54.2398 AND 中值乖离率 <= 0.8232 AND 10年美债收益率 <= 2.985 AND 美元指数代理 > 115.334,不适合:82% | 适合:18%,不适合,82.01,适合,17.99,64.02,42.77,39.24,17.99,82.01,弱参考,样本少于200
策略适配树,10,breakoutDown,向下突破,8,notFit,不适合,103,60.19,13日ATR百分位 <= 54.2398 AND 13日ATR率 <= 3.6479 AND M2货币供应 > 20769.3 AND 233MA乖离率 <= -14.3795,不适合:60.2% | 适合:39.8%,不适合,60.19,适合,39.81,20.38,42.77,17.42,39.81,60.19,弱参考,样本少于200
策略适配树,10,breakoutDown,向下突破,9,notFit,不适合,75,62.67,13日ATR百分位 > 54.2398 AND 中值乖离率 > 0.8232 AND 233MA乖离率 <= 67.7736 AND 振幅/21日ATR > 0.911,不适合:62.7% | 适合:37.3%,不适合,62.67,适合,37.33,25.34,42.77,19.9,37.33,62.67,弱参考,样本少于200
策略适配树,10,breakoutDown,向下突破,10,fit,适合,65,60,13日ATR百分位 > 54.2398 AND 中值乖离率 > 0.8232 AND 233MA乖离率 > 67.7736 AND 8日涨跌 > 9.823,适合:60% | 不适合:40%,适合,60,不适合,40,20,57.23,2.77,60,40,弱参考,样本少于200；相对基准提升不足5%
策略适配树,10,breakoutDown,向下突破,11,fit,适合,64,65.63,13日ATR百分位 > 54.2398 AND 中值乖离率 > 0.8232 AND 233MA乖离率 <= 67.7736 AND 振幅/21日ATR <= 0.911,适合:65.6% | 不适合:34.4%,适合,65.63,不适合,34.38,31.25,57.23,8.4,65.63,34.38,弱参考,样本少于200
策略适配树,10,breakoutDown,向下突破,12,fit,适合,63,73.02,13日ATR百分位 > 54.2398 AND 中值乖离率 <= 0.8232 AND 10年美债收益率 > 2.985 AND 233MA乖离率 <= -31.9605,适合:73% | 不适合:27%,适合,73.02,不适合,26.98,46.04,57.23,15.79,73.02,26.98,弱参考,样本少于200
策略适配树,10,breakoutDown,向下突破,13,notFit,不适合,55,67.27,13日ATR百分位 > 54.2398 AND 中值乖离率 <= 0.8232 AND 10年美债收益率 > 2.985 AND 233MA乖离率 > -31.9605,不适合:67.3% | 适合:32.7%,不适合,67.27,适合,32.73,34.54,42.77,24.5,32.73,67.27,弱参考,样本少于200
策略适配树,10,breakoutDown,向下突破,14,fit,适合,55,85.45,13日ATR百分位 > 54.2398 AND 中值乖离率 > 0.8232 AND 233MA乖离率 > 67.7736 AND 8日涨跌 <= 9.823,适合:85.5% | 不适合:14.6%,适合,85.45,不适合,14.55,70.9,57.23,28.22,85.45,14.55,弱参考,样本少于200
策略适配树,10,breakoutDown,向下突破,15,fit,适合,43,74.42,13日ATR百分位 <= 54.2398 AND 13日ATR率 <= 3.6479 AND M2货币供应 <= 20769.3 AND 联邦基金利率63日变化bp > 26.5,适合:74.4% | 不适合:25.6%,适合,74.42,不适合,25.58,48.84,57.23,17.19,74.42,25.58,弱参考,样本少于200
策略适配树,10,breakoutDown,向下突破,16,notFit,不适合,40,82.5,13日ATR百分位 <= 54.2398 AND 13日ATR率 > 3.6479 AND 10年美债21日变化bp <= -3.5 AND M2 63日变化率 <= -0.5813,不适合:82.5% | 适合:17.5%,不适合,82.5,适合,17.5,65,42.77,39.73,17.5,82.5,弱参考,样本少于200
策略适配树,10,meanReversionLong,低吸均值回归,1,notFit,不适合,2016,97.57,中值乖离率 > -2.7889,不适合:97.6% | 适合:2.4%,不适合,97.57,适合,2.43,95.14,85.95,11.62,2.43,97.57,强参考,样本、纯度、优势差距都达标
策略适配树,10,meanReversionLong,低吸均值回归,2,notFit,不适合,217,67.28,中值乖离率 <= -2.7889 AND 中值位置百分位 <= 40.9805 AND ATR百分位 <= 39.8909 AND M2 63日变化率 > -0.0831,不适合:67.3% | 适合:32.7%,不适合,67.28,适合,32.72,34.56,85.95,-18.67,32.72,67.28,弱参考,相对基准提升不足5%
策略适配树,10,meanReversionLong,低吸均值回归,3,notFit,不适合,199,76.38,中值乖离率 <= -2.7889 AND 中值位置百分位 > 40.9805 AND 8日涨跌 <= 1.0926 AND 振幅率 <= 5.8555,不适合:76.4% | 适合:23.6%,不适合,76.38,适合,23.62,52.76,85.95,-9.57,23.62,76.38,弱参考,样本少于200；相对基准提升不足5%
策略适配树,10,meanReversionLong,低吸均值回归,4,fit,适合,157,69.43,中值乖离率 <= -2.7889 AND 中值位置百分位 <= 40.9805 AND ATR百分位 > 39.8909 AND 13/21日ATR比 <= 1.0412,适合:69.4% | 不适合:30.6%,适合,69.43,不适合,30.57,38.86,14.05,55.38,69.43,30.57,弱参考,样本少于200
策略适配树,10,meanReversionLong,低吸均值回归,5,notFit,不适合,99,59.6,中值乖离率 <= -2.7889 AND 中值位置百分位 <= 40.9805 AND ATR百分位 > 39.8909 AND 13/21日ATR比 > 1.0412,不适合:59.6% | 适合:40.4%,不适合,59.6,适合,40.4,19.2,85.95,-26.35,40.4,59.6,弱参考,样本少于200；相对基准提升不足5%
策略适配树,10,meanReversionLong,低吸均值回归,6,notFit,不适合,89,57.3,中值乖离率 <= -2.7889 AND 中值位置百分位 > 40.9805 AND 8日涨跌 <= 1.0926 AND 振幅率 > 5.8555,不适合:57.3% | 适合:42.7%,不适合,57.3,适合,42.7,14.6,85.95,-28.65,42.7,57.3,弱参考,样本少于200；相对基准提升不足5%
策略适配树,10,meanReversionLong,低吸均值回归,7,fit,适合,81,62.96,中值乖离率 <= -2.7889 AND 中值位置百分位 <= 40.9805 AND ATR百分位 <= 39.8909 AND M2 63日变化率 <= -0.0831,适合:63% | 不适合:37%,适合,62.96,不适合,37.04,25.92,14.05,48.91,62.96,37.04,弱参考,样本少于200
策略适配树,10,meanReversionLong,低吸均值回归,8,notFit,不适合,53,92.45,中值乖离率 <= -2.7889 AND 中值位置百分位 > 40.9805 AND 8日涨跌 > 1.0926,不适合:92.5% | 适合:7.5%,不适合,92.45,适合,7.55,84.9,85.95,6.5,7.55,92.45,弱参考,样本少于200
策略适配树,10,meanReversionShort,高抛均值回归,1,notFit,不适合,1791,97.43,中值乖离率 <= 2.8799,不适合:97.4% | 适合:2.6%,不适合,97.43,适合,2.57,94.86,84.58,12.85,2.57,97.43,强参考,样本、纯度、优势差距都达标
策略适配树,10,meanReversionShort,高抛均值回归,2,notFit,不适合,377,58.36,中值乖离率 > 2.8799 AND 美元指数21日变化率 > -1.3097 AND M2 63日变化率 > 0.6089 AND ATR率 > 4.1174,不适合:58.4% | 适合:41.6%,不适合,58.36,适合,41.64,16.72,84.58,-26.22,41.64,58.36,弱参考,相对基准提升不足5%
策略适配树,10,meanReversionShort,高抛均值回归,3,notFit,不适合,322,72.36,中值乖离率 > 2.8799 AND 美元指数21日变化率 > -1.3097 AND M2 63日变化率 > 0.6089 AND ATR率 <= 4.1174,不适合:72.4% | 适合:27.6%,不适合,72.36,适合,27.64,44.72,84.58,-12.22,27.64,72.36,弱参考,相对基准提升不足5%
策略适配树,10,meanReversionShort,高抛均值回归,4,fit,适合,169,58.58,中值乖离率 > 2.8799 AND 美元指数21日变化率 > -1.3097 AND M2 63日变化率 <= 0.6089 AND 中值位置百分位 > 65.9795,适合:58.6% | 不适合:41.4%,适合,58.58,不适合,41.42,17.16,15.42,43.16,58.58,41.42,弱参考,样本少于200
策略适配树,10,meanReversionShort,高抛均值回归,5,notFit,不适合,76,75,中值乖离率 > 2.8799 AND 美元指数21日变化率 <= -1.3097 AND 宏观流动性评分 > 0.9464 AND 8日ATR百分位 > 22.0702,不适合:75% | 适合:25%,不适合,75,适合,25,50,84.58,-9.58,25,75,弱参考,样本少于200；相对基准提升不足5%
策略适配树,10,meanReversionShort,高抛均值回归,6,notFit,不适合,75,70.67,中值乖离率 > 2.8799 AND 美元指数21日变化率 > -1.3097 AND M2 63日变化率 <= 0.6089 AND 中值位置百分位 <= 65.9795,不适合:70.7% | 适合:29.3%,不适合,70.67,适合,29.33,41.34,84.58,-13.91,29.33,70.67,弱参考,样本少于200；相对基准提升不足5%
策略适配树,10,meanReversionShort,高抛均值回归,7,notFit,不适合,64,96.88,中值乖离率 > 2.8799 AND 美元指数21日变化率 <= -1.3097 AND 宏观流动性评分 > 0.9464 AND 8日ATR百分位 <= 22.0702,不适合:96.9% | 适合:3.1%,不适合,96.88,适合,3.13,93.75,84.58,12.3,3.13,96.88,弱参考,样本少于200
策略适配树,10,meanReversionShort,高抛均值回归,8,notFit,不适合,37,59.46,中值乖离率 > 2.8799 AND 美元指数21日变化率 <= -1.3097 AND 宏观流动性评分 <= 0.9464,不适合:59.5% | 适合:40.5%,不适合,59.46,适合,40.54,18.92,84.58,-25.12,40.54,59.46,弱参考,样本少于200；相对基准提升不足5%
策略适配树,10,gridNeutral,震荡网格,1,fit,适合,1107,82.38,21日ATR百分位 > 2.6639 AND MA位置百分位 <= 89.8215 AND 21日ATR百分位 <= 36.0587 AND 联邦基金利率63日变化bp > -23.5,适合:82.4% | 不适合:17.6%,适合,82.38,不适合,17.62,64.76,80.76,1.62,82.38,17.62,弱参考,相对基准提升不足5%
策略适配树,10,gridNeutral,震荡网格,2,fit,适合,607,98.68,21日ATR百分位 > 2.6639 AND MA位置百分位 <= 89.8215 AND 21日ATR百分位 > 36.0587 AND 联邦基金利率 > 1.095,适合:98.7% | 不适合:1.3%,适合,98.68,不适合,1.32,97.36,80.76,17.92,98.68,1.32,强参考,样本、纯度、优势差距都达标
策略适配树,10,gridNeutral,震荡网格,3,fit,适合,525,83.05,21日ATR百分位 > 2.6639 AND MA位置百分位 <= 89.8215 AND 21日ATR百分位 > 36.0587 AND 联邦基金利率 <= 1.095,适合:83% | 不适合:16.9%,适合,83.05,不适合,16.95,66.1,80.76,2.29,83.05,16.95,弱参考,相对基准提升不足5%
策略适配树,10,gridNeutral,震荡网格,4,fit,适合,213,65.26,21日ATR百分位 > 2.6639 AND MA位置百分位 <= 89.8215 AND 21日ATR百分位 <= 36.0587 AND 联邦基金利率63日变化bp <= -23.5,适合:65.3% | 不适合:34.7%,适合,65.26,不适合,34.74,30.52,80.76,-15.5,65.26,34.74,弱参考,相对基准提升不足5%
策略适配树,10,gridNeutral,震荡网格,5,fit,适合,96,77.08,21日ATR百分位 > 2.6639 AND MA位置百分位 > 89.8215 AND 21日ATR率 <= 4.9894 AND M2 63日变化率 <= 0.9385,适合:77.1% | 不适合:22.9%,适合,77.08,不适合,22.92,54.16,80.76,-3.68,77.08,22.92,弱参考,样本少于200；相对基准提升不足5%
策略适配树,10,gridNeutral,震荡网格,6,notFit,不适合,85,71.76,21日ATR百分位 <= 2.6639 AND ATR率 <= 2.243,不适合:71.8% | 适合:28.2%,不适合,71.76,适合,28.24,43.52,19.24,52.52,28.24,71.76,弱参考,样本少于200
策略适配树,10,gridNeutral,震荡网格,7,notFit,不适合,85,64.71,21日ATR百分位 > 2.6639 AND MA位置百分位 > 89.8215 AND 21日ATR率 <= 4.9894 AND M2 63日变化率 > 0.9385,不适合:64.7% | 适合:35.3%,不适合,64.71,适合,35.29,29.42,19.24,45.47,35.29,64.71,弱参考,样本少于200
策略适配树,10,gridNeutral,震荡网格,8,fit,适合,84,55.95,21日ATR百分位 <= 2.6639 AND ATR率 > 2.243 AND MA位置百分位 <= 78.2696,适合:56% | 不适合:44%,适合,55.95,不适合,44.05,11.9,80.76,-24.81,55.95,44.05,弱参考,样本少于200；相对基准提升不足5%
策略适配树,10,gridNeutral,震荡网格,9,fit,适合,55,87.27,21日ATR百分位 > 2.6639 AND MA位置百分位 > 89.8215 AND 21日ATR率 > 4.9894,适合:87.3% | 不适合:12.7%,适合,87.27,不适合,12.73,74.54,80.76,6.51,87.27,12.73,弱参考,样本少于200
策略适配树,10,gridNeutral,震荡网格,10,fit,适合,54,77.78,21日ATR百分位 <= 2.6639 AND ATR率 > 2.243 AND MA位置百分位 > 78.2696,适合:77.8% | 不适合:22.2%,适合,77.78,不适合,22.22,55.56,80.76,-2.98,77.78,22.22,弱参考,样本少于200；相对基准提升不足5%
策略适配树,10,waitDefense,防守等待,1,fit,适合,2911,62.66,ALL,适合:62.7% | 不适合:37.3%,适合,62.66,不适合,37.34,25.32,62.66,0,62.66,37.34,弱参考,相对基准提升不足5%
