stateId,stateName,routeLabel,routeKey,light,signalType,horizon,occurrences,avgScore,successRatePct,directionalWinRatePct,avgRouteReturnPct,avgFutureReturnPct,rankScore
5,低波动压缩态,震荡网格,gridNeutral,绿灯,震荡状态信号,1,579,49.47,88.6,,-1.5502,-0.0093,75.67
5,低波动压缩态,震荡网格,gridNeutral,绿灯,震荡状态信号,3,579,49.47,83.42,,-3.0485,-0.0392,70.35
5,低波动压缩态,震荡网格,gridNeutral,绿灯,震荡状态信号,5,579,49.47,80.83,,-4.2109,0.0316,66.86
5,低波动压缩态,防守等待,waitDefense,黄灯,风险过滤信号,10,579,64.18,66.15,,3.2088,0.1424,62.74
5,低波动压缩态,向上突破,breakoutUp,黄灯,波动方向信号,10,579,24.96,61.14,50.95,6.7373,0.1424,61
5,低波动压缩态,震荡网格,gridNeutral,绿灯,震荡状态信号,10,579,49.47,77.89,,-6.5601,0.1424,60.84
5,低波动压缩态,向下突破,breakoutDown,黄灯,波动方向信号,10,579,30.49,60.28,49.05,6.4879,0.1424,60.07
5,低波动压缩态,趋势追多,trendLong,黄灯,方向信号,10,579,37.43,50.95,50.95,0.1424,0.1424,45.47
5,低波动压缩态,趋势追多,trendLong,黄灯,方向信号,1,579,37.43,50.09,50.09,-0.0093,-0.0093,44.3
5,低波动压缩态,趋势追多,trendLong,黄灯,方向信号,3,579,37.43,50.09,50.09,-0.0392,-0.0392,44.24
5,低波动压缩态,防守等待,waitDefense,观察,风险过滤信号,5,579,64.18,57.86,,2.0896,0.0316,41.77
5,低波动压缩态,趋势做空,trendShort,黄灯,方向信号,5,579,19.76,50.6,50.6,-0.0316,0.0316,41.6
5,低波动压缩态,防守等待,waitDefense,观察,风险过滤信号,3,579,64.18,54.58,,1.5439,-0.0392,39.2
5,低波动压缩态,防守等待,waitDefense,观察,风险过滤信号,1,579,64.18,50.26,,0.7798,-0.0093,35.73
5,低波动压缩态,向下突破,breakoutDown,红灯,波动方向信号,5,579,30.49,43.87,50.6,4.281,0.0316,34.12
5,低波动压缩态,向上突破,breakoutUp,红灯,波动方向信号,5,579,24.96,45.25,49.4,4.3333,0.0316,33.19
5,低波动压缩态,趋势追多,trendLong,红灯,方向信号,5,579,37.43,49.4,49.4,0.0316,0.0316,28.7
5,低波动压缩态,趋势做空,trendShort,红灯,方向信号,3,579,19.76,49.91,49.91,0.0392,-0.0392,26.05
5,低波动压缩态,向下突破,breakoutDown,红灯,波动方向信号,3,579,30.49,31.43,49.91,3.2086,-0.0392,26
5,低波动压缩态,趋势做空,trendShort,红灯,方向信号,1,579,19.76,49.91,49.91,0.0093,-0.0093,25.99
5,低波动压缩态,向上突破,breakoutUp,红灯,波动方向信号,3,579,24.96,31.61,50.09,3.1665,-0.0392,25.1
5,低波动压缩态,趋势做空,trendShort,红灯,方向信号,10,579,19.76,49.05,49.05,-0.1424,0.1424,24.82
5,低波动压缩态,低吸均值回归,meanReversionLong,红灯,位置回归信号,10,579,27.65,25.04,50.95,0.1424,0.1424,17.05
5,低波动压缩态,低吸均值回归,meanReversionLong,红灯,位置回归信号,3,579,27.65,25.04,50.09,-0.0392,-0.0392,16.21
5,低波动压缩态,低吸均值回归,meanReversionLong,红灯,位置回归信号,1,579,27.65,24.18,50.09,-0.0093,-0.0093,15.89
5,低波动压缩态,低吸均值回归,meanReversionLong,红灯,位置回归信号,5,579,27.65,23.14,49.4,0.0316,0.0316,15.12
5,低波动压缩态,向下突破,breakoutDown,红灯,波动方向信号,1,579,30.49,11.23,49.91,1.5605,-0.0093,13.61
5,低波动压缩态,高抛均值回归,meanReversionShort,红灯,位置回归信号,1,579,23.08,19.52,49.91,0.0093,-0.0093,12.91
5,低波动压缩态,高抛均值回归,meanReversionShort,红灯,位置回归信号,5,579,23.08,17.1,50.6,-0.0316,0.0316,12.12
5,低波动压缩态,高抛均值回归,meanReversionShort,红灯,位置回归信号,3,579,23.08,17.1,49.91,0.0392,-0.0392,11.88
5,低波动压缩态,向上突破,breakoutUp,红灯,波动方向信号,1,579,24.96,8.98,50.09,1.5543,-0.0093,11.69
5,低波动压缩态,高抛均值回归,meanReversionShort,红灯,位置回归信号,10,579,23.08,15.37,49.05,-0.1424,0.1424,10.26
3,中性震荡态,震荡网格,gridNeutral,绿灯,震荡状态信号,1,474,47.92,85.65,,-1.6379,-0.0293,73.89
3,中性震荡态,震荡网格,gridNeutral,绿灯,震荡状态信号,3,472,48.04,82.42,,-3.3506,-0.0903,69.03
3,中性震荡态,震荡网格,gridNeutral,绿灯,震荡状态信号,5,470,48.04,80.64,,-4.4305,-0.0149,66.07
3,中性震荡态,向下突破,breakoutDown,黄灯,波动方向信号,10,465,28.14,61.94,51.61,6.5369,0.3273,61.9
3,中性震荡态,防守等待,waitDefense,黄灯,风险过滤信号,10,465,44.26,65.81,,3.3977,0.3273,59.37
3,中性震荡态,向上突破,breakoutUp,黄灯,波动方向信号,10,465,24.32,60,48.39,6.6842,0.3273,58.86
3,中性震荡态,震荡网格,gridNeutral,绿灯,震荡状态信号,10,465,48.17,74.62,,-7.1226,0.3273,58.01
3,中性震荡态,趋势追多,trendLong,黄灯,方向信号,1,474,44.54,53.16,53.16,-0.0293,-0.0293,48.62
3,中性震荡态,趋势做空,trendShort,黄灯,方向信号,3,472,37.79,51.69,51.69,0.0903,-0.0903,46.18
3,中性震荡态,趋势做空,trendShort,黄灯,方向信号,10,465,37.41,51.61,51.61,-0.3273,0.3273,45.19
3,中性震荡态,趋势做空,trendShort,黄灯,方向信号,5,470,37.62,50.21,50.21,0.0149,-0.0149,44.51
3,中性震荡态,防守等待,waitDefense,观察,风险过滤信号,5,470,44.31,55.96,,2.2227,-0.0149,37.6
3,中性震荡态,防守等待,waitDefense,观察,风险过滤信号,3,472,44.28,52.75,,1.7204,-0.0903,35.15
3,中性震荡态,向下突破,breakoutDown,红灯,波动方向信号,5,470,28.44,44.47,50.21,4.2519,-0.0149,33.75
3,中性震荡态,向上突破,breakoutUp,红灯,波动方向信号,5,470,24.1,42.55,49.79,4.2145,-0.0149,31.8
3,中性震荡态,防守等待,waitDefense,观察,风险过滤信号,1,474,44.27,46.84,,0.8336,-0.0293,30.71
3,中性震荡态,趋势追多,trendLong,红灯,方向信号,5,470,44.73,49.79,49.79,-0.0149,-0.0149,30.31
3,中性震荡态,趋势追多,trendLong,红灯,方向信号,10,465,45.13,48.39,48.39,0.3273,0.3273,29.66
3,中性震荡态,趋势追多,trendLong,红灯,方向信号,3,472,44.6,48.31,48.31,-0.0903,-0.0903,28.65
3,中性震荡态,向下突破,breakoutDown,红灯,波动方向信号,3,472,28.53,32.2,51.69,3.2079,-0.0903,26.97
3,中性震荡态,趋势做空,trendShort,红灯,方向信号,1,474,37.99,46.84,46.84,0.0293,-0.0293,26.23
3,中性震荡态,向上突破,breakoutUp,红灯,波动方向信号,3,472,24,30.3,48.31,3.098,-0.0903,23.22
3,中性震荡态,低吸均值回归,meanReversionLong,红灯,位置回归信号,1,474,23.74,26.37,53.16,-0.0293,-0.0293,17.82
3,中性震荡态,向上突破,breakoutUp,红灯,波动方向信号,1,474,23.95,12.24,53.16,1.6417,-0.0293,14.84
3,中性震荡态,低吸均值回归,meanReversionLong,红灯,位置回归信号,5,470,23.51,23.19,49.79,-0.0149,-0.0149,14.52
3,中性震荡态,低吸均值回归,meanReversionLong,红灯,位置回归信号,3,472,23.58,23.73,48.31,-0.0903,-0.0903,13.81
3,中性震荡态,低吸均值回归,meanReversionLong,红灯,位置回归信号,10,465,23.3,21.51,48.39,0.3273,0.3273,13.64
3,中性震荡态,高抛均值回归,meanReversionShort,红灯,位置回归信号,3,472,19.49,17.8,51.69,0.0903,-0.0903,12.63
3,中性震荡态,向下突破,breakoutDown,红灯,波动方向信号,1,474,28.69,12.03,46.84,1.6908,-0.0293,12.22
3,中性震荡态,高抛均值回归,meanReversionShort,红灯,位置回归信号,10,465,19.69,15.7,51.61,-0.3273,0.3273,10.84
3,中性震荡态,高抛均值回归,meanReversionShort,红灯,位置回归信号,5,470,19.55,14.47,50.21,0.0149,-0.0149,10.18
3,中性震荡态,高抛均值回归,meanReversionShort,红灯,位置回归信号,1,474,19.5,16.46,46.84,0.0293,-0.0293,9.23
7,下侧趋势共振态,趋势追多,trendLong,绿灯,方向信号,10,456,42.73,56.58,56.58,2.2803,2.2803,71.33
7,下侧趋势共振态,震荡网格,gridNeutral,绿灯,震荡状态信号,1,456,29.04,90.57,,-2.4507,0.1252,71.08
7,下侧趋势共振态,趋势追多,trendLong,绿灯,方向信号,5,456,42.73,55.04,55.04,1.2351,1.2351,67.7
7,下侧趋势共振态,震荡网格,gridNeutral,绿灯,震荡状态信号,3,456,29.04,91.67,,-4.4261,0.6381,67.62
7,下侧趋势共振态,向上突破,breakoutUp,黄灯,波动方向信号,10,456,12.35,58.77,56.58,9.4079,2.2803,62.29
7,下侧趋势共振态,趋势追多,trendLong,黄灯,方向信号,3,456,42.73,54.39,54.39,0.6381,0.6381,50.85
7,下侧趋势共振态,震荡网格,gridNeutral,黄灯,震荡状态信号,5,456,29.04,90.57,,-5.5975,1.2351,49.79
7,下侧趋势共振态,趋势追多,trendLong,黄灯,方向信号,1,456,42.73,50.66,50.66,0.1252,0.1252,46.1
7,下侧趋势共振态,震荡网格,gridNeutral,黄灯,震荡状态信号,10,456,29.04,88.6,,-7.8488,2.2803,45.09
7,下侧趋势共振态,防守等待,waitDefense,观察,风险过滤信号,10,456,45.99,58.99,,2.7843,2.2803,40.39
7,下侧趋势共振态,向下突破,breakoutDown,红灯,波动方向信号,10,456,26.1,50.66,43.42,7.5288,2.2803,38.88
7,下侧趋势共振态,向上突破,breakoutUp,红灯,波动方向信号,5,456,12.35,41.01,55.04,6.3129,1.2351,36.08
7,下侧趋势共振态,防守等待,waitDefense,观察,风险过滤信号,5,456,45.99,51.97,,2.1812,1.2351,36.03
7,下侧趋势共振态,防守等待,waitDefense,观察,风险过滤信号,3,456,45.99,48.9,,1.894,0.6381,34.07
7,下侧趋势共振态,防守等待,waitDefense,观察,风险过滤信号,1,456,45.99,49.56,,1.1627,0.1252,32.91
7,下侧趋势共振态,趋势做空,trendShort,红灯,方向信号,1,456,58.33,49.34,49.34,-0.1252,0.1252,32.09
7,下侧趋势共振态,向下突破,breakoutDown,红灯,波动方向信号,5,456,26.1,36.62,44.96,5.5107,1.2351,29.42
7,下侧趋势共振态,低吸均值回归,meanReversionLong,红灯,位置回归信号,10,456,26.8,34.21,56.58,2.2803,2.2803,28.4
7,下侧趋势共振态,趋势做空,trendShort,红灯,方向信号,3,456,58.33,45.61,45.61,-0.6381,0.6381,27.34
7,下侧趋势共振态,向上突破,breakoutUp,红灯,波动方向信号,3,456,12.35,29.17,54.39,4.7113,0.6381,27.18
7,下侧趋势共振态,趋势做空,trendShort,红灯,方向信号,5,456,58.33,44.96,44.96,-1.2351,1.2351,25.49
7,下侧趋势共振态,低吸均值回归,meanReversionLong,红灯,位置回归信号,5,456,26.8,33.55,55.04,1.2351,1.2351,25.17
7,下侧趋势共振态,向下突破,breakoutDown,红灯,波动方向信号,3,456,26.1,25.88,45.61,4.4319,0.6381,22.79
7,下侧趋势共振态,低吸均值回归,meanReversionLong,红灯,位置回归信号,3,456,26.8,31.36,54.39,0.6381,0.6381,22.62
7,下侧趋势共振态,趋势做空,trendShort,红灯,方向信号,10,456,58.33,43.42,43.42,-2.2803,2.2803,21.86
7,下侧趋势共振态,低吸均值回归,meanReversionLong,红灯,位置回归信号,1,456,26.8,32.68,50.66,0.1252,0.1252,20.14
7,下侧趋势共振态,向下突破,breakoutDown,红灯,波动方向信号,1,456,26.1,6.8,49.34,2.557,0.1252,12.51
7,下侧趋势共振态,向上突破,breakoutUp,红灯,波动方向信号,1,456,12.35,7.89,50.66,2.5385,0.1252,11.22
7,下侧趋势共振态,高抛均值回归,meanReversionShort,红灯,位置回归信号,1,456,15.01,12.5,49.34,-0.1252,0.1252,7.71
7,下侧趋势共振态,高抛均值回归,meanReversionShort,红灯,位置回归信号,3,456,15.01,12.5,45.61,-0.6381,0.6381,4.64
7,下侧趋势共振态,高抛均值回归,meanReversionShort,红灯,位置回归信号,5,456,15.01,12.28,44.96,-1.2351,1.2351,2.98
7,下侧趋势共振态,高抛均值回归,meanReversionShort,红灯,位置回归信号,10,456,15.01,9.43,43.42,-2.2803,2.2803,-1.23
4,上侧趋势共振态,向上突破,breakoutUp,绿灯,波动方向信号,10,432,62.93,64.35,57.18,8.1473,2.1155,89.23
4,上侧趋势共振态,趋势追多,trendLong,绿灯,方向信号,10,432,93.84,57.18,57.18,2.1155,2.1155,80.8
4,上侧趋势共振态,震荡网格,gridNeutral,绿灯,震荡状态信号,1,432,23.69,84.49,,-1.8969,0.2442,68.49
4,上侧趋势共振态,震荡网格,gridNeutral,绿灯,震荡状态信号,3,432,23.69,84.26,,-3.5504,0.724,65.08
4,上侧趋势共振态,趋势追多,trendLong,黄灯,方向信号,5,432,93.84,53.24,53.24,1.033,1.033,59.7
4,上侧趋势共振态,趋势追多,trendLong,黄灯,方向信号,3,432,93.84,52.31,52.31,0.724,0.724,58.15
4,上侧趋势共振态,趋势追多,trendLong,黄灯,方向信号,1,432,93.84,53.01,53.01,0.2442,0.2442,57.89
4,上侧趋势共振态,向下突破,breakoutDown,黄灯,波动方向信号,10,432,13.91,55.79,42.82,6.1643,2.1155,50.99
4,上侧趋势共振态,高抛均值回归,meanReversionShort,黄灯,位置回归信号,5,432,56.62,59.49,46.76,-1.033,1.033,48.11
4,上侧趋势共振态,向上突破,breakoutUp,红灯,波动方向信号,5,432,62.93,50,53.24,5.4232,1.033,46.46
4,上侧趋势共振态,震荡网格,gridNeutral,黄灯,震荡状态信号,5,432,23.69,81.48,,-4.8184,1.033,46.29
4,上侧趋势共振态,高抛均值回归,meanReversionShort,黄灯,位置回归信号,10,432,56.62,64.35,42.82,-2.1155,2.1155,45.97
4,上侧趋势共振态,震荡网格,gridNeutral,黄灯,震荡状态信号,10,432,23.69,80.09,,-7.2322,2.1155,40.84
4,上侧趋势共振态,防守等待,waitDefense,观察,风险过滤信号,10,432,41.51,59.49,,2.5584,2.1155,39.36
4,上侧趋势共振态,向上突破,breakoutUp,红灯,波动方向信号,3,432,62.93,37.96,52.31,4.0646,0.724,37.81
4,上侧趋势共振态,防守等待,waitDefense,观察,风险过滤信号,5,432,41.51,56.48,,1.8927,1.033,36.67
4,上侧趋势共振态,防守等待,waitDefense,观察,风险过滤信号,3,432,41.51,52.78,,1.4132,0.724,34.05
4,上侧趋势共振态,高抛均值回归,meanReversionShort,红灯,位置回归信号,3,432,56.62,55.56,47.69,-0.724,0.724,32.47
4,上侧趋势共振态,防守等待,waitDefense,观察,风险过滤信号,1,432,41.51,48.15,,0.8264,0.2442,30.79
4,上侧趋势共振态,高抛均值回归,meanReversionShort,红灯,位置回归信号,1,432,56.62,48.38,46.99,-0.2442,0.2442,29.82
4,上侧趋势共振态,向下突破,breakoutDown,红灯,波动方向信号,5,432,13.91,44.21,46.76,4.4308,1.033,29.48
4,上侧趋势共振态,向上突破,breakoutUp,红灯,波动方向信号,1,432,62.93,15.74,53.01,2.0717,0.2442,24.21
4,上侧趋势共振态,趋势做空,trendShort,红灯,方向信号,1,432,23.26,46.99,46.99,-0.2442,0.2442,23.19
4,上侧趋势共振态,趋势做空,trendShort,红灯,方向信号,3,432,23.26,47.69,47.69,-0.724,0.724,22.92
4,上侧趋势共振态,向下突破,breakoutDown,红灯,波动方向信号,3,432,13.91,32.64,47.69,3.4393,0.724,22.8
4,上侧趋势共振态,趋势做空,trendShort,红灯,方向信号,5,432,23.26,46.76,46.76,-1.033,1.033,21.38
4,上侧趋势共振态,趋势做空,trendShort,红灯,方向信号,10,432,23.26,42.82,42.82,-2.1155,2.1155,15.28
4,上侧趋势共振态,低吸均值回归,meanReversionLong,红灯,位置回归信号,10,432,18.22,0,57.18,2.1155,2.1155,11.46
4,上侧趋势共振态,向下突破,breakoutDown,红灯,波动方向信号,1,432,13.91,11.57,46.99,1.9852,0.2442,10.03
4,上侧趋势共振态,低吸均值回归,meanReversionLong,红灯,位置回归信号,5,432,18.22,0.23,53.24,1.033,1.033,7.23
4,上侧趋势共振态,低吸均值回归,meanReversionLong,红灯,位置回归信号,3,432,18.22,0,52.31,0.724,0.724,6
4,上侧趋势共振态,低吸均值回归,meanReversionLong,红灯,位置回归信号,1,432,18.22,0.93,53.01,0.2442,0.2442,5.84
2,放量波动扩张态,向上突破,breakoutUp,黄灯,波动方向信号,10,297,75.55,64.98,52.86,7.5259,1.4178,74.42
2,放量波动扩张态,震荡网格,gridNeutral,绿灯,震荡状态信号,1,297,20.68,80.81,,-1.8417,0.2613,66.4
2,放量波动扩张态,震荡网格,gridNeutral,绿灯,震荡状态信号,3,297,20.68,80.47,,-3.2503,0.4751,63.43
2,放量波动扩张态,向下突破,breakoutDown,黄灯,波动方向信号,10,297,42.15,59.93,47.14,6.0661,1.4178,60.12
2,放量波动扩张态,震荡网格,gridNeutral,绿灯,震荡状态信号,5,297,20.68,76.77,,-4.5454,0.6535,59.18
2,放量波动扩张态,趋势追多,trendLong,黄灯,方向信号,10,297,81.98,52.86,52.86,1.4178,1.4178,57.95
2,放量波动扩张态,趋势追多,trendLong,黄灯,方向信号,3,297,81.98,51.85,51.85,0.4751,0.4751,55.06
2,放量波动扩张态,趋势追多,trendLong,黄灯,方向信号,1,297,81.98,52.19,52.19,0.2613,0.2613,54.97
2,放量波动扩张态,趋势追多,trendLong,黄灯,方向信号,5,297,81.98,51.18,51.18,0.6535,0.6535,54.74
2,放量波动扩张态,向上突破,breakoutUp,红灯,波动方向信号,5,297,75.55,49.83,51.18,4.855,0.6535,46.38
2,放量波动扩张态,防守等待,waitDefense,观察,风险过滤信号,10,297,32.56,61.95,,3.0175,1.4178,39.77
2,放量波动扩张态,向上突破,breakoutUp,红灯,波动方向信号,3,297,75.55,38.38,51.85,3.513,0.4751,38.92
2,放量波动扩张态,震荡网格,gridNeutral,黄灯,震荡状态信号,10,297,20.68,74.75,,-7.4528,1.4178,37.45
2,放量波动扩张态,向下突破,breakoutDown,红灯,波动方向信号,5,297,42.15,45.12,48.82,4.2149,0.6535,35.67
2,放量波动扩张态,防守等待,waitDefense,观察,风险过滤信号,5,297,32.56,56.9,,1.946,0.6535,35.36
2,放量波动扩张态,防守等待,waitDefense,观察,风险过滤信号,3,297,32.56,52.53,,1.3876,0.4751,32.27
2,放量波动扩张态,防守等待,waitDefense,观察,风险过滤信号,1,297,32.56,48.48,,0.7902,0.2613,29.26
2,放量波动扩张态,向下突破,breakoutDown,红灯,波动方向信号,3,297,42.15,33.67,48.15,3.0822,0.4751,27.88
2,放量波动扩张态,趋势做空,trendShort,红灯,方向信号,5,297,41.1,48.82,48.82,-0.6535,0.6535,27.41
2,放量波动扩张态,趋势做空,trendShort,红灯,方向信号,1,297,41.1,47.81,47.81,-0.2613,0.2613,27.19
2,放量波动扩张态,趋势做空,trendShort,红灯,方向信号,3,297,41.1,48.15,48.15,-0.4751,0.4751,27.1
2,放量波动扩张态,向上突破,breakoutUp,红灯,波动方向信号,1,297,75.55,17.85,52.19,2.0604,0.2613,26.95
2,放量波动扩张态,高抛均值回归,meanReversionShort,红灯,位置回归信号,5,297,40.14,45.45,48.82,-0.6535,0.6535,25.72
2,放量波动扩张态,趋势做空,trendShort,红灯,方向信号,10,297,41.1,47.14,47.14,-1.4178,1.4178,24.2
2,放量波动扩张态,高抛均值回归,meanReversionShort,红灯,位置回归信号,1,297,40.14,40.4,47.81,-0.2613,0.2613,23.68
2,放量波动扩张态,高抛均值回归,meanReversionShort,红灯,位置回归信号,3,297,40.14,40.74,48.15,-0.4751,0.4751,23.59
2,放量波动扩张态,高抛均值回归,meanReversionShort,红灯,位置回归信号,10,297,40.14,43.1,47.14,-1.4178,1.4178,22.21
2,放量波动扩张态,向下突破,breakoutDown,红灯,波动方向信号,1,297,42.15,13.13,47.81,1.9167,0.2613,16.13
2,放量波动扩张态,低吸均值回归,meanReversionLong,红灯,位置回归信号,10,297,16.37,7.07,52.86,1.4178,1.4178,10.54
2,放量波动扩张态,低吸均值回归,meanReversionLong,红灯,位置回归信号,1,297,16.37,9.76,52.19,0.2613,0.2613,9.07
2,放量波动扩张态,低吸均值回归,meanReversionLong,红灯,位置回归信号,3,297,16.37,9.09,51.85,0.4751,0.4751,9.01
2,放量波动扩张态,低吸均值回归,meanReversionLong,红灯,位置回归信号,5,297,16.37,6.73,51.18,0.6535,0.6535,7.93
1,放量波动扩张态,震荡网格,gridNeutral,绿灯,震荡状态信号,1,291,12.52,86.6,,-2.2744,0.17,66.67
1,放量波动扩张态,向下突破,breakoutDown,黄灯,波动方向信号,10,291,65.48,55.33,46.74,8.5117,0.1555,64.89
1,放量波动扩张态,震荡网格,gridNeutral,绿灯,震荡状态信号,3,291,12.52,87.29,,-4.1537,0.2043,63.22
1,放量波动扩张态,震荡网格,gridNeutral,绿灯,震荡状态信号,5,291,12.52,86.6,,-5.6302,0.2634,59.96
1,放量波动扩张态,震荡网格,gridNeutral,绿灯,震荡状态信号,10,291,12.52,87.29,,-7.4714,0.1555,56.59
1,放量波动扩张态,防守等待,waitDefense,黄灯,风险过滤信号,10,291,33.16,62.2,,3.658,0.1555,56.27
1,放量波动扩张态,趋势追多,trendLong,黄灯,方向信号,1,291,43.58,54.3,54.3,0.17,0.17,49.98
1,放量波动扩张态,趋势追多,trendLong,黄灯,方向信号,10,291,43.58,53.26,53.26,0.1555,0.1555,48.92
1,放量波动扩张态,向上突破,breakoutUp,红灯,波动方向信号,10,291,38.77,54.98,53.26,7.8172,0.1555,48.52
1,放量波动扩张态,趋势追多,trendLong,黄灯,方向信号,5,291,43.58,52.23,52.23,0.2634,0.2634,48.11
1,放量波动扩张态,趋势追多,trendLong,黄灯,方向信号,3,291,43.58,51.55,51.55,0.2043,0.2043,47.3
1,放量波动扩张态,向下突破,breakoutDown,红灯,波动方向信号,5,291,65.48,42.61,47.77,6.3826,0.2634,42.5
1,放量波动扩张态,向上突破,breakoutUp,红灯,波动方向信号,5,291,38.77,39.52,52.23,5.7722,0.2634,37.53
1,放量波动扩张态,防守等待,waitDefense,观察,风险过滤信号,5,291,33.16,57.04,,2.6834,0.2634,37.01
1,放量波动扩张态,向下突破,breakoutDown,红灯,波动方向信号,3,291,65.48,32.3,48.45,4.8535,0.2043,35.18
1,放量波动扩张态,防守等待,waitDefense,观察,风险过滤信号,3,291,33.16,53.26,,1.9747,0.2043,33.89
1,放量波动扩张态,趋势做空,trendShort,红灯,方向信号,3,291,72.59,48.45,48.45,-0.2043,0.2043,33.61
1,放量波动扩张态,趋势做空,trendShort,红灯,方向信号,5,291,72.59,47.77,47.77,-0.2634,0.2634,32.8
1,放量波动扩张态,趋势做空,trendShort,红灯,方向信号,10,291,72.59,46.74,46.74,-0.1555,0.1555,31.99
1,放量波动扩张态,趋势做空,trendShort,红灯,方向信号,1,291,72.59,45.7,45.7,-0.17,0.17,30.93
1,放量波动扩张态,防守等待,waitDefense,观察,风险过滤信号,1,291,33.16,47.77,,1.0522,0.17,29.57
1,放量波动扩张态,低吸均值回归,meanReversionLong,红灯,位置回归信号,10,291,30.72,46.74,53.26,0.1555,0.1555,28.67
1,放量波动扩张态,向上突破,breakoutUp,红灯,波动方向信号,3,291,38.77,25.43,51.55,4.4613,0.2043,28.19
1,放量波动扩张态,低吸均值回归,meanReversionLong,红灯,位置回归信号,5,291,30.72,45.7,52.23,0.2634,0.2634,27.85
1,放量波动扩张态,低吸均值回归,meanReversionLong,红灯,位置回归信号,1,291,30.72,42.61,54.3,0.17,0.17,27.41
1,放量波动扩张态,低吸均值回归,meanReversionLong,红灯,位置回归信号,3,291,30.72,41.58,51.55,0.2043,0.2043,25.5
1,放量波动扩张态,向下突破,breakoutDown,红灯,波动方向信号,1,291,65.48,15.12,45.7,2.7433,0.17,21.72
1,放量波动扩张态,向上突破,breakoutUp,红灯,波动方向信号,1,291,38.77,9.62,54.3,2.5773,0.17,18.82
1,放量波动扩张态,高抛均值回归,meanReversionShort,红灯,位置回归信号,5,291,11.25,10.31,47.77,-0.2634,0.2634,4.91
1,放量波动扩张态,高抛均值回归,meanReversionShort,红灯,位置回归信号,3,291,11.25,8.93,48.45,-0.2043,0.2043,4.79
1,放量波动扩张态,高抛均值回归,meanReversionShort,红灯,位置回归信号,10,291,11.25,8.93,46.74,-0.1555,0.1555,3.94
1,放量波动扩张态,高抛均值回归,meanReversionShort,红灯,位置回归信号,1,291,11.25,8.93,45.7,-0.17,0.17,3.34
6,上侧趋势共振态,向上突破,breakoutUp,绿灯,波动方向信号,10,180,83.38,67.78,59.44,12.946,3.9434,95.7
6,上侧趋势共振态,趋势追多,trendLong,绿灯,方向信号,10,180,98.36,59.44,59.44,3.9434,3.9434,87.54
6,上侧趋势共振态,趋势追多,trendLong,绿灯,方向信号,3,180,98.36,60,60,1.1852,1.1852,82.58
6,上侧趋势共振态,趋势追多,trendLong,绿灯,方向信号,5,180,98.36,56.67,56.67,2.318,2.318,81.51
6,上侧趋势共振态,趋势追多,trendLong,绿灯,方向信号,1,180,98.36,55,55,0.5164,0.5164,76.24
6,上侧趋势共振态,向上突破,breakoutUp,黄灯,波动方向信号,5,180,83.38,57.78,56.67,8.4788,2.318,74.68
6,上侧趋势共振态,震荡网格,gridNeutral,绿灯,震荡状态信号,1,180,3.82,82.22,,-3.1276,0.5164,61.43
6,上侧趋势共振态,向下突破,breakoutDown,黄灯,波动方向信号,10,180,31.03,62.22,40.56,9.2399,3.9434,58.39
6,上侧趋势共振态,防守等待,waitDefense,黄灯,风险过滤信号,10,180,33.1,65.56,,2.6791,3.9434,55.82
6,上侧趋势共振态,向上突破,breakoutUp,红灯,波动方向信号,3,180,83.38,43.89,60,6.4305,1.1852,53.12
6,上侧趋势共振态,高抛均值回归,meanReversionShort,黄灯,位置回归信号,10,180,58.28,67.78,40.56,-3.9434,3.9434,42.91
6,上侧趋势共振态,震荡网格,gridNeutral,黄灯,震荡状态信号,3,180,3.82,76.67,,-5.7251,1.1852,38.74
6,上侧趋势共振态,震荡网格,gridNeutral,黄灯,震荡状态信号,10,180,3.82,81.67,,-9.3016,3.9434,37.44
6,上侧趋势共振态,向下突破,breakoutDown,红灯,波动方向信号,5,180,31.03,45.56,43.33,7.1579,2.318,36.74
6,上侧趋势共振态,震荡网格,gridNeutral,黄灯,震荡状态信号,5,180,3.82,74.44,,-6.8219,2.318,35.54
6,上侧趋势共振态,防守等待,waitDefense,观察,风险过滤信号,5,180,33.1,55,,2.2519,2.318,35.21
6,上侧趋势共振态,向上突破,breakoutUp,红灯,波动方向信号,1,180,83.38,18.33,55,3.5277,0.5164,33.06
6,上侧趋势共振态,防守等待,waitDefense,观察,风险过滤信号,3,180,33.1,48.33,,2.27,1.1852,32.25
6,上侧趋势共振态,高抛均值回归,meanReversionShort,红灯,位置回归信号,1,180,58.28,50,45,-0.5164,0.5164,29.21
6,上侧趋势共振态,防守等待,waitDefense,观察,风险过滤信号,1,180,33.1,45,,1.3056,0.5164,28.82
6,上侧趋势共振态,向下突破,breakoutDown,红灯,波动方向信号,3,180,31.03,36.67,40,5.8675,1.1852,28.32
6,上侧趋势共振态,高抛均值回归,meanReversionShort,红灯,位置回归信号,5,180,58.28,57.22,43.33,-2.318,2.318,27.94
6,上侧趋势共振态,高抛均值回归,meanReversionShort,红灯,位置回归信号,3,180,58.28,52.22,40,-1.1852,1.1852,26.12
6,上侧趋势共振态,趋势做空,trendShort,红灯,方向信号,1,180,35.46,45,45,-0.5164,0.5164,22.85
6,上侧趋势共振态,趋势做空,trendShort,红灯,方向信号,5,180,35.46,43.33,43.33,-2.318,2.318,17.58
6,上侧趋势共振态,趋势做空,trendShort,红灯,方向信号,3,180,35.46,40,40,-1.1852,1.1852,16.51
6,上侧趋势共振态,低吸均值回归,meanReversionLong,红灯,位置回归信号,10,180,16.28,0.56,59.44,3.9434,3.9434,16.26
6,上侧趋势共振态,向下突破,breakoutDown,红灯,波动方向信号,1,180,31.03,13.33,45,3.4725,0.5164,15.78
6,上侧趋势共振态,低吸均值回归,meanReversionLong,红灯,位置回归信号,5,180,16.28,1.67,56.67,2.318,2.318,11.98
6,上侧趋势共振态,趋势做空,trendShort,红灯,方向信号,10,180,35.46,40.56,40.56,-3.9434,3.9434,11.55
6,上侧趋势共振态,低吸均值回归,meanReversionLong,红灯,位置回归信号,3,180,16.28,0.56,60,1.1852,1.1852,11.05
6,上侧趋势共振态,低吸均值回归,meanReversionLong,红灯,位置回归信号,1,180,16.28,0.56,55,0.5164,0.5164,6.96
8,下侧趋势共振态,震荡网格,gridNeutral,绿灯,震荡状态信号,1,125,9.49,92,,-4.1642,-0.0361,64.78
8,下侧趋势共振态,震荡网格,gridNeutral,绿灯,震荡状态信号,3,125,9.49,92.8,,-6.1744,0.3171,61.12
8,下侧趋势共振态,震荡网格,gridNeutral,绿灯,震荡状态信号,5,125,9.49,94.4,,-7.0682,0.6477,60.05
8,下侧趋势共振态,趋势做空,trendShort,黄灯,方向信号,1,125,82.38,50.4,50.4,0.0361,-0.0361,52.8
8,下侧趋势共振态,趋势追多,trendLong,黄灯,方向信号,10,125,41.05,52,52,2.0341,2.0341,50.96
8,下侧趋势共振态,趋势追多,trendLong,黄灯,方向信号,5,125,41.05,52.8,52.8,0.6477,0.6477,48.98
8,下侧趋势共振态,趋势追多,trendLong,黄灯,方向信号,3,125,41.05,50.4,50.4,0.3171,0.3171,45.92
8,下侧趋势共振态,震荡网格,gridNeutral,黄灯,震荡状态信号,10,125,9.49,94.4,,-10.0457,2.0341,44.19
8,下侧趋势共振态,向下突破,breakoutDown,红灯,波动方向信号,10,125,53.14,45.6,48,11.0929,2.0341,43.98
8,下侧趋势共振态,防守等待,waitDefense,观察,风险过滤信号,10,125,36.24,58.4,,4.0058,2.0341,40.81
8,下侧趋势共振态,向上突破,breakoutUp,红灯,波动方向信号,10,125,20.74,44.8,52,11.9529,2.0341,39.99
8,下侧趋势共振态,向下突破,breakoutDown,红灯,波动方向信号,5,125,53.14,34.4,47.2,9.2957,0.6477,38.5
8,下侧趋势共振态,防守等待,waitDefense,观察,风险过滤信号,5,125,36.24,56,,3.2102,0.6477,38.14
8,下侧趋势共振态,低吸均值回归,meanReversionLong,红灯,位置回归信号,10,125,39.21,56.8,52,2.0341,2.0341,37.79
8,下侧趋势共振态,防守等待,waitDefense,观察,风险过滤信号,3,125,36.24,54.4,,2.9286,0.3171,36.86
8,下侧趋势共振态,向下突破,breakoutDown,红灯,波动方向信号,3,125,53.14,27.2,49.6,7.6688,0.3171,36.58
8,下侧趋势共振态,趋势做空,trendShort,红灯,方向信号,3,125,82.38,49.6,49.6,-0.3171,0.3171,36.29
8,下侧趋势共振态,向上突破,breakoutUp,红灯,波动方向信号,5,125,20.74,35.2,52.8,8.7831,0.6477,36.11
8,下侧趋势共振态,低吸均值回归,meanReversionLong,红灯,位置回归信号,5,125,39.21,55.2,52.8,0.6477,0.6477,34.73
8,下侧趋势共振态,防守等待,waitDefense,观察,风险过滤信号,1,125,36.24,50.4,,2.1002,-0.0361,33.4
8,下侧趋势共振态,趋势做空,trendShort,红灯,方向信号,5,125,82.38,47.2,47.2,-0.6477,0.6477,33.23
8,下侧趋势共振态,低吸均值回归,meanReversionLong,红灯,位置回归信号,3,125,39.21,55.2,50.4,0.3171,0.3171,32.75
8,下侧趋势共振态,趋势做空,trendShort,红灯,方向信号,10,125,82.38,48,48,-2.0341,2.0341,31.26
8,下侧趋势共振态,趋势追多,trendLong,红灯,方向信号,1,125,41.05,49.6,49.6,-0.0361,-0.0361,29.42
8,下侧趋势共振态,低吸均值回归,meanReversionLong,红灯,位置回归信号,1,125,39.21,49.6,49.6,-0.0361,-0.0361,29.09
8,下侧趋势共振态,向上突破,breakoutUp,红灯,波动方向信号,3,125,20.74,24,50.4,7.1494,0.3171,29.05
8,下侧趋势共振态,向下突破,breakoutDown,红灯,波动方向信号,1,125,53.14,8,50.4,4.7166,-0.0361,22.82
8,下侧趋势共振态,向上突破,breakoutUp,红灯,波动方向信号,1,125,20.74,5.6,49.6,4.2829,-0.0361,14.6
8,下侧趋势共振态,高抛均值回归,meanReversionShort,红灯,位置回归信号,1,125,9.22,0.8,50.4,0.0361,-0.0361,2.31
8,下侧趋势共振态,高抛均值回归,meanReversionShort,红灯,位置回归信号,3,125,9.22,0.8,49.6,-0.3171,0.3171,1.17
8,下侧趋势共振态,高抛均值回归,meanReversionShort,红灯,位置回归信号,5,125,9.22,0.8,47.2,-0.6477,0.6477,-0.82
8,下侧趋势共振态,高抛均值回归,meanReversionShort,红灯,位置回归信号,10,125,9.22,0,48,-2.0341,2.0341,-3.51
0,放量波动扩张态,向上突破,breakoutUp,绿灯,波动方向信号,10,86,80.38,70.93,61.63,10.9472,2.9815,97.78
0,放量波动扩张态,趋势追多,trendLong,绿灯,方向信号,10,86,79.3,61.63,61.63,2.9815,2.9815,84.37
0,放量波动扩张态,趋势追多,trendLong,绿灯,方向信号,3,86,79.3,61.63,61.63,1.5672,1.5672,81.54
0,放量波动扩张态,趋势追多,trendLong,绿灯,方向信号,5,86,79.3,60.47,60.47,1.1709,1.1709,79.58
0,放量波动扩张态,向上突破,breakoutUp,黄灯,波动方向信号,5,86,80.38,58.14,60.47,7.8755,1.1709,76.39
0,放量波动扩张态,趋势追多,trendLong,绿灯,方向信号,1,86,79.3,58.14,58.14,0.1754,0.1754,75.27
0,放量波动扩张态,向下突破,breakoutDown,黄灯,波动方向信号,10,86,62.55,56.98,38.37,8.1266,2.9815,60.5
0,放量波动扩张态,向上突破,breakoutUp,红灯,波动方向信号,3,86,80.38,51.16,61.63,6.2377,1.5672,56.36
0,放量波动扩张态,向下突破,breakoutDown,红灯,波动方向信号,5,86,62.55,52.33,39.53,6.7866,1.1709,42.62
0,放量波动扩张态,震荡网格,gridNeutral,黄灯,震荡状态信号,3,86,9.53,72.09,,-4.9632,1.5672,39.23
0,放量波动扩张态,防守等待,waitDefense,观察,风险过滤信号,10,86,29.67,61.63,,2.7893,2.9815,38.65
0,放量波动扩张态,向上突破,breakoutUp,红灯,波动方向信号,1,86,80.38,23.26,58.14,3.9047,0.1754,37.22
0,放量波动扩张态,防守等待,waitDefense,观察,风险过滤信号,5,86,29.67,56.98,,2.8033,1.1709,36.59
0,放量波动扩张态,震荡网格,gridNeutral,黄灯,震荡状态信号,10,86,9.53,72.09,,-8.5601,2.9815,34.16
0,放量波动扩张态,震荡网格,gridNeutral,黄灯,震荡状态信号,5,86,9.53,68.6,,-6.7775,1.1709,34.03
0,放量波动扩张态,向下突破,breakoutDown,红灯,波动方向信号,3,86,62.55,38.37,38.37,5.3858,1.5672,32.9
0,放量波动扩张态,防守等待,waitDefense,观察,风险过滤信号,3,86,29.67,48.84,,1.698,1.5672,30.71
0,放量波动扩张态,向下突破,breakoutDown,红灯,波动方向信号,1,86,62.55,30.23,41.86,4.4229,0.1754,29.23
0,放量波动扩张态,防守等待,waitDefense,观察,风险过滤信号,1,86,29.67,46.51,,1.455,0.1754,29.18
0,放量波动扩张态,低吸均值回归,meanReversionLong,红灯,位置回归信号,10,86,24.77,19.77,61.63,2.9815,2.9815,25.71
0,放量波动扩张态,趋势做空,trendShort,红灯,方向信号,1,86,57.25,41.86,41.86,-0.1754,0.1754,24.31
0,放量波动扩张态,震荡网格,gridNeutral,红灯,震荡状态信号,1,86,9.53,59.3,,-3.0854,0.1754,22.23
0,放量波动扩张态,低吸均值回归,meanReversionLong,红灯,位置回归信号,3,86,24.77,17.44,61.63,1.5672,1.5672,21.84
0,放量波动扩张态,低吸均值回归,meanReversionLong,红灯,位置回归信号,5,86,24.77,18.6,60.47,1.1709,1.1709,20.93
0,放量波动扩张态,趋势做空,trendShort,红灯,方向信号,5,86,57.25,39.53,39.53,-1.1709,1.1709,20
0,放量波动扩张态,低吸均值回归,meanReversionLong,红灯,位置回归信号,1,86,24.77,23.26,58.14,0.1754,0.1754,19.75
0,放量波动扩张态,趋势做空,trendShort,红灯,方向信号,3,86,57.25,38.37,38.37,-1.5672,1.5672,18.04
0,放量波动扩张态,高抛均值回归,meanReversionShort,红灯,位置回归信号,1,86,37.17,34.88,41.86,-0.1754,0.1754,17.56
0,放量波动扩张态,趋势做空,trendShort,红灯,方向信号,10,86,57.25,38.37,38.37,-2.9815,2.9815,15.21
0,放量波动扩张态,高抛均值回归,meanReversionShort,红灯,位置回归信号,5,86,37.17,32.56,39.53,-1.1709,1.1709,13.24
0,放量波动扩张态,高抛均值回归,meanReversionShort,红灯,位置回归信号,3,86,37.17,29.07,38.37,-1.5672,1.5672,10.24
0,放量波动扩张态,高抛均值回归,meanReversionShort,红灯,位置回归信号,10,86,37.17,30.23,38.37,-2.9815,2.9815,7.94
