instrument,bar,dataStatus,historyQuality,periodWeight,requiredWarmupBars,source,firstDate,lastDate,cleanRows,date,close,gate,topWeatherRoute,topWeatherScore,weatherSummary,actionBias,volatilityState,atrPct,atrPercentile,volatilityMultiple,volatilityMultiplePercentile,remainingMomentumAtr,remainingMomentumState,fiveDayAtrDownProbabilityPct,fiveDayAtrUpProbabilityPct,fiveDayFutureMomentumPositivePct,atr3Pct,atr8Pct,atr13Pct,atr21Pct,atr3To21,atr8To21,middleState,middleDeviationRate,middleDeviationAtr,middlePositionPct,middleTenDayReturnCloserPct,maState,maDeviationRate,maDeviationAtr,maPositionPct,maTenDayContinueAwayPct,trendState,trendScore,resonanceDirection,resonanceCount,volumeState,volumeMultiple,deviationWeather,deviationRiskNote,score_wait,score_grid,score_meanReversion,score_breakout,score_trend
BTC-USDT,4H,ok,full_weight,1,233,OKX,2022-10-05 20:00,2026-05-30 20:00,7999,2026-05-30 20:00,73883.2,黄,防守等待,74.12,波动压缩 / 余动能不足 / 短期下侧偏离 / 大周期弱势深水区,等待更清楚的波动或位置共振,波动压缩,0.9185,15.12,0.3931,7.22,-0.6069,余动能不足,55.6,44.4,32.6,0.5227,0.8031,0.9067,0.9667,0.5406,0.8307,中值下侧偏离,-0.6211,-0.6792,38.5,56.46,233MA下侧极端,-5.3062,-6.0901,29.76,47.57,趋势不明,-0.9138,mixed,2,缩量,0.2128,短期下侧偏离 + 大周期弱势深水区,优势不够大，不能单独触发策略；历史上继续远离 233MA 的概率不低,74.12,74,53.26,8,0
ETH-USDT,4H,ok,full_weight,1,233,OKX,2022-10-05 20:00,2026-05-30 20:00,7999,2026-05-30 20:00,2022.49,黄偏红,防守等待,76.28,波动压缩 / 余动能不足 / 短期下侧偏离 / 大周期弱势深水区,谨慎观察，不把单一短期偏离当入场理由,波动压缩,1.2138,14.41,0.4584,10.2,-0.5416,余动能不足,53.36,46.64,34.55,0.677,1.0423,1.1951,1.2946,0.5229,0.8051,中值下侧偏离,-0.4949,-0.4085,40.2,55.02,233MA下侧极端,-9.3322,-8.453,32.73,49.45,弱趋势下行,-1.2323,down,3,缩量,0.228,短期下侧偏离 + 大周期弱势深水区,优势不够大，不能单独触发策略；历史上继续远离 233MA 的概率不低,76.28,56,48.07,8,0
SOL-USDT,4H,ok,full_weight,1,233,OKX,2022-10-05 20:00,2026-05-30 20:00,7999,2026-05-30 20:00,82.73,黄偏红,防守等待,74.12,波动压缩 / 余动能不足 / 短期贴近中轴 / 大周期弱势深水区,谨慎观察，不把单一短期偏离当入场理由,波动压缩,1.3804,2.34,0.6372,24.35,-0.3628,余动能不足,54.23,45.77,34.82,0.871,1.2261,1.3637,1.4559,0.5982,0.8421,中值贴近中轴,0.37,0.2662,49.59,8.35,233MA下侧极端,-4.6251,-3.502,59.54,48.39,趋势不明,-0.537,mixed,2,缩量,0.4464,短期贴近中轴 + 大周期弱势深水区,贴近中轴时继续拉伸概率通常更高；历史上继续远离 233MA 的概率不低,74.12,74,0,8,0
BNB-USDT,4H,ok,full_weight,1,233,OKX,2022-12-21 00:00,2026-05-30 20:00,7542,2026-05-30 20:00,718.8,绿,趋势策略天气,88,高波动扩张 / 动能已超ATR / 短期过热 / 大周期强势高位,趋势天气较友好，等方向和量能确认,高波动扩张,1.6105,60.11,1.8513,93.37,0.8513,动能已超ATR,54.61,45.39,40.33,2.8737,1.9956,1.654,1.4121,2.035,1.4132,中值上侧极端,5.924,3.4615,82.97,92.59,233MA上侧极端,11.4183,6.343,79.53,44.32,强趋势上行,11.3317,up,4,放量,3.7649,短期过热 + 大周期强势高位,强趋势里极端可以延续，必须看波动和量能；强势区可以长期维持在 233MA 上方,14.44,0,72,66,88
XRP-USDT,4H,ok,full_weight,1,233,OKX,2022-10-05 20:00,2026-05-30 20:00,7999,2026-05-30 20:00,1.34,黄,网格震荡天气,74,波动压缩 / 余动能不足 / 短期上侧偏离 / 大周期弱势深水区,震荡/网格天气较友好，仍需控制突破风险,波动压缩,1.4118,15.66,0.7304,38.56,-0.2696,余动能不足,57.91,42.09,32.72,1.1062,1.3671,1.4101,1.4122,0.7833,0.9681,中值上侧偏离,1.8223,1.2612,53.11,57.4,233MA下侧极端,-3.8642,-2.8325,46.14,47.77,趋势不明,1.0586,up,3,缩量,0.4345,短期上侧偏离 + 大周期弱势深水区,优势不够大，不能单独触发策略；历史上继续远离 233MA 的概率不低,64.12,74,46,26,0
DOGE-USDT,4H,ok,full_weight,1,233,OKX,2022-10-05 20:00,2026-05-30 20:00,7999,2026-05-30 20:00,0.1,黄偏红,防守等待,74.12,波动压缩 / 余动能不足 / 短期上侧偏离 / 大周期弱势深水区,谨慎观察，不把单一短期偏离当入场理由,波动压缩,1.5205,10.24,0.7458,40.56,-0.2542,余动能不足,56.64,43.36,33.27,1.0299,1.3845,1.5059,1.5932,0.6464,0.869,中值上侧偏离,0.6804,0.441,49.29,55.76,233MA下侧极端,-4.5423,-3.1051,43,51.67,趋势不明,-0.0991,mixed,2,缩量,0.6727,短期上侧偏离 + 大周期弱势深水区,优势不够大，不能单独触发策略；历史上继续远离 233MA 的概率不低,74.12,74,50.74,8,0
ADA-USDT,4H,ok,full_weight,1,233,OKX,2022-10-05 20:00,2026-05-30 20:00,7999,2026-05-30 20:00,0.24,黄偏绿,网格震荡天气,74,波动压缩 / 接近正常动能 / 短期贴近中轴 / 大周期弱势深水区,震荡/网格天气较友好，仍需控制突破风险,波动压缩,1.6028,14.04,0.8413,47.66,-0.1587,接近正常动能,54.06,45.94,38.31,1.2209,1.5156,1.5954,1.6317,0.7482,0.9288,中值贴近中轴,0.106,0.0657,44.13,8.64,233MA下侧极端,-6.7953,-4.5237,40.9,50.44,趋势不明,-0.5814,mixed,2,缩量,0.5438,短期贴近中轴 + 大周期弱势深水区,贴近中轴时继续拉伸概率通常更高；历史上继续远离 233MA 的概率不低,58.12,74,0,20,0
LINK-USDT,4H,ok,full_weight,1,233,OKX,2022-10-06 00:00,2026-05-31 00:00,7999,2026-05-31 00:00,9.26,黄偏红,网格震荡天气,84,波动压缩 / 余动能不足 / 短期上侧偏离 / 大周期偏弱,谨慎观察，不把单一短期偏离当入场理由,波动压缩,1.6904,12.29,0.7464,36.24,-0.2536,余动能不足,52.46,47.54,34.6,1.3009,1.5801,1.6783,1.7479,0.7443,0.904,中值上侧偏离,1.6408,0.9619,53.76,52.68,233MA下侧偏离,-3.6821,-2.278,48.51,58.42,趋势不明,1.0939,mixed,2,缩量,0.2422,短期上侧偏离 + 大周期偏弱,优势不够大，不能单独触发策略；未到极端，但大天气仍偏弱,72.92,84,39.65,8,0
AVAX-USDT,4H,ok,full_weight,1,233,OKX,2022-10-06 00:00,2026-05-31 00:00,7999,2026-05-31 00:00,9.01,黄偏红,防守等待,74.12,波动压缩 / 余动能不足 / 短期上侧偏离 / 大周期弱势深水区,谨慎观察，不把单一短期偏离当入场理由,波动压缩,1.6368,11.21,0.717,34.3,-0.283,余动能不足,55.42,44.58,35.96,1.1712,1.503,1.6232,1.6934,0.6916,0.8876,中值上侧偏离,0.6478,0.3961,54.6,52.01,233MA下侧极端,-3.92,-2.5107,54.19,50.27,趋势不明,-0.0671,mixed,2,缩量,0.2238,短期上侧偏离 + 大周期弱势深水区,优势不够大，不能单独触发策略；历史上继续远离 233MA 的概率不低,74.12,74,37.24,8,0
TON-USDT,4H,ok,full_weight,1,233,OKX,2022-10-06 00:00,2026-05-31 00:00,7999,2026-05-31 00:00,1.84,黄,趋势策略天气,41.44,高波动扩张 / 动能已超ATR / 短期上侧偏离 / 大周期中轴附近,趋势天气较友好，等方向和量能确认,高波动扩张,3.1814,82.99,1.6589,91.49,0.6589,动能已超ATR,55.49,44.51,41.91,3.6444,3.0929,3.1602,3.322,1.097,0.931,中值上侧偏离,1.6828,0.5271,45.63,54.03,233MA贴近中轴,0.8028,0.2536,57.01,88.76,弱趋势上行,2.574,up,3,放量,2.7864,短期上侧偏离 + 大周期中轴附近,优势不够大，不能单独触发策略；中轴附近容易出现反复,38.03,4,38.51,38,41.44
TRX-USDT,4H,ok,full_weight,1,233,OKX,2022-10-06 00:00,2026-05-31 00:00,7999,2026-05-31 00:00,0.35,绿,均值回归天气,84,常态波动 / 接近正常动能 / 短期过冷 / 大周期中轴附近,均值回归可观察，但要服从大周期过滤,常态波动,0.9748,48.48,0.8338,47.06,-0.1662,接近正常动能,61.2,38.8,37.43,0.7533,0.9341,0.9747,0.9491,0.7937,0.9841,中值下侧极端,-2.6807,-2.8092,23.38,88.78,233MA贴近中轴,-0.0087,-0.0088,38.64,89.83,弱趋势下行,-2.6151,down,3,缩量,0.3888,短期过冷 + 大周期中轴附近,如果大周期仍弱，只能当短线天气看；中轴附近容易出现反复,14.92,30,84,16,33.69
DOT-USDT,4H,ok,full_weight,1,233,OKX,2022-10-06 00:00,2026-05-31 00:00,7999,2026-05-31 00:00,1.2,黄偏红,防守等待,95.49,波动压缩 / 余动能不足 / 短期下侧偏离 / 大周期弱势深水区,谨慎观察，不把单一短期偏离当入场理由,波动压缩,2.0872,42.58,0.5637,16.06,-0.4363,余动能不足,53.38,46.62,34.53,1.3792,1.8548,2.0615,2.1985,0.6274,0.8437,中值下侧偏离,-2.4052,-1.1877,35.56,54.43,233MA下侧极端,-5.6447,-2.8831,51.67,50.15,弱趋势下行,-2.134,down,3,缩量,0.486,短期下侧偏离 + 大周期弱势深水区,优势不够大，不能单独触发策略；历史上继续远离 233MA 的概率不低,95.49,40,45.95,8,0
BCH-USDT,4H,ok,full_weight,1,233,OKX,2022-10-06 00:00,2026-05-31 00:00,7999,2026-05-31 00:00,304.2,黄偏红,防守等待,82.55,高波动冷却 / 余动能不足 / 短期下侧偏离 / 大周期弱势深水区,谨慎观察，不把单一短期偏离当入场理由,高波动冷却,2.1546,51.22,0.3971,3.96,-0.6029,余动能不足,71.4,28.6,33.79,1.2506,1.8895,2.1297,2.2473,0.5565,0.8408,中值下侧偏离,-4.9524,-2.4206,23.49,54.77,233MA下侧极端,-26.4112,-16.6738,0,47.71,强趋势下行,-3.9544,down,3,缩量,0.2829,短期下侧偏离 + 大周期弱势深水区,优势不够大，不能单独触发策略；历史上继续远离 233MA 的概率不低,82.55,40,47.17,0,53.73
LTC-USDT,4H,ok,full_weight,1,233,OKX,2022-10-06 00:00,2026-05-31 00:00,7999,2026-05-31 00:00,52.65,黄偏红,防守等待,74.12,波动压缩 / 余动能不足 / 短期上侧偏离 / 大周期弱势深水区,谨慎观察，不把单一短期偏离当入场理由,波动压缩,1.0454,2.06,0.6565,28.03,-0.3435,余动能不足,59.25,40.75,33.81,0.7162,0.9348,1.0322,1.1124,0.6439,0.8404,中值上侧偏离,2.1041,1.9785,71.48,55.27,233MA下侧极端,-4.8477,-4.8912,53.79,46.14,趋势不明,1.0446,mixed,2,缩量,0.4297,短期上侧偏离 + 大周期弱势深水区,优势不够大，不能单独触发策略；历史上继续远离 233MA 的概率不低,74.12,74,48.97,8,0
UNI-USDT,4H,ok,full_weight,1,233,OKX,2022-10-06 00:00,2026-05-31 00:00,7999,2026-05-31 00:00,3.06,黄偏红,防守等待,76.28,波动压缩 / 余动能不足 / 短期下侧偏离 / 大周期弱势深水区,谨慎观察，不把单一短期偏离当入场理由,波动压缩,1.9909,21.93,0.7396,37.1,-0.2604,余动能不足,56.61,43.39,35.5,1.394,1.776,1.9645,2.1292,0.6547,0.8341,中值下侧偏离,-1.9834,-1.0191,36.66,53.79,233MA下侧极端,-10.1507,-5.6895,44.39,48.83,弱趋势混合,-1.9272,mixed,2,缩量,0.3716,短期下侧偏离 + 大周期弱势深水区,优势不够大，不能单独触发策略；历史上继续远离 233MA 的概率不低,76.28,56,43.64,8,0
AAVE-USDT,4H,ok,full_weight,1,233,OKX,2022-10-06 00:00,2026-05-31 00:00,7999,2026-05-31 00:00,83.55,黄偏红,防守等待,74.12,波动压缩 / 余动能不足 / 短期上侧偏离 / 大周期弱势深水区,谨慎观察，不把单一短期偏离当入场理由,波动压缩,1.7508,11.24,0.669,27.82,-0.331,余动能不足,53.92,46.08,35.94,1.1778,1.5569,1.7303,1.84,0.6401,0.8461,中值上侧偏离,1.5435,0.876,47.28,53.38,233MA下侧极端,-8.9034,-5.6323,35.77,48.41,趋势不明,0.393,mixed,2,缩量,0.3956,短期上侧偏离 + 大周期弱势深水区,优势不够大，不能单独触发策略；历史上继续远离 233MA 的概率不低,74.12,74,42.17,8,0
NEAR-USDT,4H,ok,full_weight,1,233,OKX,2022-10-06 00:00,2026-05-31 00:00,7999,2026-05-31 00:00,2.28,黄偏绿,趋势策略天气,70,高波动冷却 / 余动能不足 / 短期下侧偏离 / 大周期强势高位,趋势天气较友好，等方向和量能确认,高波动冷却,5.1303,93.47,0.4763,6.67,-0.5237,余动能不足,68.45,31.55,36.28,3.7396,4.7148,5.0912,5.2056,0.7184,0.9057,中值下侧偏离,-8.2007,-1.7622,29.25,53.29,233MA上侧极端,34.666,5.0779,81.87,42.86,强趋势下行,-8.8056,down,4,缩量,0.3983,短期下侧偏离 + 大周期强势高位,优势不够大，不能单独触发策略；强势区可以长期维持在 233MA 上方,42.6,40,55.84,0,70
OP-USDT,4H,ok,full_weight,1,233,OKX,2022-10-06 00:00,2026-05-31 00:00,7999,2026-05-31 00:00,0.12,黄,防守等待,74.12,波动压缩 / 余动能不足 / 短期贴近中轴 / 大周期弱势深水区,等待更清楚的波动或位置共振,波动压缩,2.5564,28.23,0.5185,10.36,-0.4815,余动能不足,55.74,44.26,36.43,1.6713,2.306,2.533,2.64,0.6331,0.8735,中值贴近中轴,-0.5738,-0.2269,52.61,9.48,233MA下侧极端,-8.0887,-3.4597,60.66,48.73,趋势不明,-0.8672,mixed,2,缩量,0.2108,短期贴近中轴 + 大周期弱势深水区,贴近中轴时继续拉伸概率通常更高；历史上继续远离 233MA 的概率不低,74.12,74,0,8,0
ARB-USDT,4H,ok,full_weight,1,233,OKX,2023-03-23 12:00,2026-05-31 00:00,6988,2026-05-31 00:00,0.1,黄,网格震荡天气,74,常态波动 / 余动能不足 / 短期下侧偏离 / 大周期弱势深水区,震荡/网格天气较友好，仍需控制突破风险,常态波动,2.4612,36.22,0.6957,31.39,-0.3043,余动能不足,55.82,44.18,34.54,1.8258,2.2801,2.4428,2.5426,0.7181,0.8968,中值下侧偏离,-1.1949,-0.4972,39.59,54.67,233MA下侧极端,-14.1563,-6.7802,43.72,49.94,趋势不明,-1.0685,mixed,2,缩量,0.7172,短期下侧偏离 + 大周期弱势深水区,优势不够大，不能单独触发策略；历史上继续远离 233MA 的概率不低,62.12,74,46.81,0,4.41
SUI-USDT,4H,ok,full_weight,1,233,OKX,2023-05-03 16:00,2026-05-31 00:00,6740,2026-05-31 00:00,0.92,黄偏红,防守等待,75.32,波动压缩 / 余动能不足 / 短期下侧偏离 / 大周期弱势深水区,谨慎观察，不把单一短期偏离当入场理由,波动压缩,2.3875,19.97,0.7653,38.17,-0.2347,余动能不足,56.57,43.43,36.6,1.7163,2.1166,2.3514,2.5917,0.6622,0.8167,中值下侧偏离,-3.7037,-1.6228,28.22,53.74,233MA下侧极端,-10.3377,-4.8647,48.39,49.11,强趋势下行,-3.6463,down,3,量能正常,0.8001,短期下侧偏离 + 大周期弱势深水区,优势不够大，不能单独触发策略；历史上继续远离 233MA 的概率不低,75.32,64,43.46,8,33.88
APT-USDT,4H,ok,full_weight,1,233,OKX,2022-10-19 04:00,2026-05-31 00:00,7920,2026-05-31 00:00,0.95,黄,网格震荡天气,84,波动压缩 / 余动能不足 / 短期贴近中轴 / 大周期偏弱,震荡/网格天气较友好，仍需控制突破风险,波动压缩,2.6375,38.96,0.5801,17.59,-0.4199,余动能不足,57.24,42.76,35.2,1.7265,2.4157,2.6204,2.6778,0.6447,0.9021,中值贴近中轴,0.6353,0.2417,49.46,8.47,233MA下侧偏离,-4.1845,-1.672,60.88,65.09,趋势不明,-0.2646,mixed,2,缩量,0.336,短期贴近中轴 + 大周期偏弱,贴近中轴时继续拉伸概率通常更高；未到极端，但大天气仍偏弱,72.92,84,0,8,0
FIL-USDT,4H,ok,full_weight,1,233,OKX,2022-10-06 00:00,2026-05-31 00:00,7999,2026-05-31 00:00,0.98,黄,网格震荡天气,68,高波动冷却 / 余动能不足 / 短期下侧偏离 / 大周期偏弱,震荡/网格天气较友好，仍需控制突破风险,高波动冷却,3.3322,74.87,0.5084,11.35,-0.4916,余动能不足,73.59,26.41,33.24,2.3818,3.0811,3.3151,3.3395,0.7132,0.9226,中值下侧偏离,-3.36,-1.0476,44.55,56.65,233MA下侧偏离,-1.8624,-0.5718,67.52,63.31,趋势不明,-0.9831,up,3,缩量,0.3402,短期下侧偏离 + 大周期偏弱,优势不够大，不能单独触发策略；未到极端，但大天气仍偏弱,62.84,68,53.94,0,3.9
ETC-USDT,4H,ok,full_weight,1,233,OKX,2022-10-06 00:00,2026-05-31 00:00,7999,2026-05-31 00:00,8.26,黄偏红,防守等待,76.28,波动压缩 / 余动能不足 / 短期下侧偏离 / 大周期弱势深水区,谨慎观察，不把单一短期偏离当入场理由,波动压缩,1.5934,19.26,0.6264,25.31,-0.3736,余动能不足,57.44,42.56,34.04,1.0085,1.3825,1.5679,1.7213,0.5859,0.8032,中值下侧偏离,-1.2027,-0.7678,35.55,56.75,233MA下侧极端,-6.8005,-4.6021,45.05,49.93,弱趋势混合,-1.7791,mixed,2,缩量,0.4296,短期下侧偏离 + 大周期弱势深水区,优势不够大，不能单独触发策略；历史上继续远离 233MA 的概率不低,76.28,56,54,8,0
ATOM-USDT,4H,ok,full_weight,1,233,OKX,2022-10-06 00:00,2026-05-31 00:00,7999,2026-05-31 00:00,2,黄,均值回归天气,63.91,波动压缩 / 余动能不足 / 短期下侧偏离 / 大周期中轴附近,均值回归可观察，但要服从大周期过滤,波动压缩,2.096,45.46,0.6138,20,-0.3862,余动能不足,55.81,44.19,34.56,1.428,1.8135,2.061,2.2575,0.6326,0.8033,中值下侧偏离,-3.7695,-1.8531,25.01,55.53,233MA贴近中轴,0.2305,0.1088,57.45,94.08,强趋势下行,-4.1483,down,4,缩量,0.6219,短期下侧偏离 + 大周期中轴附近,优势不够大，不能单独触发策略；中轴附近容易出现反复,55.33,50,63.91,8,46.89
INJ-USDT,4H,ok,full_weight,1,233,OKX,2023-11-30 08:00,2026-05-31 00:00,5477,2026-05-31 00:00,6.47,黄偏绿,趋势策略天气,70,高波动冷却 / 余动能不足 / 短期上侧偏离 / 大周期强势高位,趋势天气较友好，等方向和量能确认,高波动冷却,5.0083,88.66,0.4991,8.43,-0.5009,余动能不足,72.95,27.05,34.36,4.1535,5.108,5.0406,4.77,0.8708,1.0709,中值上侧偏离,5.0426,0.9392,58.47,53.47,233MA上侧极端,43.7015,5.9499,84.34,39.82,强趋势上行,9.9846,up,3,缩量,0.4339,短期上侧偏离 + 大周期强势高位,优势不够大，不能单独触发策略；强势区可以长期维持在 233MA 上方,32.6,40,48.49,4,70
STX-USDT,4H,ok,full_weight,1,233,OKX,2022-10-06 00:00,2026-05-31 00:00,7999,2026-05-31 00:00,0.24,黄,网格震荡天气,84,波动压缩 / 余动能不足 / 短期上侧偏离 / 大周期偏弱,震荡/网格天气较友好，仍需控制突破风险,波动压缩,2.0695,15.5,0.5324,14.64,-0.4676,余动能不足,57.71,42.29,35.74,1.3165,1.8567,2.0475,2.1664,0.6077,0.857,中值上侧偏离,0.858,0.4095,59.45,51.54,233MA下侧偏离,-2.6598,-1.3153,53.65,63.7,趋势不明,-1.1769,down,3,缩量,0.1445,短期上侧偏离 + 大周期偏弱,优势不够大，不能单独触发策略；未到极端，但大天气仍偏弱,72.92,84,35.54,8,0
IMX-USDT,4H,ok,full_weight,1,233,OKX,2022-10-06 00:00,2026-05-31 00:00,7999,2026-05-31 00:00,0.16,黄,网格震荡天气,84,波动压缩 / 余动能不足 / 短期贴近中轴 / 大周期偏弱,震荡/网格天气较友好，仍需控制突破风险,波动压缩,2.5299,21.13,0.6802,28.94,-0.3198,余动能不足,54.2,45.8,35.55,1.7653,2.328,2.5106,2.6129,0.6756,0.891,中值贴近中轴,0.6753,0.2672,52.37,8.58,233MA下侧偏离,-5.8871,-2.4923,53.82,65.89,趋势不明,0.5057,mixed,2,缩量,0.4636,短期贴近中轴 + 大周期偏弱,贴近中轴时继续拉伸概率通常更高；未到极端，但大天气仍偏弱,72.92,84,0,8,0
WLD-USDT,4H,ok,full_weight,1,233,OKX,2023-07-24 12:00,2026-05-31 00:00,6250,2026-05-31 00:00,0.35,黄偏绿,趋势策略天气,70,高波动冷却 / 余动能不足 / 短期上侧偏离 / 大周期强势高位,趋势天气较友好，等方向和量能确认,高波动冷却,6.4902,93.53,0.6623,27.28,-0.3377,余动能不足,74.17,25.83,33.47,7.8824,7.0052,6.5603,6.0453,1.3039,1.1588,中值上侧偏离,6.1529,0.904,60.41,50.11,233MA上侧极端,29.9094,3.5907,75.4,43.34,强趋势上行,13.9621,up,3,量能正常,0.8753,短期上侧偏离 + 大周期强势高位,优势不够大，不能单独触发策略；强势区可以长期维持在 233MA 上方,32.6,48,36.4,32,70
AR-USDT,4H,ok,full_weight,1,233,OKX,2022-10-06 00:00,2026-05-31 00:00,7999,2026-05-31 00:00,2.37,黄,均值回归天气,40.45,高波动扩张 / 接近正常动能 / 短期上侧偏离 / 大周期偏强,均值回归可观察，但要服从大周期过滤,高波动扩张,4.3455,80.84,1.0808,68.48,0.0808,接近正常动能,56.07,43.93,38.18,4.2529,4.4309,4.3762,4.0997,1.0374,1.0808,中值上侧偏离,4.5685,0.9899,56.93,54.57,233MA上侧偏离,9.1671,1.9027,73.72,57.29,弱趋势混合,3.5828,mixed,2,缩量,0.707,短期上侧偏离 + 大周期偏强,优势不够大，不能单独触发策略；不是天然做空区域,38.15,4,40.45,16,39.5
XLM-USDT,4H,ok,full_weight,1,233,OKX,2022-10-06 00:00,2026-05-31 00:00,7999,2026-05-31 00:00,0.24,绿,趋势策略天气,80,高波动扩张 / 动能已超ATR / 短期上侧偏离 / 大周期强势高位,趋势天气较友好，等方向和量能确认,高波动扩张,7.7373,99.46,1.2643,79.57,0.2643,动能已超ATR,55.05,44.95,42.15,9.0653,9.1419,7.9653,6.4092,1.4144,1.4264,中值上侧偏离,5.4439,0.7002,51.46,54.95,233MA上侧极端,46.9848,4.3354,73.5,42.95,强趋势上行,24.153,up,4,量能正常,1.1122,短期上侧偏离 + 大周期强势高位,优势不够大，不能单独触发策略；强势区可以长期维持在 233MA 上方,15.4,2,41.82,54,80
ICP-USDT,4H,ok,full_weight,1,233,OKX,2022-10-06 00:00,2026-05-31 00:00,7999,2026-05-31 00:00,2.69,黄,均值回归天气,59.12,高波动冷却 / 余动能不足 / 短期下侧偏离 / 大周期中轴附近,均值回归可观察，但要服从大周期过滤,高波动冷却,3.4837,75.43,0.4531,4.45,-0.5469,余动能不足,71.02,28.98,34.81,1.9717,3.002,3.4391,3.6231,0.5442,0.8286,中值下侧偏离,-4.0029,-1.2082,36.15,54.2,233MA贴近中轴,-0.2758,-0.0801,66.1,92.58,弱趋势混合,-2.5064,mixed,2,缩量,0.3351,短期下侧偏离 + 大周期中轴附近,优势不够大，不能单独触发策略；中轴附近容易出现反复,43.91,50,59.12,0,23.04
HBAR-USDT,4H,ok,full_weight,1,233,OKX,2022-10-06 00:00,2026-05-31 00:00,7999,2026-05-31 00:00,0.1,绿,趋势策略天气,80,高波动冷却 / 接近正常动能 / 短期贴近中轴 / 大周期偏强,趋势天气较友好，等方向和量能确认,高波动冷却,3.6007,82.18,0.823,44.9,-0.177,接近正常动能,71.68,28.32,40.09,3.4843,4.0141,3.6757,3.1502,1.1061,1.2743,中值贴近中轴,-0.5683,-0.1591,46.15,9.54,233MA上侧偏离,5.1729,1.3687,60.25,55.92,强趋势上行,5.5045,up,4,量能正常,0.8641,短期贴近中轴 + 大周期偏强,贴近中轴时继续拉伸概率通常更高；不是天然做空区域,15.4,58,0,44,80
ALGO-USDT,4H,ok,full_weight,1,233,OKX,2022-10-06 00:00,2026-05-31 00:00,7999,2026-05-31 00:00,0.13,绿,趋势策略天气,80,高波动冷却 / 接近正常动能 / 短期上侧偏离 / 大周期偏强,趋势天气较友好，等方向和量能确认,高波动冷却,4.2217,89.16,0.9023,53.04,-0.0977,接近正常动能,69.62,30.38,39.05,4.6076,4.7867,4.3091,3.7422,1.2313,1.2791,中值上侧偏离,5.0554,1.1654,58.65,52.19,233MA上侧偏离,10.4105,2.2834,76.33,61.5,强趋势上行,11.4559,up,4,量能正常,0.8464,短期上侧偏离 + 大周期偏强,优势不够大，不能单独触发策略；不是天然做空区域,15.4,58,43.88,44,80
LDO-USDT,4H,ok,full_weight,1,233,OKX,2022-10-06 00:00,2026-05-31 00:00,7999,2026-05-31 00:00,0.33,黄偏红,防守等待,74.12,波动压缩 / 余动能不足 / 短期贴近中轴 / 大周期弱势深水区,谨慎观察，不把单一短期偏离当入场理由,波动压缩,2.0975,9.81,0.705,32.24,-0.295,余动能不足,57.17,42.83,34.44,1.5454,1.9018,2.0758,2.2022,0.7017,0.8636,中值贴近中轴,-0.1674,-0.0808,44.82,7.46,233MA下侧极端,-11.4221,-6.2122,49.03,50,趋势不明,-0.7683,mixed,2,缩量,0.5045,短期贴近中轴 + 大周期弱势深水区,贴近中轴时继续拉伸概率通常更高；历史上继续远离 233MA 的概率不低,74.12,74,0,8,0
CRV-USDT,4H,ok,full_weight,1,233,OKX,2022-10-06 00:00,2026-05-31 00:00,7999,2026-05-31 00:00,0.21,黄偏红,防守等待,74.12,波动压缩 / 余动能不足 / 短期贴近中轴 / 大周期弱势深水区,谨慎观察，不把单一短期偏离当入场理由,波动压缩,1.8477,7.66,0.4028,3.01,-0.5972,余动能不足,55.6,44.4,35.26,1.0681,1.5688,1.814,2.02,0.5288,0.7766,中值贴近中轴,0.2567,0.1385,49.59,7.75,233MA下侧极端,-9.5257,-5.6931,45.1,48.76,趋势不明,-0.6694,mixed,2,缩量,0.5374,短期贴近中轴 + 大周期弱势深水区,贴近中轴时继续拉伸概率通常更高；历史上继续远离 233MA 的概率不低,74.12,74,0,8,0
ENS-USDT,4H,ok,full_weight,1,233,OKX,2022-10-06 00:00,2026-05-31 00:00,7999,2026-05-31 00:00,6,黄,防守等待,74.12,波动压缩 / 余动能不足 / 短期上侧偏离 / 大周期弱势深水区,等待更清楚的波动或位置共振,波动压缩,2.1665,26.05,0.7182,34.12,-0.2818,余动能不足,57.13,42.87,34.72,1.6615,2.0672,2.1581,2.2035,0.754,0.9381,中值上侧偏离,1.1547,0.529,53.64,54.33,233MA下侧极端,-5.6272,-2.7633,56.4,49.84,趋势不明,0.4785,mixed,2,放量,27.5975,短期上侧偏离 + 大周期弱势深水区,优势不够大，不能单独触发策略；历史上继续远离 233MA 的概率不低,74.12,74,45.59,20,0
PENDLE-USDT,4H,ok,full_weight,1,233,OKX,2024-09-27 04:00,2026-05-31 00:00,3666,2026-05-31 00:00,1.37,绿,趋势策略天气,78,常态波动 / 接近正常动能 / 短期下侧偏离 / 大周期弱势深水区,趋势天气较友好，等方向和量能确认,常态波动,3.7453,69.08,0.994,60.62,-0.006,接近正常动能,58.49,41.51,37.87,3.0902,3.3999,3.7,3.9846,0.7755,0.8533,中值下侧偏离,-8.4031,-2.4951,24.55,56.48,233MA下侧极端,-19.8259,-6.7255,44.79,46.41,强趋势下行,-10.441,down,4,放量,2.3159,短期下侧偏离 + 大周期弱势深水区,优势不够大，不能单独触发策略；历史上继续远离 233MA 的概率不低,45.64,40,53.33,10,78
JUP-USDT,4H,ok,full_weight,1,233,OKX,2024-01-31 16:00,2026-05-31 00:00,5103,2026-05-31 00:00,0.19,黄,防守等待,74.12,波动压缩 / 余动能不足 / 短期上侧偏离 / 大周期弱势深水区,等待更清楚的波动或位置共振,波动压缩,2.7044,22.96,0.5787,17.06,-0.4213,余动能不足,53.32,46.68,35.07,1.8201,2.4177,2.6721,2.8564,0.6372,0.8464,中值上侧偏离,1.6349,0.5987,45.27,53.35,233MA下侧极端,-6.4843,-2.5806,49.01,46.87,趋势不明,0.8228,mixed,2,缩量,0.1871,短期上侧偏离 + 大周期弱势深水区,优势不够大，不能单独触发策略；历史上继续远离 233MA 的概率不低,74.12,74,42.06,8,0
PYTH-USDT,4H,ok,full_weight,1,233,OKX,2023-11-20 16:00,2026-05-31 00:00,5535,2026-05-31 00:00,0.04,黄偏绿,趋势策略天气,66.42,低波动启动 / 接近正常动能 / 短期上侧偏离 / 大周期弱势深水区,趋势天气较友好，等方向和量能确认,低波动启动,3.0547,37.97,1.0881,68.82,0.0881,接近正常动能,48.12,51.88,39.42,2.7362,2.9984,3.0535,3.0504,0.897,0.9829,中值上侧偏离,3.5247,1.092,61.99,54.63,233MA下侧极端,-12.2583,-4.4809,45.21,49.66,强趋势上行,3.0702,up,4,量能正常,1.2508,短期上侧偏离 + 大周期弱势深水区,优势不够大，不能单独触发策略；历史上继续远离 233MA 的概率不低,37.03,40,38.67,46,66.42
TIA-USDT,4H,ok,full_weight,1,233,OKX,2023-10-31 16:00,2026-05-31 00:00,5654,2026-05-31 00:00,0.41,黄偏绿,趋势策略天气,66.81,高波动冷却 / 余动能不足 / 短期下侧偏离 / 大周期偏强,趋势天气较友好，等方向和量能确认,高波动冷却,3.6922,53.62,0.4819,7.88,-0.5181,余动能不足,77.17,22.83,34.22,2.4203,3.2626,3.6457,3.8744,0.6247,0.8421,中值下侧偏离,-6.2723,-1.7988,28.24,53.58,233MA上侧偏离,1.4395,0.3814,69.11,62.48,强趋势下行,-4.4678,down,4,缩量,0.5991,短期下侧偏离 + 大周期偏强,优势不够大，不能单独触发策略；不是天然做空区域,42.98,50,56.89,0,66.81
ONDO-USDT,4H,ok,full_weight,1,233,OKX,2024-07-29 08:00,2026-05-31 00:00,4025,2026-05-31 00:00,0.38,黄,防守等待,38.44,高波动扩张 / 动能已超ATR / 短期贴近中轴 / 大周期偏强,等待更清楚的波动或位置共振,高波动扩张,3.8856,75.83,1.8344,94.53,0.8344,动能已超ATR,58.63,41.37,42.84,5.1411,3.9723,3.879,3.9762,1.293,0.999,中值贴近中轴,1.0735,0.2738,41.28,8.11,233MA上侧偏离,8.1817,1.9495,68.73,50.28,趋势不明,-1.0897,mixed,2,放量,3.8064,短期贴近中轴 + 大周期偏强,贴近中轴时继续拉伸概率通常更高；不是天然做空区域,38.44,22,0,38,32.54
FET-USDT,4H,ok,full_weight,1,233,OKX,2023-11-24 08:00,2026-05-31 00:00,5513,2026-05-31 00:00,0.28,绿,趋势策略天气,80,高波动冷却 / 接近正常动能 / 短期上侧偏离 / 大周期强势高位,趋势天气较友好，等方向和量能确认,高波动冷却,4.7729,82.35,0.8324,44.83,-0.1676,接近正常动能,75.6,24.4,39.62,4.7242,5.0121,4.8192,4.4454,1.0627,1.1275,中值上侧偏离,11.6577,2.1859,73.72,51.79,233MA上侧极端,30.1179,4.8461,85.08,41.23,强趋势上行,17.4408,up,4,量能正常,0.8512,短期上侧偏离 + 大周期强势高位,优势不够大，不能单独触发策略；强势区可以长期维持在 233MA 上方,15.4,48,42.44,16,80
PEPE-USDT,4H,ok,full_weight,1,233,OKX,2023-05-01 08:00,2026-05-31 00:00,6755,2026-05-31 00:00,0,黄偏红,防守等待,74.12,波动压缩 / 余动能不足 / 短期贴近中轴 / 大周期弱势深水区,谨慎观察，不把单一短期偏离当入场理由,波动压缩,1.907,1.27,0.7841,42.46,-0.2159,余动能不足,58.43,41.57,35.27,1.4111,1.7302,1.8877,1.9935,0.7079,0.8679,中值贴近中轴,0.51,0.269,46.04,10.98,233MA下侧极端,-10.7243,-6.3695,42.99,51.21,趋势不明,-0.2031,mixed,2,缩量,0.7458,短期贴近中轴 + 大周期弱势深水区,贴近中轴时继续拉伸概率通常更高；历史上继续远离 233MA 的概率不低,74.12,74,0,8,0
SHIB-USDT,4H,ok,full_weight,1,233,OKX,2022-10-06 00:00,2026-05-31 00:00,7999,2026-05-31 00:00,0,黄偏红,防守等待,76.28,波动压缩 / 余动能不足 / 短期上侧偏离 / 大周期弱势深水区,谨慎观察，不把单一短期偏离当入场理由,波动压缩,1.4256,8.96,0.6888,32.7,-0.3112,余动能不足,58.19,41.81,33.44,1.0431,1.3273,1.4163,1.4643,0.7124,0.9064,中值上侧偏离,2.6126,1.7986,65.89,54.02,233MA下侧极端,-8.2482,-6.3507,35.84,50.69,弱趋势上行,1.664,up,3,缩量,0.2785,短期上侧偏离 + 大周期弱势深水区,优势不够大，不能单独触发策略；历史上继续远离 233MA 的概率不低,76.28,56,44.47,8,0
BONK-USDT,4H,ok,full_weight,1,233,OKX,2024-01-08 04:00,2026-05-31 00:00,5244,2026-05-31 00:00,0,黄偏红,防守等待,60.28,波动压缩 / 接近正常动能 / 短期下侧偏离 / 大周期弱势深水区,谨慎观察，不把单一短期偏离当入场理由,波动压缩,2.2125,5,0.8637,50.13,-0.1363,接近正常动能,56.29,43.71,38.01,1.6631,2.0456,2.1963,2.282,0.7288,0.8964,中值下侧偏离,-2.1439,-1.0049,32.97,56.63,233MA下侧极端,-13.019,-6.8657,41.01,53.01,弱趋势混合,-2.1057,mixed,2,缩量,0.4174,短期下侧偏离 + 大周期弱势深水区,优势不够大，不能单独触发策略；历史上继续远离 233MA 的概率不低,60.28,56,53.87,20,2.63
FLOKI-USDT,4H,ok,full_weight,1,233,OKX,2022-12-16 08:00,2026-05-31 00:00,7570,2026-05-31 00:00,0,绿,突破策略天气,84,低波动启动 / 动能已超ATR / 短期上侧偏离 / 大周期弱势深水区,不把短期下偏当买点，等待更强共振,低波动启动,2.1046,10.01,2.1659,96.1,1.1659,动能已超ATR,48.36,51.64,39.83,2.6418,2.169,2.1092,2.1,1.258,1.0328,中值上侧偏离,4.4622,2.1071,73.67,54.66,233MA下侧极端,-8.543,-4.6078,48.26,51.65,强趋势上行,4.3627,up,3,放量,3.9342,短期上侧偏离 + 大周期弱势深水区,优势不够大，不能单独触发策略；历史上继续远离 233MA 的概率不低,34.92,40,38.78,84,74.18
WIF-USDT,4H,ok,full_weight,1,233,OKX,2024-04-15 08:00,2026-05-31 00:00,4655,2026-05-31 00:00,0.19,黄偏红,防守等待,75.08,波动压缩 / 余动能不足 / 短期上侧偏离 / 大周期偏弱,谨慎观察，不把单一短期偏离当入场理由,波动压缩,2.5736,9.08,0.4898,8.07,-0.5102,余动能不足,57.12,42.88,33.98,1.751,2.3845,2.5588,2.6124,0.6703,0.9128,中值上侧偏离,4.3171,1.6224,65.43,51.38,233MA下侧偏离,-2.499,-1.0048,63.4,63.91,弱趋势上行,1.7726,up,3,缩量,0.1621,短期上侧偏离 + 大周期偏弱,优势不够大，不能单独触发策略；未到极端，但大天气仍偏弱,75.08,66,34.97,8,0
ORDI-USDT,4H,ok,full_weight,1,233,OKX,2023-05-20 12:00,2026-05-31 00:00,6639,2026-05-31 00:00,3.43,黄偏红,趋势策略天气,55.28,常态波动 / 余动能不足 / 短期下侧偏离 / 大周期弱势深水区,谨慎观察，不把单一短期偏离当入场理由,常态波动,3.7489,48.72,0.6198,22.74,-0.3802,余动能不足,61.28,38.72,34.59,3.3674,3.5987,3.7352,3.7938,0.8876,0.9486,中值下侧偏离,-7.1786,-2.0569,23.73,54.42,233MA下侧极端,-23.6612,-8.2437,37.83,49.62,强趋势下行,-4.2136,down,3,缩量,0.5585,短期下侧偏离 + 大周期弱势深水区,优势不够大，不能单独触发策略；历史上继续远离 233MA 的概率不低,54.37,40,37.91,4,55.28
SATS-USDT,4H,ok,full_weight,1,233,OKX,2023-12-18 08:00,2026-05-31 00:00,5368,2026-05-31 00:00,0,黄偏红,防守等待,76.28,波动压缩 / 余动能不足 / 短期下侧偏离 / 大周期弱势深水区,谨慎观察，不把单一短期偏离当入场理由,波动压缩,2.8036,19.26,0.4669,8.54,-0.5331,余动能不足,59.47,40.53,32.43,2.1653,2.6124,2.7855,2.8714,0.7541,0.9098,中值下侧偏离,-2.9819,-1.1049,50.27,56.1,233MA下侧极端,-17.399,-7.5721,62.99,50,弱趋势混合,-1.2068,mixed,2,缩量,0.4214,短期下侧偏离 + 大周期弱势深水区,优势不够大，不能单独触发策略；历史上继续远离 233MA 的概率不低,76.28,56,51.96,8,0
NOT-USDT,4H,ok,full_weight,1,233,OKX,2024-05-16 16:00,2026-05-31 00:00,4466,2026-05-31 00:00,0,绿,网格震荡天气,84,低波动启动 / 接近正常动能 / 短期上侧偏离 / 大周期偏弱,震荡/网格天气较友好，仍需控制突破风险,低波动启动,2.7418,22.56,0.982,61.95,-0.018,接近正常动能,48.68,51.32,37.87,2.4501,2.5365,2.7134,2.9003,0.8448,0.8746,中值上侧偏离,1.8166,0.6628,73.27,54.93,233MA下侧偏离,-5.7363,-2.2608,73.59,61.94,趋势不明,0.5615,mixed,2,缩量,0.7325,短期上侧偏离 + 大周期偏弱,优势不够大，不能单独触发策略；未到极端，但大天气仍偏弱,44.92,84,47.75,16,11.37
ENA-USDT,4H,ok,full_weight,1,233,OKX,2025-09-17 04:00,2026-05-31 00:00,1536,2026-05-31 00:00,0.09,黄,网格震荡天气,58,低波动启动 / 动能已超ATR / 短期贴近中轴 / 大周期弱势深水区,震荡/网格天气较友好，仍需控制突破风险,低波动启动,2.7539,30.24,1.3556,83.68,0.3556,动能已超ATR,44.19,55.81,40.13,2.3605,2.5384,2.7267,2.8932,0.8159,0.8774,中值贴近中轴,-0.3937,-0.1479,49.05,4.27,233MA下侧极端,-15.5654,-6.8963,50.63,51.35,趋势不明,-0.1391,mixed,2,放量,1.8154,短期贴近中轴 + 大周期弱势深水区,贴近中轴时继续拉伸概率通常更高；历史上继续远离 233MA 的概率不低,48.04,58,0,38,16.83
W-USDT,4H,ok,full_weight,1,233,OKX,2024-04-03 12:00,2026-05-31 00:00,4726,2026-05-31 00:00,0.01,黄偏红,防守等待,74.12,波动压缩 / 余动能不足 / 短期贴近中轴 / 大周期弱势深水区,谨慎观察，不把单一短期偏离当入场理由,波动压缩,2.6272,12.87,0.6512,25.45,-0.3488,余动能不足,53.49,46.51,35.4,1.8748,2.3859,2.6016,2.7425,0.6836,0.87,中值贴近中轴,-0.0423,-0.0163,48.8,8.99,233MA下侧极端,-10.459,-4.4916,55.35,49.41,趋势不明,-0.525,mixed,2,缩量,0.4393,短期贴近中轴 + 大周期弱势深水区,贴近中轴时继续拉伸概率通常更高；历史上继续远离 233MA 的概率不低,74.12,74,0,8,0
STRK-USDT,4H,ok,full_weight,1,233,OKX,2024-02-20 12:00,2026-05-31 00:00,4984,2026-05-31 00:00,0.04,黄偏红,防守等待,76.28,波动压缩 / 余动能不足 / 短期下侧偏离 / 大周期弱势深水区,谨慎观察，不把单一短期偏离当入场理由,波动压缩,2.9534,33.12,0.4542,6.02,-0.5458,余动能不足,56.65,43.35,34.56,1.8454,2.5877,2.9129,3.1379,0.5881,0.8246,中值下侧偏离,-1.077,-0.3725,45.59,55.2,233MA下侧极端,-11.221,-4.3243,63.21,49.95,弱趋势混合,-1.6604,mixed,2,缩量,0.1671,短期下侧偏离 + 大周期弱势深水区,优势不够大，不能单独触发策略；历史上继续远离 233MA 的概率不低,76.28,56,48.72,8,0
ZK-USDT,4H,ok,full_weight,1,233,OKX,2024-06-18 08:00,2026-05-31 00:00,4270,2026-05-31 00:00,0.01,黄偏红,防守等待,66.28,波动压缩 / 余动能不足 / 短期上侧偏离 / 大周期弱势深水区,谨慎观察，不把单一短期偏离当入场理由,波动压缩,3.0171,31,0.7125,31.44,-0.2875,余动能不足,55.6,44.4,35.25,2.4865,2.9769,3.0204,2.9759,0.8355,1.0003,中值上侧偏离,3.9516,1.2757,58.96,54.32,233MA下侧极端,-10.1322,-3.7836,51.74,50.59,弱趋势混合,4.3827,mixed,2,缩量,0.7269,短期上侧偏离 + 大周期弱势深水区,优势不够大，不能单独触发策略；历史上继续远离 233MA 的概率不低,66.28,56,37.55,26,6.3
ZRO-USDT,4H,ok,full_weight,1,233,OKX,2024-06-20 12:00,2026-05-31 00:00,4258,2026-05-31 00:00,1.15,黄偏红,防守等待,76.28,波动压缩 / 余动能不足 / 短期下侧偏离 / 大周期弱势深水区,谨慎观察，不把单一短期偏离当入场理由,波动压缩,2.7725,20.93,0.5323,12.07,-0.4677,余动能不足,57.16,42.84,35.57,2.1147,2.5645,2.7543,2.8261,0.7483,0.9074,中值下侧偏离,-2.4122,-0.8923,40.65,54.07,233MA下侧极端,-17.2935,-7.5483,32.27,51.16,弱趋势混合,-2.8017,mixed,2,缩量,0.7495,短期下侧偏离 + 大周期弱势深水区,优势不够大，不能单独触发策略；历史上继续远离 233MA 的概率不低,76.28,56,44.65,8,0
GALA-USDT,4H,ok,full_weight,1,233,OKX,2022-10-06 00:00,2026-05-31 00:00,7998,2026-05-31 00:00,0,黄,网格震荡天气,82,波动压缩 / 余动能不足 / 短期贴近中轴 / 大周期弱势深水区,震荡/网格天气较友好，仍需控制突破风险,波动压缩,2.2451,16.17,0.5874,18.8,-0.4126,余动能不足,55.61,44.39,33,1.4738,2.0081,2.221,2.3453,0.6284,0.8562,中值贴近中轴,-0.1122,-0.0501,47.11,9.44,233MA下侧极端,-8.8324,-4.325,51.77,51.46,趋势不明,-0.6394,mixed,2,量能正常,1.0278,短期贴近中轴 + 大周期弱势深水区,贴近中轴时继续拉伸概率通常更高；历史上继续远离 233MA 的概率不低,73.16,82,0,8,0
SAND-USDT,4H,ok,full_weight,1,233,OKX,2022-10-06 00:00,2026-05-31 00:00,7999,2026-05-31 00:00,0.07,黄,网格震荡天气,56,低波动启动 / 接近正常动能 / 短期上侧偏离 / 大周期弱势深水区,震荡/网格天气较友好，仍需控制突破风险,低波动启动,1.8947,18.25,0.9419,58.45,-0.0581,接近正常动能,44.85,55.15,38.05,1.4816,1.7815,1.8844,1.9351,0.7656,0.9206,中值上侧偏离,2.4426,1.2724,61.1,53.56,233MA下侧极端,-6.0345,-3.4271,52.7,49.62,弱趋势混合,1.5465,mixed,2,缩量,0.4799,短期上侧偏离 + 大周期弱势深水区,优势不够大，不能单独触发策略；历史上继续远离 233MA 的概率不低,48.28,56,42.82,16,17.28
MANA-USDT,4H,ok,full_weight,1,233,OKX,2022-10-06 00:00,2026-05-31 00:00,7999,2026-05-31 00:00,0.08,黄偏红,网格震荡天气,82,波动压缩 / 余动能不足 / 短期贴近中轴 / 大周期弱势深水区,谨慎观察，不把单一短期偏离当入场理由,波动压缩,1.6888,10.67,0.6857,30.7,-0.3143,余动能不足,55.45,44.55,34.67,1.2614,1.6023,1.6811,1.7229,0.7322,0.93,中值贴近中轴,0.2192,0.1294,51.85,9.72,233MA下侧极端,-6.9606,-4.4274,49.6,50.71,趋势不明,-0.1705,mixed,2,量能正常,1.0279,短期贴近中轴 + 大周期弱势深水区,贴近中轴时继续拉伸概率通常更高；历史上继续远离 233MA 的概率不低,73.16,82,0,8,0
BTC-USDT,8H,ok,full_weight,1,233,OKX,2022-10-06 00:00,2026-05-30 16:00,3999,2026-05-30 16:00,73883.2,黄偏红,防守等待,75.08,波动压缩 / 余动能不足 / 短期下侧偏离 / 大周期偏弱,谨慎观察，不把单一短期偏离当入场理由,波动压缩,1.4001,14.94,0.346,5.06,-0.654,余动能不足,48.38,51.62,43.85,0.9648,1.312,1.3915,1.4373,0.6712,0.9128,中值下侧偏离,-1.8767,-1.3651,27.1,52.01,233MA下侧偏离,-0.8363,-0.602,45.31,66.95,弱趋势下行,-2.1235,down,3,缩量,0.2743,短期下侧偏离 + 大周期偏弱,优势不够大，不能单独触发策略；未到极端，但大天气仍偏弱,75.08,66,37.24,8,0
ETH-USDT,8H,ok,full_weight,1,233,OKX,2022-10-06 00:00,2026-05-30 16:00,3999,2026-05-30 16:00,2022.49,黄偏红,防守等待,76.28,波动压缩 / 余动能不足 / 短期下侧偏离 / 大周期弱势深水区,谨慎观察，不把单一短期偏离当入场理由,波动压缩,1.8916,16.22,0.3096,1.87,-0.6904,余动能不足,52.71,47.29,40.44,1.2243,1.7433,1.8768,1.9537,0.6266,0.8923,中值下侧偏离,-1.5748,-0.844,34.44,54.2,233MA下侧极端,-8.2518,-4.7444,39.79,48.55,弱趋势下行,-1.9949,down,3,缩量,0.2703,短期下侧偏离 + 大周期弱势深水区,优势不够大，不能单独触发策略；历史上继续远离 233MA 的概率不低,76.28,56,45.12,8,0
SOL-USDT,8H,ok,full_weight,1,233,OKX,2022-10-06 00:00,2026-05-30 16:00,3999,2026-05-30 16:00,82.73,黄偏红,网格震荡天气,84,波动压缩 / 余动能不足 / 短期下侧偏离 / 大周期偏弱,谨慎观察，不把单一短期偏离当入场理由,波动压缩,2.0852,1.97,0.4233,4.85,-0.5767,余动能不足,54.02,45.98,38.93,1.4026,1.9132,2.0664,2.1657,0.6477,0.8834,中值下侧偏离,-0.9577,-0.4639,41.24,52.54,233MA下侧偏离,-4.0158,-2.0072,64.84,58.74,趋势不明,-1.0311,down,3,缩量,0.4457,短期下侧偏离 + 大周期偏弱,优势不够大，不能单独触发策略；未到极端，但大天气仍偏弱,72.92,84,39.14,8,0
BNB-USDT,8H,ok,full_weight,1,233,OKX,2022-12-21 00:00,2026-05-30 16:00,3771,2026-05-30 16:00,718.8,绿,趋势策略天气,88,低波动启动 / 动能已超ATR / 短期过热 / 大周期强势高位,趋势天气较友好，等方向和量能确认,低波动启动,2.0173,44.56,2.4547,97.78,1.4547,动能已超ATR,46.6,53.4,40.23,3.523,2.3893,2.0563,1.8461,1.9083,1.2942,中值上侧极端,5.924,2.8686,78.19,91.16,233MA上侧极端,13.3625,6.046,77.53,48.78,强趋势上行,11.0094,up,4,放量,11.0802,短期过热 + 大周期强势高位,强趋势里极端可以延续，必须看波动和量能；强势区可以长期维持在 233MA 上方,14.44,4,84,84,88
XRP-USDT,8H,ok,full_weight,1,233,OKX,2022-10-06 00:00,2026-05-30 16:00,3999,2026-05-30 16:00,1.34,黄偏红,网格震荡天气,92,波动压缩 / 余动能不足 / 短期上侧偏离 / 大周期偏弱,谨慎观察，不把单一短期偏离当入场理由,波动压缩,1.9201,7.74,0.7137,35.24,-0.2863,余动能不足,56.01,43.99,36.61,1.6603,1.8748,1.9133,1.9584,0.8478,0.9573,中值上侧偏离,1.6333,0.8359,53.53,57.82,233MA下侧偏离,-3.5212,-1.8984,41.09,62.56,趋势不明,0.6585,down,3,量能正常,0.8617,短期上侧偏离 + 大周期偏弱,优势不够大，不能单独触发策略；未到极端，但大天气仍偏弱,71.96,92,54,8,0
DOGE-USDT,8H,ok,full_weight,1,233,OKX,2022-10-06 00:00,2026-05-30 16:00,3999,2026-05-30 16:00,0.1,黄偏绿,网格震荡天气,84,波动压缩 / 余动能不足 / 短期贴近中轴 / 大周期偏强,震荡/网格天气较友好，仍需控制突破风险,波动压缩,2.3293,10.15,0.5464,17.8,-0.4536,余动能不足,58.46,41.54,35.5,1.6849,2.1423,2.3047,2.4582,0.6854,0.8715,中值贴近中轴,0.4041,0.1716,44.68,10.01,233MA上侧偏离,1.0699,0.4512,63.82,57.14,趋势不明,-0.6563,down,3,缩量,0.5478,短期贴近中轴 + 大周期偏强,贴近中轴时继续拉伸概率通常更高；不是天然做空区域,52.92,84,8,8,0
ADA-USDT,8H,ok,full_weight,1,233,OKX,2022-10-06 00:00,2026-05-30 16:00,3999,2026-05-30 16:00,0.24,黄偏红,防守等待,75.32,波动压缩 / 余动能不足 / 短期下侧偏离 / 大周期弱势深水区,谨慎观察，不把单一短期偏离当入场理由,波动压缩,2.3456,13.18,0.5769,16.8,-0.4231,余动能不足,53.94,46.06,36.86,1.9325,2.2735,2.3367,2.3959,0.8066,0.9489,中值下侧偏离,-0.8403,-0.3605,41.14,54.96,233MA下侧极端,-6.9909,-3.1977,49.35,51.34,弱趋势下行,-1.7271,down,3,量能正常,0.841,短期下侧偏离 + 大周期弱势深水区,优势不够大，不能单独触发策略；历史上继续远离 233MA 的概率不低,75.32,64,47.86,8,0
LINK-USDT,8H,ok,full_weight,1,233,OKX,2022-10-06 00:00,2026-05-30 16:00,3999,2026-05-30 16:00,9.19,黄偏红,网格震荡天气,84,波动压缩 / 余动能不足 / 短期贴近中轴 / 大周期偏弱,谨慎观察，不把单一短期偏离当入场理由,波动压缩,2.5221,11.58,0.5385,12.48,-0.4615,余动能不足,51.73,48.27,38.46,1.9862,2.3798,2.5054,2.5943,0.7656,0.9173,中值贴近中轴,-0.3631,-0.1443,43.96,7.4,233MA下侧偏离,-1.4483,-0.582,52.95,66.8,趋势不明,-1.0237,down,3,缩量,0.3075,短期贴近中轴 + 大周期偏弱,贴近中轴时继续拉伸概率通常更高；未到极端，但大天气仍偏弱,72.92,84,0,8,0
AVAX-USDT,8H,ok,full_weight,1,233,OKX,2022-10-06 00:00,2026-05-30 16:00,3999,2026-05-30 16:00,8.95,黄偏红,防守等待,75.08,波动压缩 / 余动能不足 / 短期下侧偏离 / 大周期偏弱,谨慎观察，不把单一短期偏离当入场理由,波动压缩,2.4604,10.8,0.4806,8.89,-0.5194,余动能不足,52.28,47.72,37.58,1.8667,2.3296,2.4466,2.5192,0.741,0.9248,中值下侧偏离,-1.4759,-0.6075,46.51,53.29,233MA下侧偏离,-4.2554,-1.8024,58.74,66.07,弱趋势下行,-1.9949,down,3,缩量,0.2633,短期下侧偏离 + 大周期偏弱,优势不够大，不能单独触发策略；未到极端，但大天气仍偏弱,75.08,66,41.84,8,0
TON-USDT,8H,ok,full_weight,1,233,OKX,2022-10-06 00:00,2026-05-30 16:00,3999,2026-05-30 16:00,1.82,黄,均值回归天气,53.49,高波动扩张 / 接近正常动能 / 短期下侧偏离 / 大周期强势高位,均值回归可观察，但要服从大周期过滤,高波动扩张,4.8852,87.04,0.891,53.78,-0.109,接近正常动能,59.94,40.06,35.13,3.6741,4.3804,4.8183,5.2481,0.7001,0.8347,中值下侧偏离,-6.5262,-1.4507,31.28,55.97,233MA上侧极端,16.3391,2.9182,67.1,44.59,弱趋势下行,-2.3485,down,3,量能正常,0.8656,短期下侧偏离 + 大周期强势高位,优势不够大，不能单独触发策略；强势区可以长期维持在 233MA 上方,46.58,18,53.49,0,32.09
TRX-USDT,8H,ok,full_weight,1,233,OKX,2022-10-06 00:00,2026-05-30 16:00,3999,2026-05-30 16:00,0.35,黄,突破策略天气,54,波动压缩 / 余动能不足 / 短期下侧偏离 / 大周期强势高位,突破预备天气，等待放量和方向确认,波动压缩,1.3731,42.86,0.5865,19.18,-0.4135,余动能不足,61.42,38.58,33.84,1.3656,1.4872,1.3923,1.2622,1.0819,1.1783,中值下侧偏离,-2.8637,-2.1502,21.37,49.61,233MA上侧极端,5.2272,3.6232,49.85,51.13,强趋势下行,-4.5535,down,4,量能正常,0.8299,短期下侧偏离 + 大周期强势高位,优势不够大，不能单独触发策略；强势区可以长期维持在 233MA 上方,52.52,48,34.6,54,49.32
DOT-USDT,8H,ok,full_weight,1,233,OKX,2022-10-06 00:00,2026-05-30 16:00,3999,2026-05-30 16:00,1.19,黄偏红,防守等待,64.26,高波动冷却 / 余动能不足 / 短期下侧偏离 / 大周期弱势深水区,谨慎观察，不把单一短期偏离当入场理由,高波动冷却,3.2458,49.71,0.5414,13.23,-0.4586,余动能不足,71.21,28.79,36.83,2.3622,3.0386,3.2258,3.3141,0.7128,0.9169,中值下侧偏离,-4.3443,-1.3922,30.69,52.84,233MA下侧极端,-8.4992,-2.8474,49.25,51.89,强趋势下行,-4.3555,down,4,缩量,0.604,短期下侧偏离 + 大周期弱势深水区,优势不够大，不能单独触发策略；历史上继续远离 233MA 的概率不低,64.26,40,40.22,0,56.13
BCH-USDT,8H,ok,full_weight,1,233,OKX,2022-10-06 00:00,2026-05-30 16:00,3999,2026-05-30 16:00,303.6,黄偏红,趋势策略天气,60,高波动冷却 / 余动能不足 / 短期下侧偏离 / 大周期弱势深水区,谨慎观察，不把单一短期偏离当入场理由,高波动冷却,3.3414,60.22,0.5866,20.18,-0.4134,余动能不足,75.84,24.16,36.91,2.659,3.2779,3.3403,3.307,0.8041,0.9912,中值下侧偏离,-6.7568,-2.1509,24.74,52.99,233MA下侧极端,-29.975,-12.7061,2.18,46.19,强趋势下行,-11.7953,down,4,缩量,0.2451,短期下侧偏离 + 大周期弱势深水区,优势不够大，不能单独触发策略；历史上继续远离 233MA 的概率不低,53.8,40,32.76,4,60
LTC-USDT,8H,ok,full_weight,1,233,OKX,2022-10-06 00:00,2026-05-30 16:00,3999,2026-05-30 16:00,52.46,黄偏红,防守等待,74.12,波动压缩 / 余动能不足 / 短期上侧偏离 / 大周期弱势深水区,谨慎观察，不把单一短期偏离当入场理由,波动压缩,1.6499,3.05,0.4627,7.71,-0.5373,余动能不足,55.94,44.06,36.69,1.1557,1.5063,1.6314,1.7439,0.6627,0.8637,中值上侧偏离,0.8652,0.5206,58.49,56.89,233MA下侧极端,-4.7569,-3.0311,59.76,47.05,趋势不明,0.3921,mixed,2,缩量,0.5402,短期上侧偏离 + 大周期弱势深水区,优势不够大，不能单独触发策略；历史上继续远离 233MA 的概率不低,74.12,74,54,8,0
UNI-USDT,8H,ok,full_weight,1,233,OKX,2022-10-06 00:00,2026-05-30 16:00,3999,2026-05-30 16:00,3.06,黄偏红,防守等待,76.28,波动压缩 / 余动能不足 / 短期下侧偏离 / 大周期弱势深水区,谨慎观察，不把单一短期偏离当入场理由,波动压缩,3.1052,25.18,0.4226,4.03,-0.5774,余动能不足,55.15,44.85,36.61,2.044,2.7635,3.0619,3.3159,0.6164,0.8334,中值下侧偏离,-4.8731,-1.6535,37.33,54.83,233MA下侧极端,-10.4349,-3.7606,51.16,52.35,强趋势下行,-6.1507,down,3,缩量,0.3745,短期下侧偏离 + 大周期弱势深水区,优势不够大，不能单独触发策略；历史上继续远离 233MA 的概率不低,76.28,56,47.39,8,42
AAVE-USDT,8H,ok,full_weight,1,233,OKX,2022-10-06 00:00,2026-05-30 16:00,3999,2026-05-30 16:00,82.78,黄偏红,防守等待,76.28,波动压缩 / 余动能不足 / 短期贴近中轴 / 大周期弱势深水区,谨慎观察，不把单一短期偏离当入场理由,波动压缩,2.751,14.71,0.5076,10.6,-0.4924,余动能不足,54.87,45.13,38.83,1.9904,2.6038,2.7344,2.8443,0.6998,0.9154,中值贴近中轴,-0.5646,-0.2057,41.72,7.15,233MA下侧极端,-14.5842,-6.1848,29.58,51.28,弱趋势下行,-2.5451,down,3,缩量,0.3496,短期贴近中轴 + 大周期弱势深水区,贴近中轴时继续拉伸概率通常更高；历史上继续远离 233MA 的概率不低,76.28,56,0,8,0
NEAR-USDT,8H,ok,full_weight,1,233,OKX,2022-10-06 00:00,2026-05-30 16:00,3999,2026-05-30 16:00,2.25,绿,趋势策略天气,78.39,高波动冷却 / 接近正常动能 / 短期下侧偏离 / 大周期强势高位,趋势天气较友好，等方向和量能确认,高波动冷却,7.1384,94.37,0.8015,40.1,-0.1985,接近正常动能,72.51,27.49,39.34,6.6286,7.3704,7.208,6.5674,1.0093,1.1223,中值下侧偏离,-13.5062,-2.1025,25.01,54.1,233MA上侧极端,50.1195,4.4953,83.53,40.91,强趋势下行,-4.7316,down,3,缩量,0.479,短期下侧偏离 + 大周期强势高位,优势不够大，不能单独触发策略；强势区可以长期维持在 233MA 上方,15.59,40,50.76,16,78.39
OP-USDT,8H,ok,full_weight,1,233,OKX,2022-10-06 00:00,2026-05-30 16:00,3999,2026-05-30 16:00,0.12,黄,防守等待,75.08,波动压缩 / 余动能不足 / 短期下侧偏离 / 大周期偏弱,等待更清楚的波动或位置共振,波动压缩,3.8531,30.19,0.4921,8.12,-0.5079,余动能不足,56.76,43.24,36.16,2.895,3.7062,3.8393,3.9209,0.7384,0.9452,中值下侧偏离,-2.7419,-0.7275,47.22,51.29,233MA下侧偏离,-2.9063,-0.7724,70.14,66.49,强趋势下行,-3.9395,down,3,缩量,0.2811,短期下侧偏离 + 大周期偏弱,优势不够大，不能单独触发策略；未到极端，但大天气仍偏弱,75.08,66,34.64,8,35.64
ARB-USDT,8H,ok,full_weight,1,233,OKX,2023-03-23 16:00,2026-05-30 16:00,3493,2026-05-30 16:00,0.1,黄偏红,防守等待,76.28,波动压缩 / 余动能不足 / 短期下侧偏离 / 大周期弱势深水区,谨慎观察，不把单一短期偏离当入场理由,波动压缩,3.6719,36.97,0.6876,29.5,-0.3124,余动能不足,55.51,44.49,35.81,2.9917,3.5236,3.6525,3.7881,0.7897,0.9302,中值下侧偏离,-3.2025,-0.8874,36.05,53.22,233MA下侧极端,-8.5375,-2.5036,61.74,54.18,强趋势下行,-4.2945,down,3,缩量,0.6772,短期下侧偏离 + 大周期弱势深水区,优势不够大，不能单独触发策略；历史上继续远离 233MA 的概率不低,76.28,56,41.59,8,37.77
SUI-USDT,8H,ok,full_weight,1,233,OKX,2023-05-03 16:00,2026-05-30 16:00,3369,2026-05-30 16:00,0.91,黄,防守等待,75.08,波动压缩 / 余动能不足 / 短期下侧偏离 / 大周期偏弱,等待更清楚的波动或位置共振,波动压缩,3.869,27.37,0.4263,3.86,-0.5737,余动能不足,55.96,44.04,38.86,2.6267,3.4447,3.8141,4.131,0.6359,0.8339,中值下侧偏离,-7.6321,-2.1328,18.26,51.41,233MA下侧偏离,-7.0186,-1.9484,56.52,63.59,强趋势下行,-9.2713,down,4,缩量,0.4786,短期下侧偏离 + 大周期偏弱,优势不够大，不能单独触发策略；未到极端，但大天气仍偏弱,75.08,66,35.08,8,42
APT-USDT,8H,ok,full_weight,1,233,OKX,2022-10-19 08:00,2026-05-30 16:00,3959,2026-05-30 16:00,0.94,黄,网格震荡天气,84,波动压缩 / 余动能不足 / 短期贴近中轴 / 大周期偏弱,震荡/网格天气较友好，仍需控制突破风险,波动压缩,3.7634,35.29,0.4406,5.16,-0.5594,余动能不足,59.36,40.64,35.01,2.8941,3.6986,3.7623,3.7578,0.7702,0.9843,中值贴近中轴,-0.7697,-0.2062,45.17,10.03,233MA下侧偏离,-1.7849,-0.4831,70.63,67.9,趋势不明,-1.1928,mixed,2,缩量,0.386,短期贴近中轴 + 大周期偏弱,贴近中轴时继续拉伸概率通常更高；未到极端，但大天气仍偏弱,62.92,84,0,26,0
FIL-USDT,8H,ok,full_weight,1,233,OKX,2022-10-06 00:00,2026-05-30 16:00,3999,2026-05-30 16:00,0.97,黄,防守等待,53,高波动冷却 / 余动能不足 / 短期下侧偏离 / 大周期偏强,等待更清楚的波动或位置共振,高波动冷却,4.7683,73.17,0.6312,24.5,-0.3688,余动能不足,75.67,24.33,35.18,3.9757,4.8379,4.7913,4.6246,0.8597,1.0461,中值下侧偏离,-3.7751,-0.8229,39.36,53.21,233MA上侧偏离,3.1869,0.6478,67.08,49.15,弱趋势下行,-1.3501,down,3,缩量,0.4439,短期下侧偏离 + 大周期偏强,优势不够大，不能单独触发策略；不是天然做空区域,53,50,47.56,4,16.1
ETC-USDT,8H,ok,full_weight,1,233,OKX,2022-10-06 00:00,2026-05-30 16:00,3999,2026-05-30 16:00,8.21,黄,防守等待,75.08,波动压缩 / 余动能不足 / 短期下侧偏离 / 大周期偏弱,等待更清楚的波动或位置共振,波动压缩,2.5565,25.23,0.4649,8.09,-0.5351,余动能不足,57.89,42.11,37.01,1.6847,2.3096,2.5277,2.6852,0.6274,0.8601,中值下侧偏离,-4.4055,-1.7957,26.34,56.1,233MA下侧偏离,-4.767,-1.9504,54.96,64.31,强趋势下行,-4.9586,down,4,缩量,0.2135,短期下侧偏离 + 大周期偏弱,优势不够大，不能单独触发策略；未到极端，但大天气仍偏弱,75.08,66,51.96,8,41.75
ATOM-USDT,8H,ok,full_weight,1,233,OKX,2022-10-06 00:00,2026-05-30 16:00,3999,2026-05-30 16:00,2.02,黄偏绿,趋势策略天气,70,高波动冷却 / 余动能不足 / 短期下侧偏离 / 大周期偏强,趋势天气较友好，等方向和量能确认,高波动冷却,3.4179,58.22,0.6015,18.9,-0.3985,余动能不足,74.03,25.97,38.2,2.4257,3.1516,3.3942,3.4749,0.698,0.907,中值下侧偏离,-5.4775,-1.6755,27.01,54.21,233MA上侧偏离,7.0685,1.9089,71.13,52.63,强趋势下行,-5.0393,down,4,缩量,0.2558,短期下侧偏离 + 大周期偏强,优势不够大，不能单独触发策略；不是天然做空区域,42.6,50,59.16,0,70
INJ-USDT,8H,ok,full_weight,1,233,OKX,2023-11-30 08:00,2026-05-30 16:00,2738,2026-05-30 16:00,6.59,绿,趋势策略天气,80,高波动扩张 / 接近正常动能 / 短期上侧偏离 / 大周期强势高位,趋势天气较友好，等方向和量能确认,高波动扩张,6.4059,81.49,1.0749,68.39,0.0749,接近正常动能,59.71,40.29,37.32,7.8666,7.0948,6.4988,5.8748,1.339,1.2077,中值上侧偏离,8.9557,1.2188,61.96,54.37,233MA上侧极端,75.2959,6.3691,87.75,40.24,强趋势上行,20.9579,up,4,量能正常,0.8446,短期上侧偏离 + 大周期强势高位,优势不够大，不能单独触发策略；强势区可以长期维持在 233MA 上方,15.4,2,39.73,44,80
STX-USDT,8H,ok,full_weight,1,233,OKX,2022-10-06 00:00,2026-05-30 16:00,3999,2026-05-30 16:00,0.24,黄偏绿,网格震荡天气,84,波动压缩 / 余动能不足 / 短期贴近中轴 / 大周期中轴附近,震荡/网格天气较友好，仍需控制突破风险,波动压缩,3.2381,17.77,0.4815,9.42,-0.5185,余动能不足,58.23,41.77,35.82,2.3595,3.0293,3.2127,3.3678,0.7006,0.8995,中值贴近中轴,-1.0491,-0.3254,50.02,8.97,233MA贴近中轴,-0.0668,-0.0205,66.27,93.42,趋势不明,-0.9432,mixed,2,缩量,0.1693,短期贴近中轴 + 大周期中轴附近,贴近中轴时继续拉伸概率通常更高；中轴附近容易出现反复,52.92,84,8,8,0
IMX-USDT,8H,ok,full_weight,1,233,OKX,2022-10-06 00:00,2026-05-30 16:00,3999,2026-05-30 16:00,0.16,黄偏绿,网格震荡天气,66,波动压缩 / 余动能不足 / 短期贴近中轴 / 大周期中轴附近,震荡/网格天气较友好，仍需控制突破风险,波动压缩,3.8038,21.29,0.5268,11.6,-0.4732,余动能不足,53.95,46.05,35.86,3.1001,3.675,3.7881,3.876,0.7998,0.9481,中值贴近中轴,-0.6724,-0.1756,53.45,8.22,233MA贴近中轴,-0.6025,-0.1572,64.8,89.51,弱趋势下行,-1.8343,down,3,缩量,0.3888,短期贴近中轴 + 大周期中轴附近,贴近中轴时继续拉伸概率通常更高；中轴附近容易出现反复,55.08,66,8,8,1.01
WLD-USDT,8H,ok,full_weight,1,233,OKX,2023-07-24 16:00,2026-05-30 16:00,3124,2026-05-30 16:00,0.34,绿,趋势策略天气,88,高波动扩张 / 动能已超ATR / 短期贴近中轴 / 大周期偏强,趋势天气较友好，等方向和量能确认,高波动扩张,7.9456,88.09,1.5755,90.18,0.5755,动能已超ATR,58.29,41.71,41.74,10.7728,8.9894,8.1011,7.0309,1.5322,1.2786,中值贴近中轴,-0.1015,-0.0126,45.18,8.47,233MA上侧偏离,22.0233,2.2358,75.96,59.88,强趋势上行,8.0513,up,3,放量,1.9432,短期贴近中轴 + 大周期偏强,贴近中轴时继续拉伸概率通常更高；不是天然做空区域,14.44,4,0,66,88
AR-USDT,8H,ok,full_weight,1,233,OKX,2022-10-06 00:00,2026-05-30 16:00,3999,2026-05-30 16:00,2.4,绿,趋势策略天气,80,高波动扩张 / 动能已超ATR / 短期上侧偏离 / 大周期强势高位,趋势天气较友好，等方向和量能确认,高波动扩张,5.552,68.9,1.2023,76.83,0.2023,动能已超ATR,54.61,45.39,40.59,5.7018,5.9865,5.6177,5.2142,1.0935,1.1481,中值上侧偏离,6.6992,1.1564,63,53.19,233MA上侧极端,21.1503,3.2153,78.46,40.85,强趋势上行,13.086,up,4,量能正常,0.8983,短期上侧偏离 + 大周期强势高位,优势不够大，不能单独触发策略；强势区可以长期维持在 233MA 上方,15.4,2,35.48,54,80
XLM-USDT,8H,ok,full_weight,1,233,OKX,2022-10-06 00:00,2026-05-30 16:00,3999,2026-05-30 16:00,0.23,绿,趋势策略天气,88,高波动扩张 / 动能已超ATR / 短期上侧偏离 / 大周期强势高位,趋势天气较友好，等方向和量能确认,高波动扩张,6.9169,96.55,1.5602,89.48,0.5602,动能已超ATR,56.12,43.88,40.16,11.9887,9.2586,7.2123,5.4583,2.1964,1.6962,中值上侧偏离,3.6024,0.4578,51.83,56.61,233MA上侧极端,39.7463,3.745,76.24,43.68,强趋势上行,48.968,up,4,量能正常,1.387,短期上侧偏离 + 大周期强势高位,优势不够大，不能单独触发策略；强势区可以长期维持在 233MA 上方,14.44,0,47.8,66,88
ICP-USDT,8H,ok,full_weight,1,233,OKX,2022-10-06 00:00,2026-05-30 16:00,3999,2026-05-30 16:00,2.66,黄偏绿,网格震荡天气,68,高波动冷却 / 余动能不足 / 短期下侧偏离 / 大周期偏强,震荡/网格天气较友好，仍需控制突破风险,高波动冷却,5.168,77.81,0.5022,8.32,-0.4978,余动能不足,74.84,25.16,34.33,3.8216,5.0514,5.1664,5.1469,0.7425,0.9815,中值下侧偏离,-4.9221,-0.9865,42.9,55.97,233MA上侧偏离,3.5362,0.6508,67.02,50.5,趋势不明,-0.0592,mixed,2,缩量,0.2028,短期下侧偏离 + 大周期偏强,优势不够大，不能单独触发策略；不是天然做空区域,32.84,68,57.49,4,8.36
HBAR-USDT,8H,ok,full_weight,1,233,OKX,2022-10-06 00:00,2026-05-30 16:00,3999,2026-05-30 16:00,0.1,绿,趋势策略天气,80,常态波动 / 接近正常动能 / 短期贴近中轴 / 大周期偏强,趋势天气较友好，等方向和量能确认,常态波动,4.2485,67.67,0.9581,58.72,-0.0419,接近正常动能,59.09,40.91,39.32,6.6725,5.35,4.3825,3.6053,1.8508,1.4839,中值贴近中轴,-0.8082,-0.1866,55.27,9.74,233MA上侧偏离,5.1283,1.1169,63.72,57.04,强趋势上行,9.6102,up,4,量能正常,1.0573,短期贴近中轴 + 大周期偏强,贴近中轴时继续拉伸概率通常更高；不是天然做空区域,15.4,58,0,44,80
ALGO-USDT,8H,ok,full_weight,1,233,OKX,2022-10-06 00:00,2026-05-30 16:00,3999,2026-05-30 16:00,0.12,绿,趋势策略天气,88,高波动扩张 / 动能已超ATR / 短期上侧偏离 / 大周期强势高位,趋势天气较友好，等方向和量能确认,高波动扩张,4.7416,76.15,1.6437,91.38,0.6437,动能已超ATR,55.56,44.44,39.47,7.3952,5.7018,4.8514,4.2431,1.7429,1.3438,中值上侧偏离,2.6905,0.534,57.06,52.98,233MA上侧极端,15.4687,2.7304,75.71,43.06,强趋势上行,13.646,up,4,放量,1.7987,短期上侧偏离 + 大周期强势高位,优势不够大，不能单独触发策略；强势区可以长期维持在 233MA 上方,14.44,0,34.73,66,88
LDO-USDT,8H,ok,full_weight,1,233,OKX,2022-10-06 00:00,2026-05-30 16:00,3999,2026-05-30 16:00,0.32,黄偏红,防守等待,75.08,波动压缩 / 余动能不足 / 短期下侧偏离 / 大周期偏弱,谨慎观察，不把单一短期偏离当入场理由,波动压缩,3.2896,11.18,0.6707,27.89,-0.3293,余动能不足,53.15,46.85,36.84,2.4606,3.0543,3.2567,3.5013,0.7028,0.8723,中值下侧偏离,-3.1805,-1.0061,38.66,52.32,233MA下侧偏离,-6.9464,-2.2862,62.64,65.15,强趋势下行,-4.0405,down,3,缩量,0.2873,短期下侧偏离 + 大周期偏弱,优势不够大，不能单独触发策略；未到极端，但大天气仍偏弱,75.08,66,38.35,8,36.24
CRV-USDT,8H,ok,full_weight,1,233,OKX,2022-10-06 00:00,2026-05-30 16:00,3999,2026-05-30 16:00,0.21,黄偏红,防守等待,76.28,波动压缩 / 余动能不足 / 短期下侧偏离 / 大周期弱势深水区,谨慎观察，不把单一短期偏离当入场理由,波动压缩,2.9726,11.03,0.4837,8.24,-0.5163,余动能不足,56.7,43.3,36.11,1.931,2.6228,2.9253,3.2271,0.5984,0.8127,中值下侧偏离,-2.9012,-0.9986,35.71,57.02,233MA下侧极端,-7.093,-2.5516,60.52,50.25,强趋势下行,-3.6196,down,3,缩量,0.21,短期下侧偏离 + 大周期弱势深水区,优势不够大，不能单独触发策略；历史上继续远离 233MA 的概率不低,76.28,56,54,8,33.72
ENS-USDT,8H,ok,full_weight,1,233,OKX,2022-10-06 00:00,2026-05-30 16:00,3999,2026-05-30 16:00,5.96,黄,防守等待,75.08,波动压缩 / 余动能不足 / 短期下侧偏离 / 大周期偏弱,等待更清楚的波动或位置共振,波动压缩,3.289,27.81,0.5417,13.36,-0.4583,余动能不足,56.15,43.85,36.69,2.8265,3.2055,3.2767,3.3609,0.841,0.9538,中值下侧偏离,-1.512,-0.4632,45.58,54.63,233MA下侧偏离,-2.8453,-0.8836,62.12,59.03,弱趋势下行,-2.1425,down,3,缩量,0.5201,短期下侧偏离 + 大周期偏弱,优势不够大，不能单独触发策略；未到极端，但大天气仍偏弱,75.08,66,46.67,8,0
PENDLE-USDT,8H,ok,full_weight,1,233,OKX,2024-09-27 08:00,2026-05-30 16:00,1832,2026-05-30 16:00,1.34,黄偏绿,均值回归天气,92,高波动冷却 / 余动能不足 / 短期过冷 / 大周期偏弱,均值回归可观察，但要服从大周期过滤,高波动冷却,6.2049,83.7,0.5473,11.96,-0.4527,余动能不足,74.83,25.17,37.23,4.3167,5.6537,6.1376,6.5357,0.6605,0.865,中值下侧极端,-19.3383,-3.9105,1.46,88.41,233MA下侧偏离,-7.0183,-1.2311,58.65,77.21,强趋势下行,-22.9841,down,4,缩量,0.3505,短期过冷 + 大周期偏弱,如果大周期仍弱，只能当短线天气看；未到极端，但大天气仍偏弱,59.96,30,92,0,60
JUP-USDT,8H,ok,full_weight,1,233,OKX,2024-01-31 16:00,2026-05-30 16:00,2551,2026-05-30 16:00,0.19,黄偏绿,网格震荡天气,66,波动压缩 / 余动能不足 / 短期下侧偏离 / 大周期偏强,震荡/网格天气较友好，仍需控制突破风险,波动压缩,4.3028,33,0.5536,13.3,-0.4464,余动能不足,56.91,43.09,37.41,3.0442,3.9626,4.2617,4.5045,0.6758,0.8797,中值下侧偏离,-3.3168,-0.799,46.46,51.15,233MA上侧偏离,2.4827,0.5642,71.16,56.35,强趋势下行,-5.3671,down,3,缩量,0.3005,短期下侧偏离 + 大周期偏强,优势不够大，不能单独触发策略；不是天然做空区域,55.08,66,48.14,8,52
PYTH-USDT,8H,ok,full_weight,1,233,OKX,2023-11-20 16:00,2026-05-30 16:00,2767,2026-05-30 16:00,0.04,黄偏绿,网格震荡天气,74,常态波动 / 余动能不足 / 短期上侧偏离 / 大周期偏弱,震荡/网格天气较友好，仍需控制突破风险,常态波动,4.4348,35.38,0.7165,31.94,-0.2835,余动能不足,65.85,34.15,35.8,3.8502,4.3411,4.4213,4.5164,0.8525,0.9612,中值上侧偏离,5.6171,1.2241,65.69,51.28,233MA下侧偏离,-6.299,-1.5472,60.65,70.89,强趋势上行,5.7117,up,4,量能正常,0.8905,短期上侧偏离 + 大周期偏弱,优势不够大，不能单独触发策略；未到极端，但大天气仍偏弱,52.12,74,26.61,4,60
TIA-USDT,8H,ok,full_weight,1,233,OKX,2023-10-31 16:00,2026-05-30 16:00,2826,2026-05-30 16:00,0.41,黄偏绿,趋势策略天气,70,高波动冷却 / 余动能不足 / 短期下侧偏离 / 大周期偏强,趋势天气较友好，等方向和量能确认,高波动冷却,5.4046,52.95,0.5405,12.1,-0.4595,余动能不足,80.61,19.39,35.2,3.9905,5.1273,5.3834,5.4451,0.7329,0.9416,中值下侧偏离,-8.1982,-1.6508,30,51.56,233MA上侧偏离,12.8059,2.0984,75.34,54.98,强趋势下行,-6.0052,down,3,缩量,0.245,短期下侧偏离 + 大周期偏强,优势不够大，不能单独触发策略；不是天然做空区域,42.6,50,49.62,0,70
ONDO-USDT,8H,ok,full_weight,1,233,OKX,2024-07-29 08:00,2026-05-30 16:00,2012,2026-05-30 16:00,0.38,黄,趋势策略天气,50.05,高波动扩张 / 动能已超ATR / 短期下侧偏离 / 大周期强势高位,趋势天气较友好，等方向和量能确认,高波动扩张,6.1094,81.72,1.8028,94.52,0.8028,动能已超ATR,59.7,40.3,40.33,6.1296,5.7705,6.0639,6.284,0.9754,0.9183,中值下侧偏离,-5.3772,-1.0182,34.82,52.36,233MA上侧极端,23.3732,3.3946,82.3,36.9,弱趋势混合,-4.008,mixed,2,量能正常,1.249,短期下侧偏离 + 大周期强势高位,优势不够大，不能单独触发策略；强势区可以长期维持在 233MA 上方,36.99,0,32.5,38,50.05
FET-USDT,8H,ok,full_weight,1,233,OKX,2023-11-24 08:00,2026-05-30 16:00,2756,2026-05-30 16:00,0.28,绿,趋势策略天气,88,常态波动 / 接近正常动能 / 短期上侧偏离 / 大周期强势高位,趋势天气较友好，等方向和量能确认,常态波动,5.9144,68.41,0.8296,44.02,-0.1704,接近正常动能,62.92,37.08,39.44,7.448,6.6785,6.0264,5.28,1.4106,1.2649,中值上侧偏离,14.239,2.1545,75.61,52.44,233MA上侧极端,25.8402,3.5494,81.28,38.47,强趋势上行,24.5749,up,4,量能正常,1.3262,短期上侧偏离 + 大周期强势高位,优势不够大，不能单独触发策略；强势区可以长期维持在 233MA 上方,14.44,40,44.78,56,88
PEPE-USDT,8H,ok,full_weight,1,233,OKX,2023-05-01 08:00,2026-05-30 16:00,3377,2026-05-30 16:00,0,黄偏红,防守等待,76.28,波动压缩 / 余动能不足 / 短期下侧偏离 / 大周期弱势深水区,谨慎观察，不把单一短期偏离当入场理由,波动压缩,2.9369,1.95,0.5748,18.45,-0.4252,余动能不足,57.75,42.25,37.26,2.1193,2.7418,2.9145,3.0542,0.6939,0.8977,中值下侧偏离,-1.6724,-0.5748,38.89,56.03,233MA下侧极端,-7.7194,-2.8267,62.75,55.58,强趋势下行,-3.1893,down,3,缩量,0.528,短期下侧偏离 + 大周期弱势深水区,优势不够大，不能单独触发策略；历史上继续远离 233MA 的概率不低,76.28,56,51.71,8,31.14
SHIB-USDT,8H,ok,full_weight,1,233,OKX,2022-10-06 00:00,2026-05-30 16:00,3999,2026-05-30 16:00,0,黄偏红,防守等待,74.12,波动压缩 / 余动能不足 / 短期贴近中轴 / 大周期弱势深水区,谨慎观察，不把单一短期偏离当入场理由,波动压缩,2.1275,8.49,0.5621,18.35,-0.4379,余动能不足,59.4,40.6,34.48,1.6959,2.0355,2.1159,2.1931,0.7733,0.9281,中值贴近中轴,0.6133,0.2853,49.57,12.72,233MA下侧极端,-8.3879,-4.2857,39.19,53.12,趋势不明,-0.3635,down,3,缩量,0.5068,短期贴近中轴 + 大周期弱势深水区,贴近中轴时继续拉伸概率通常更高；历史上继续远离 233MA 的概率不低,74.12,74,0,8,0
BONK-USDT,8H,ok,full_weight,1,233,OKX,2024-01-08 08:00,2026-05-30 16:00,2621,2026-05-30 16:00,0,黄偏红,防守等待,76.28,波动压缩 / 余动能不足 / 短期下侧偏离 / 大周期弱势深水区,谨慎观察，不把单一短期偏离当入场理由,波动压缩,3.3475,4.85,0.5981,20.76,-0.4019,余动能不足,53.54,46.46,36.9,2.531,3.1731,3.3257,3.4726,0.7288,0.9138,中值下侧偏离,-5.2008,-1.6231,32.77,51.25,233MA下侧极端,-11.6053,-3.8842,54.07,53.39,强趋势下行,-6.8907,down,4,缩量,0.3662,短期下侧偏离 + 大周期弱势深水区,优势不够大，不能单独触发策略；历史上继续远离 233MA 的概率不低,76.28,56,34.5,8,42
FLOKI-USDT,8H,ok,full_weight,1,233,OKX,2022-12-16 08:00,2026-05-30 16:00,3784,2026-05-30 16:00,0,黄偏红,防守等待,76.28,波动压缩 / 余动能不足 / 短期贴近中轴 / 大周期弱势深水区,谨慎观察，不把单一短期偏离当入场理由,波动压缩,2.8837,4.92,0.6787,30.83,-0.3213,余动能不足,60.02,39.98,34.47,2.1815,2.6523,2.8516,3.0686,0.7109,0.8643,中值贴近中轴,-0.7722,-0.2715,48.69,11.15,233MA下侧极端,-7.6168,-2.8764,60.54,54.59,弱趋势下行,-2.0498,down,3,缩量,0.735,短期贴近中轴 + 大周期弱势深水区,贴近中轴时继续拉伸概率通常更高；历史上继续远离 233MA 的概率不低,76.28,56,0,8,0
WIF-USDT,8H,ok,full_weight,1,233,OKX,2024-04-15 08:00,2026-05-30 16:00,2327,2026-05-30 16:00,0.19,绿,网格震荡天气,84,波动压缩 / 余动能不足 / 短期上侧偏离 / 大周期中轴附近,震荡/网格天气较友好，仍需控制突破风险,波动压缩,3.7761,7.76,0.5543,14.93,-0.4457,余动能不足,56.22,43.78,36.39,3.009,3.6838,3.7679,3.8266,0.7863,0.9627,中值上侧偏离,2.0397,0.5266,57.75,54.53,233MA贴近中轴,-1.0493,-0.2794,74.17,90.83,趋势不明,0.9097,mixed,2,缩量,0.4702,短期上侧偏离 + 大周期中轴附近,优势不够大，不能单独触发策略；中轴附近容易出现反复,42.92,84,52.31,26,0
ORDI-USDT,8H,ok,full_weight,1,233,OKX,2023-05-20 16:00,2026-05-30 16:00,3318,2026-05-30 16:00,3.43,黄偏绿,趋势策略天气,70,低波动启动 / 接近正常动能 / 短期下侧偏离 / 大周期偏弱,趋势天气较友好，等方向和量能确认,低波动启动,5.7486,54.33,1.0992,72.12,0.0992,接近正常动能,43.29,56.71,36.05,4.8608,5.5453,5.7226,5.9801,0.8128,0.9273,中值下侧偏离,-8.7188,-1.6926,26.91,54.38,233MA下侧偏离,-7.3115,-1.3979,59.21,69.25,强趋势下行,-10.2956,down,4,量能正常,0.8307,短期下侧偏离 + 大周期偏弱,优势不够大，不能单独触发策略；未到极端，但大天气仍偏弱,46.6,42,45.77,16,70
SATS-USDT,8H,ok,full_weight,1,233,OKX,2023-12-18 08:00,2026-05-30 16:00,2683,2026-05-30 16:00,0,黄偏绿,趋势策略天气,70,常态波动 / 接近正常动能 / 短期下侧偏离 / 大周期弱势深水区,趋势天气较友好，等方向和量能确认,常态波动,4.2777,19.94,0.8217,49.23,-0.1783,接近正常动能,63.02,36.98,32.41,3.4232,4.1121,4.259,4.4102,0.7762,0.9324,中值下侧偏离,-5.1325,-1.2736,51.5,57.4,233MA下侧极端,-11.5908,-3.0864,68.43,52.38,强趋势下行,-6.6834,down,3,缩量,0.6842,短期下侧偏离 + 大周期弱势深水区,优势不够大，不能单独触发策略；历史上继续远离 233MA 的概率不低,46.6,56,54,0,70
NOT-USDT,8H,ok,full_weight,1,233,OKX,2024-05-16 16:00,2026-05-30 16:00,2232,2026-05-30 16:00,0,黄偏绿,网格震荡天气,66,波动压缩 / 余动能不足 / 短期下侧偏离 / 大周期偏强,震荡/网格天气较友好，仍需控制突破风险,波动压缩,4.2765,26.43,0.6924,31.97,-0.3076,余动能不足,59.55,40.45,34.57,2.9756,3.7751,4.2016,4.7705,0.6238,0.7914,中值下侧偏离,-5.9744,-1.4932,46.5,54.48,233MA上侧偏离,3.784,0.8568,83.45,66.06,强趋势下行,-3.2534,down,3,缩量,0.6332,短期下侧偏离 + 大周期偏强,优势不够大，不能单独触发策略；不是天然做空区域,55.08,66,60.13,8,41.52
ENA-USDT,8H,ok,full_weight,1,233,OKX,2025-09-17 08:00,2026-05-30 16:00,767,2026-05-30 16:00,0.09,黄偏红,防守等待,76.28,波动压缩 / 余动能不足 / 短期下侧偏离 / 大周期弱势深水区,谨慎观察，不把单一短期偏离当入场理由,波动压缩,4.2722,36.01,0.3625,1.79,-0.6375,余动能不足,56.21,43.79,37.39,2.8899,3.8977,4.2257,4.527,0.6384,0.861,中值下侧偏离,-6.2338,-1.5544,34.05,46.24,233MA下侧极端,-14.2207,-3.8761,66.77,51.65,强趋势下行,-9.0179,down,4,缩量,0.4615,短期下侧偏离 + 大周期弱势深水区,优势不够大，不能单独触发策略；历史上继续远离 233MA 的概率不低,76.28,56,16.46,8,42
W-USDT,8H,ok,full_weight,1,233,OKX,2024-04-03 16:00,2026-05-30 16:00,2362,2026-05-30 16:00,0.01,黄偏红,防守等待,76.28,波动压缩 / 余动能不足 / 短期下侧偏离 / 大周期弱势深水区,谨慎观察，不把单一短期偏离当入场理由,波动压缩,3.9542,12.49,0.5376,13.3,-0.4624,余动能不足,53.65,46.35,33.92,2.7462,3.6548,3.918,4.1457,0.6624,0.8816,中值下侧偏离,-2.5898,-0.6666,45.04,55.69,233MA下侧极端,-15.8998,-4.7405,63.86,57.77,强趋势下行,-3.199,down,3,缩量,0.6984,短期下侧偏离 + 大周期弱势深水区,优势不够大，不能单独触发策略；历史上继续远离 233MA 的概率不低,76.28,56,50.48,8,31.19
STRK-USDT,8H,ok,full_weight,1,233,OKX,2024-02-20 16:00,2026-05-30 16:00,2491,2026-05-30 16:00,0.04,黄偏红,防守等待,63.8,高波动冷却 / 余动能不足 / 短期下侧偏离 / 大周期偏弱,谨慎观察，不把单一短期偏离当入场理由,高波动冷却,4.8113,49.37,0.437,5.02,-0.563,余动能不足,82.17,17.83,35.41,3.5329,4.5156,4.7751,5.0135,0.7047,0.9007,中值下侧偏离,-3.4751,-0.7413,40.96,51.24,233MA下侧偏离,-4.3783,-0.9428,70.45,57.82,强趋势下行,-5.66,down,3,缩量,0.3442,短期下侧偏离 + 大周期偏弱,优势不够大，不能单独触发策略；未到极端，但大天气仍偏弱,63.8,50,34.46,0,60
ZK-USDT,8H,ok,full_weight,1,233,OKX,2024-06-18 08:00,2026-05-30 16:00,2134,2026-05-30 16:00,0.01,黄偏绿,网格震荡天气,74,常态波动 / 接近正常动能 / 短期贴近中轴 / 大周期弱势深水区,震荡/网格天气较友好，仍需控制突破风险,常态波动,4.5013,32.56,0.8147,45.52,-0.1853,接近正常动能,58.66,41.34,35.46,4.7283,4.6889,4.5213,4.44,1.0649,1.056,中值贴近中轴,1.2302,0.2742,54.14,10.71,233MA下侧极端,-13.5763,-3.544,54.53,54.28,趋势不明,-0.2755,down,3,缩量,0.5459,短期贴近中轴 + 大周期弱势深水区,贴近中轴时继续拉伸概率通常更高；历史上继续远离 233MA 的概率不低,36.12,74,0,16,9.65
ZRO-USDT,8H,ok,full_weight,1,233,OKX,2024-06-20 16:00,2026-05-30 16:00,2128,2026-05-30 16:00,1.15,绿,趋势策略天气,78,低波动启动 / 接近正常动能 / 短期下侧偏离 / 大周期弱势深水区,趋势天气较友好，等方向和量能确认,低波动启动,4.1272,21.21,1.0935,69.81,0.0935,接近正常动能,43.24,56.76,36.58,3.7659,4.0885,4.1239,4.171,0.9029,0.9802,中值下侧偏离,-6.2806,-1.651,29.53,53.32,233MA下侧极端,-31.7102,-11.4401,20.19,59.72,强趋势下行,-8.5617,down,3,放量,1.6289,短期下侧偏离 + 大周期弱势深水区,优势不够大，不能单独触发策略；历史上继续远离 233MA 的概率不低,35.64,40,33.95,46,78
GALA-USDT,8H,ok,full_weight,1,233,OKX,2022-10-06 00:00,2026-05-30 16:00,3998,2026-05-30 16:00,0,黄,防守等待,75.08,波动压缩 / 余动能不足 / 短期下侧偏离 / 大周期偏弱,等待更清楚的波动或位置共振,波动压缩,3.4077,16.5,0.499,9.85,-0.501,余动能不足,58.46,41.54,35.38,2.3999,3.1731,3.3786,3.5765,0.671,0.8872,中值下侧偏离,-2.017,-0.6025,38.66,53.22,233MA下侧偏离,-4.9211,-1.515,66.03,65.31,强趋势下行,-3.3176,down,3,缩量,0.659,短期下侧偏离 + 大周期偏弱,优势不够大，不能单独触发策略；未到极端，但大天气仍偏弱,75.08,66,41.59,8,31.91
SAND-USDT,8H,ok,full_weight,1,233,OKX,2022-10-06 00:00,2026-05-30 16:00,3999,2026-05-30 16:00,0.07,黄偏红,防守等待,74.12,波动压缩 / 余动能不足 / 短期贴近中轴 / 大周期弱势深水区,谨慎观察，不把单一短期偏离当入场理由,波动压缩,2.7833,14.41,0.503,10.15,-0.497,余动能不足,53.82,46.18,36.13,2.232,2.6775,2.7702,2.862,0.7799,0.9355,中值贴近中轴,-0.4015,-0.1437,49.69,9.36,233MA下侧极端,-9.6407,-3.8032,57.03,51.63,趋势不明,-0.4753,down,3,缩量,0.2336,短期贴近中轴 + 大周期弱势深水区,贴近中轴时继续拉伸概率通常更高；历史上继续远离 233MA 的概率不低,74.12,74,0,8,0
MANA-USDT,8H,ok,full_weight,1,233,OKX,2022-10-06 00:00,2026-05-30 16:00,3999,2026-05-30 16:00,0.08,黄偏红,防守等待,75.08,波动压缩 / 余动能不足 / 短期贴近中轴 / 大周期偏弱,谨慎观察，不把单一短期偏离当入场理由,波动压缩,2.511,9.19,0.5706,16.5,-0.4294,余动能不足,51.75,48.25,36.01,2.1539,2.4129,2.4964,2.5993,0.8287,0.9283,中值贴近中轴,-0.3474,-0.138,51.59,10.22,233MA下侧偏离,-5.6847,-2.3855,62.38,64.3,弱趋势下行,-1.2519,down,3,缩量,0.5436,短期贴近中轴 + 大周期偏弱,贴近中轴时继续拉伸概率通常更高；未到极端，但大天气仍偏弱,75.08,66,0,8,0
BTC-USDT,1D,ok,full_weight,1,233,OKX,2017-10-11,2026-05-29,3153,2026-05-29,73929.4,黄偏红,防守等待,76.28,波动压缩 / 余动能不足 / 短期下侧偏离 / 大周期弱势深水区,谨慎观察，不把单一短期偏离当入场理由,波动压缩,2.6209,8.11,0.5945,20.37,-0.4055,余动能不足,59.54,40.46,38.14,2.371,2.5545,2.6085,2.7239,0.8704,0.9378,中值下侧偏离,-4.5959,-1.8411,35.34,53.68,233MA下侧极端,-11.901,-5.1629,48.71,53.53,强趋势下行,-5.3748,down,4,量能正常,1.2565,短期下侧偏离 + 大周期弱势深水区,优势不够大，不能单独触发策略；历史上继续远离 233MA 的概率不低,76.28,56,43.25,20,50
ETH-USDT,1D,ok,full_weight,1,233,OKX,2017-10-11,2026-05-29,3153,2026-05-29,2026.9,黄偏红,防守等待,76.28,波动压缩 / 余动能不足 / 短期下侧偏离 / 大周期弱势深水区,谨慎观察，不把单一短期偏离当入场理由,波动压缩,3.5482,8.07,0.5847,18.93,-0.4153,余动能不足,57.48,42.52,36.7,3.1879,3.4441,3.5275,3.7243,0.856,0.9248,中值下侧偏离,-6.8242,-2.0594,25.67,52.69,233MA下侧极端,-24.7282,-9.2375,46.53,53.89,强趋势下行,-8.2552,down,4,缩量,0.3859,短期下侧偏离 + 大周期弱势深水区,优势不够大，不能单独触发策略；历史上继续远离 233MA 的概率不低,76.28,56,39.68,8,42
SOL-USDT,1D,ok,full_weight,1,233,OKX,2020-09-29,2026-05-29,2069,2026-05-29,82.7,黄偏红,防守等待,76.28,波动压缩 / 余动能不足 / 短期下侧偏离 / 大周期弱势深水区,谨慎观察，不把单一短期偏离当入场理由,波动压缩,3.7826,0.95,0.5154,11.02,-0.4846,余动能不足,59.94,40.06,32.51,3.2413,3.6461,3.763,3.9459,0.8214,0.924,中值下侧偏离,-7.287,-2.0806,32.24,53.01,233MA下侧极端,-28.7858,-10.7003,41.43,53.28,强趋势下行,-5.9596,down,4,缩量,0.5195,短期下侧偏离 + 大周期弱势深水区,优势不够大，不能单独触发策略；历史上继续远离 233MA 的概率不低,76.28,56,40.84,8,42
BNB-USDT,1D,ok,full_weight,1,233,OKX,2022-12-20,2026-05-29,1257,2026-05-29,694.6,绿,突破策略天气,84,低波动启动 / 动能已超ATR / 短期上侧偏离 / 大周期弱势深水区,不把短期下偏当买点，等待更强共振,低波动启动,3.1725,28.34,2.793,98.51,1.793,动能已超ATR,41.85,58.15,43.98,4.821,3.5374,3.2102,3.0359,1.588,1.1652,中值上侧偏离,4.98,1.6231,72.95,58.68,233MA下侧极端,-11.6687,-4.52,38.05,51.98,强趋势上行,6.7485,up,4,放量,1.9467,短期上侧偏离 + 大周期弱势深水区,优势不够大，不能单独触发策略；历史上继续远离 233MA 的概率不低,34.92,40,46,84,78
XRP-USDT,1D,ok,full_weight,1,233,OKX,2018-01-10,2026-05-29,3062,2026-05-29,1.34,黄,趋势策略天气,62.14,低波动启动 / 接近正常动能 / 短期下侧偏离 / 大周期弱势深水区,趋势天气较友好，等方向和量能确认,低波动启动,3.5198,2.02,1.1875,76.5,0.1875,接近正常动能,45.7,54.3,36.19,3.6915,3.5091,3.5152,3.599,1.0257,0.975,中值下侧偏离,-4.7197,-1.428,25.3,57.95,233MA下侧极端,-24.0854,-9.1466,29.41,52.24,强趋势下行,-3.6896,down,4,量能正常,0.844,短期下侧偏离 + 大周期弱势深水区,优势不够大，不能单独触发策略；历史上继续远离 233MA 的概率不低,37.54,48,46,34,62.14
DOGE-USDT,1D,ok,full_weight,1,233,OKX,2019-07-14,2026-05-29,2510,2026-05-29,0.1,黄偏红,防守等待,76.28,波动压缩 / 余动能不足 / 短期下侧偏离 / 大周期弱势深水区,谨慎观察，不把单一短期偏离当入场理由,波动压缩,4.5125,10.59,0.5737,22.97,-0.4263,余动能不足,63.01,36.99,30.95,3.7442,4.314,4.4944,4.6027,0.8135,0.9373,中值下侧偏离,-5.7916,-1.3747,30.07,58.13,233MA下侧极端,-19.1438,-5.2943,37.17,57.71,强趋势下行,-5.2158,down,3,缩量,0.4731,短期下侧偏离 + 大周期弱势深水区,优势不够大，不能单独触发策略；历史上继续远离 233MA 的概率不低,76.28,56,54,8,42
ADA-USDT,1D,ok,full_weight,1,233,OKX,2018-07-22,2026-05-29,2869,2026-05-29,0.24,黄,网格震荡天气,64,波动压缩 / 接近正常动能 / 短期下侧偏离 / 大周期弱势深水区,震荡/网格天气较友好，仍需控制突破风险,波动压缩,4.2384,4.22,0.8605,51.42,-0.1395,接近正常动能,60.39,39.61,35.83,3.906,4.0615,4.2103,4.4556,0.8766,0.9116,中值下侧偏离,-8.4398,-2.1813,22.53,54.78,233MA下侧极端,-34.5938,-12.5159,20.46,57.08,强趋势下行,-7.6677,down,4,量能正常,0.8997,短期下侧偏离 + 大周期弱势深水区,优势不够大，不能单独触发策略；历史上继续远离 233MA 的概率不低,59.32,64,47.21,20,52
LINK-USDT,1D,ok,full_weight,1,233,OKX,2018-01-10,2026-05-29,3062,2026-05-29,9.2,黄,网格震荡天气,56,波动压缩 / 接近正常动能 / 短期下侧偏离 / 大周期弱势深水区,震荡/网格天气较友好，仍需控制突破风险,波动压缩,4.8038,5.26,0.8836,52.49,-0.1164,接近正常动能,60.13,39.87,39.98,4.5495,4.797,4.8095,4.7787,0.952,1.0038,中值下侧偏离,-6.2681,-1.4126,30.22,55.68,233MA下侧极端,-21.086,-5.6444,43.13,47.56,强趋势下行,-6.5561,down,4,缩量,0.5611,短期下侧偏离 + 大周期弱势深水区,优势不够大，不能单独触发策略；历史上继续远离 233MA 的概率不低,50.28,56,42.45,38,52
AVAX-USDT,1D,ok,full_weight,1,233,OKX,2020-09-21,2026-05-29,2077,2026-05-29,8.96,黄偏红,防守等待,66.28,波动压缩 / 余动能不足 / 短期下侧偏离 / 大周期弱势深水区,谨慎观察，不把单一短期偏离当入场理由,波动压缩,4.4708,4.38,0.689,31.27,-0.311,余动能不足,66.25,33.75,31.23,4.1465,4.3919,4.4579,4.5888,0.9036,0.9571,中值下侧偏离,-6.3679,-1.5271,23.82,51.16,233MA下侧极端,-26.3377,-8.0286,56.16,57.32,强趋势下行,-5.4982,down,4,缩量,0.4537,短期下侧偏离 + 大周期弱势深水区,优势不够大，不能单独触发策略；历史上继续远离 233MA 的概率不低,66.28,56,26.18,26,42
TON-USDT,1D,ok,full_weight,1,233,OKX,2022-04-28,2026-05-29,1492,2026-05-29,1.79,黄偏绿,趋势策略天气,70,高波动冷却 / 余动能不足 / 短期下侧偏离 / 大周期偏强,趋势天气较友好，等方向和量能确认,高波动冷却,10.0802,94.15,0.4494,7.74,-0.5506,余动能不足,75,25,32.82,7.8633,9.8573,10.1154,9.5329,0.8249,1.034,中值下侧偏离,-16.717,-1.9946,23.8,55.37,233MA上侧偏离,9.392,0.8532,67.14,63.31,强趋势下行,-6.2138,down,3,缩量,0.2238,短期下侧偏离 + 大周期偏强,优势不够大，不能单独触发策略；不是天然做空区域,32.6,50,55.33,4,70
TRX-USDT,1D,ok,full_weight,1,233,OKX,2018-01-10,2026-05-29,3062,2026-05-29,0.35,黄,网格震荡天气,64,低波动启动 / 接近正常动能 / 短期下侧偏离 / 大周期强势高位,震荡/网格天气较友好，仍需控制突破风险,低波动启动,2.1238,10.38,0.8771,54.26,-0.1229,接近正常动能,49.26,50.74,37.06,3.1267,2.4921,2.1661,1.9311,1.6191,1.2905,中值下侧偏离,-3.006,-1.4584,32.07,57.87,233MA上侧极端,14.4497,5.9412,69.38,47.4,弱趋势下行,-1.5855,down,3,量能正常,1.0482,短期下侧偏离 + 大周期强势高位,优势不够大，不能单独触发策略；强势区可以长期维持在 233MA 上方,17.32,64,60,62,27.51
DOT-USDT,1D,ok,full_weight,1,233,OKX,2020-08-21,2026-05-29,2108,2026-05-29,1.2,黄偏红,防守等待,66.28,波动压缩 / 余动能不足 / 短期下侧偏离 / 大周期弱势深水区,谨慎观察，不把单一短期偏离当入场理由,波动压缩,5.6485,28.19,0.725,34.87,-0.275,余动能不足,60.68,39.32,28.97,5.1839,5.6673,5.6557,5.6527,0.9171,1.0026,中值下侧偏离,-8.6042,-1.6312,24.49,53.05,233MA下侧极端,-35.5212,-9.5452,39.44,57.1,强趋势下行,-8.2677,down,4,缩量,0.6284,短期下侧偏离 + 大周期弱势深水区,优势不够大，不能单独触发策略；历史上继续远离 233MA 的概率不低,66.28,56,32.98,26,42
BCH-USDT,1D,ok,full_weight,1,233,OKX,2018-11-18,2026-05-29,2750,2026-05-29,306.3,黄偏绿,均值回归天气,84,波动压缩 / 余动能不足 / 短期过冷 / 大周期弱势深水区,均值回归可观察，但要服从大周期过滤,波动压缩,5.9245,38.86,0.6011,22.05,-0.3989,余动能不足,58.99,41.01,31.53,6.1874,6.2685,5.974,5.716,1.0825,1.0967,中值下侧极端,-19.2779,-4.0337,3.94,84.16,233MA下侧极端,-39.4585,-11.0084,41.58,54.38,强趋势下行,-25.712,down,4,缩量,0.4625,短期过冷 + 大周期弱势深水区,如果大周期仍弱，只能当短线天气看；历史上继续远离 233MA 的概率不低,50.92,36,84,54,42
LTC-USDT,1D,ok,full_weight,1,233,OKX,2018-01-10,2026-05-29,3062,2026-05-29,52.4,黄偏红,防守等待,76.28,波动压缩 / 余动能不足 / 短期下侧偏离 / 大周期弱势深水区,谨慎观察，不把单一短期偏离当入场理由,波动压缩,3.1305,0.9,0.7585,39.9,-0.2415,余动能不足,61.39,38.61,32.47,2.7386,3.0225,3.1197,3.2055,0.8543,0.9429,中值下侧偏离,-5.526,-1.8749,26.57,57.71,233MA下侧极端,-24.6823,-10.5045,33.28,50.81,强趋势下行,-5.8851,down,4,缩量,0.599,短期下侧偏离 + 大周期弱势深水区,优势不够大，不能单独触发策略；历史上继续远离 233MA 的概率不低,76.28,56,54,8,42
UNI-USDT,1D,ok,full_weight,1,233,OKX,2020-09-16,2026-05-29,2082,2026-05-29,3.05,黄,均值回归天气,84,波动压缩 / 余动能不足 / 短期过冷 / 大周期弱势深水区,均值回归可观察，但要服从大周期过滤,波动压缩,6.3425,23.56,0.5003,10.61,-0.4997,余动能不足,61.47,38.53,32.04,5.1352,6.1421,6.3339,6.371,0.806,0.9641,中值下侧极端,-14.358,-2.6355,18.68,85.61,233MA下侧极端,-34.9009,-8.4279,35.68,51.98,强趋势下行,-14.0656,down,4,缩量,0.4343,短期过冷 + 大周期弱势深水区,如果大周期仍弱，只能当短线天气看；历史上继续远离 233MA 的概率不低,62.92,36,84,26,42
AAVE-USDT,1D,ok,full_weight,1,233,OKX,2020-10-21,2026-05-29,2047,2026-05-29,83.04,黄偏红,防守等待,76.28,波动压缩 / 余动能不足 / 短期下侧偏离 / 大周期弱势深水区,谨慎观察，不把单一短期偏离当入场理由,波动压缩,5.4992,10.45,0.5218,11.43,-0.4782,余动能不足,61.77,38.23,34.5,5.0278,5.2052,5.4415,5.9294,0.8479,0.8779,中值下侧偏离,-8.4858,-1.6882,32.78,54.56,233MA下侧极端,-42.3414,-13.3699,13.58,53.82,强趋势下行,-9.0002,down,4,缩量,0.3722,短期下侧偏离 + 大周期弱势深水区,优势不够大，不能单独触发策略；历史上继续远离 233MA 的概率不低,76.28,56,46.42,8,42
NEAR-USDT,1D,ok,full_weight,1,233,OKX,2020-12-02,2026-05-29,2005,2026-05-29,2.34,绿,趋势策略天气,88,低波动启动 / 动能已超ATR / 短期上侧偏离 / 大周期强势高位,趋势天气较友好，等方向和量能确认,低波动启动,8.89,51.98,1.6926,90.74,0.6926,动能已超ATR,45.07,54.93,47.06,14.0177,11.2174,9.1947,7.3472,1.9079,1.5268,中值上侧偏离,5.3318,0.5223,56.93,52.17,233MA上侧极端,43.3727,3.1215,87.1,45.16,强趋势上行,38.2889,up,4,放量,1.6188,短期上侧偏离 + 大周期强势高位,优势不够大，不能单独触发策略；强势区可以长期维持在 233MA 上方,14.44,24,43.81,84,88
OP-USDT,1D,ok,full_weight,1,233,OKX,2022-06-01,2026-05-29,1459,2026-05-29,0.12,黄偏红,防守等待,66.28,波动压缩 / 余动能不足 / 短期下侧偏离 / 大周期弱势深水区,谨慎观察，不把单一短期偏离当入场理由,波动压缩,7.2457,26.24,0.6315,27.28,-0.3685,余动能不足,56.02,43.98,33.7,6.918,7.2194,7.2487,7.2429,0.9551,0.9968,中值下侧偏离,-13.3881,-2.1529,20.53,56.13,233MA下侧极端,-49.4044,-13.5996,52.45,55.85,强趋势下行,-12.2236,down,4,缩量,0.6214,短期下侧偏离 + 大周期弱势深水区,优势不够大，不能单独触发策略；历史上继续远离 233MA 的概率不低,66.28,56,44.07,26,42
ARB-USDT,1D,ok,full_weight,1,233,OKX,2023-03-22,2026-05-29,1165,2026-05-29,0.1,黄,均值回归天气,92,波动压缩 / 余动能不足 / 短期过冷 / 大周期弱势深水区,均值回归可观察，但要服从大周期过滤,波动压缩,6.696,31.9,0.6496,28.08,-0.3504,余动能不足,54.74,45.26,27.73,5.8632,6.3969,6.6634,6.8341,0.8579,0.936,中值下侧极端,-14.9204,-2.6106,21.25,88.24,233MA下侧极端,-38.8163,-9.4441,55.53,64.01,强趋势下行,-14.011,down,4,量能正常,1.0124,短期过冷 + 大周期弱势深水区,如果大周期仍弱，只能当短线天气看；历史上继续远离 233MA 的概率不低,71.96,44,92,8,42
SUI-USDT,1D,ok,full_weight,1,233,OKX,2023-05-03,2026-05-29,1122,2026-05-29,0.91,黄,均值回归天气,84,波动压缩 / 余动能不足 / 短期过冷 / 大周期弱势深水区,均值回归可观察，但要服从大周期过滤,波动压缩,7.5,30.34,0.5483,13.03,-0.4517,余动能不足,54.08,45.92,35.54,6.2296,7.3645,7.5147,7.3217,0.8508,1.0059,中值下侧极端,-21.112,-3.5123,6.59,86.54,233MA下侧极端,-34.6403,-6.9557,48.37,56.32,强趋势下行,-13.8813,down,4,缩量,0.4456,短期过冷 + 大周期弱势深水区,如果大周期仍弱，只能当短线天气看；历史上继续远离 233MA 的概率不低,62.92,36,84,26,42
APT-USDT,1D,ok,full_weight,1,233,OKX,2022-10-19,2026-05-29,1319,2026-05-29,0.94,黄偏绿,趋势策略天气,70,常态波动 / 接近正常动能 / 短期下侧偏离 / 大周期弱势深水区,趋势天气较友好，等方向和量能确认,常态波动,6.6064,26.76,0.8555,51.57,-0.1445,接近正常动能,60,40,36.65,6.8545,6.6832,6.6183,6.5594,1.045,1.0189,中值下侧偏离,-11.5772,-1.9758,24.48,56.26,233MA下侧极端,-42.332,-11.0772,51.17,59.08,强趋势下行,-5.3338,down,4,量能正常,0.7778,短期下侧偏离 + 大周期弱势深水区,优势不够大，不能单独触发策略；历史上继续远离 233MA 的概率不低,36.6,64,44.54,16,70
FIL-USDT,1D,ok,full_weight,1,233,OKX,2020-12-02,2026-05-29,2005,2026-05-29,0.97,黄,防守等待,57.24,常态波动 / 接近正常动能 / 短期下侧偏离 / 大周期弱势深水区,等待更清楚的波动或位置共振,常态波动,8.0023,52.74,0.907,60.02,-0.093,接近正常动能,61.19,38.81,36.78,9.2022,8.5415,8.0767,7.6024,1.2104,1.1235,中值下侧偏离,-8.7003,-1.1916,37.68,54.94,233MA下侧极端,-22.1286,-3.5533,77.57,59,弱趋势混合,-5.3949,mixed,2,量能正常,0.9532,短期下侧偏离 + 大周期弱势深水区,优势不够大，不能单独触发策略；历史上继续远离 233MA 的概率不低,57.24,48,39.78,44,38
ETC-USDT,1D,ok,full_weight,1,233,OKX,2018-01-10,2026-05-29,3062,2026-05-29,8.24,黄偏红,防守等待,66.28,波动压缩 / 余动能不足 / 短期下侧偏离 / 大周期弱势深水区,谨慎观察，不把单一短期偏离当入场理由,波动压缩,4.8929,15.63,0.6247,26.81,-0.3753,余动能不足,62.17,37.83,31.87,4.4553,4.8711,4.8976,4.8743,0.9141,0.9994,中值下侧偏离,-8.896,-1.9957,29.18,57.77,233MA下侧极端,-25.969,-7.1693,55.17,54.35,强趋势下行,-9.22,down,4,缩量,0.6836,短期下侧偏离 + 大周期弱势深水区,优势不够大，不能单独触发策略；历史上继续远离 233MA 的概率不低,66.28,56,46,26,42
ATOM-USDT,1D,ok,full_weight,1,233,OKX,2019-04-22,2026-05-29,2595,2026-05-29,2.04,黄偏绿,网格震荡天气,84,波动压缩 / 余动能不足 / 短期下侧偏离 / 大周期偏弱,震荡/网格天气较友好，仍需控制突破风险,波动压缩,5.8801,28.25,0.544,13.26,-0.456,余动能不足,63.44,36.56,31.36,5.9365,6.3018,5.952,5.4759,1.0841,1.1508,中值下侧偏离,-2.6692,-0.4687,41.93,56.36,233MA下侧偏离,-8.5934,-1.6067,65.59,63.56,趋势不明,-0.8325,mixed,2,缩量,0.5794,短期下侧偏离 + 大周期偏弱,优势不够大，不能单独触发策略；未到极端，但大天气仍偏弱,50.92,84,44.9,54,0
INJ-USDT,1D,ok,full_weight,1,233,OKX,2023-11-29,2026-05-29,913,2026-05-29,6.94,绿,趋势策略天气,88,低波动启动 / 动能已超ATR / 短期过热 / 大周期强势高位,趋势天气较友好，等方向和量能确认,低波动启动,8.6295,43.5,1.3084,81.94,0.3084,动能已超ATR,44.88,55.12,36.13,12.4537,10.1709,8.8453,7.4443,1.6729,1.3663,中值上侧极端,24.4552,2.366,91.13,97.06,233MA上侧极端,43.6886,3.6611,99.39,42.11,强趋势上行,50.8818,up,4,放量,1.692,短期过热 + 大周期强势高位,强趋势里极端可以延续，必须看波动和量能；强势区可以长期维持在 233MA 上方,14.44,4,84,84,88
STX-USDT,1D,ok,full_weight,1,233,OKX,2021-03-03,2026-05-29,1914,2026-05-29,0.24,黄偏红,防守等待,66.28,波动压缩 / 余动能不足 / 短期下侧偏离 / 大周期弱势深水区,谨慎观察，不把单一短期偏离当入场理由,波动压缩,6.4463,15.44,0.5656,20.17,-0.4344,余动能不足,60.83,39.17,34.33,5.6895,6.3288,6.4508,6.3528,0.8956,0.9962,中值下侧偏离,-8.7558,-1.4824,38.92,55.97,233MA下侧极端,-19.2513,-3.6829,62.48,54.44,强趋势下行,-4.0222,down,3,缩量,0.423,短期下侧偏离 + 大周期弱势深水区,优势不够大，不能单独触发策略；历史上继续远离 233MA 的概率不低,66.28,56,43.49,26,36.13
IMX-USDT,1D,ok,full_weight,1,233,OKX,2021-11-05,2026-05-29,1667,2026-05-29,0.17,黄偏绿,趋势策略天气,70,低波动启动 / 接近正常动能 / 短期下侧偏离 / 大周期弱势深水区,趋势天气较友好，等方向和量能确认,低波动启动,7.2107,19.74,0.9274,59.4,-0.0726,接近正常动能,41.2,58.8,36.07,7.2285,7.3019,7.232,7.0914,1.0193,1.0297,中值下侧偏离,-10.1552,-1.6015,39.39,50.5,233MA下侧极端,-34.517,-7.4686,49.63,55.94,强趋势下行,-7.7296,down,4,缩量,0.4502,短期下侧偏离 + 大周期弱势深水区,优势不够大，不能单独触发策略；历史上继续远离 233MA 的概率不低,36.6,56,23.8,34,70
WLD-USDT,1D,ok,full_weight,1,233,OKX,2023-07-24,2026-05-29,1041,2026-05-29,0.35,绿,趋势策略天气,78,高波动扩张 / 动能已超ATR / 短期上侧偏离 / 大周期弱势深水区,趋势天气较友好，等方向和量能确认,高波动扩张,12.3966,78.84,1.8083,94.11,0.8083,动能已超ATR,58.82,41.18,36.6,20.2084,15.5261,12.7722,10.6831,1.8916,1.4533,中值上侧偏离,9.2413,0.7906,56.84,57.58,233MA下侧极端,-27.8108,-3.6006,70.49,60.65,强趋势上行,30.7273,up,4,量能正常,1.4254,短期上侧偏离 + 大周期弱势深水区,优势不够大，不能单独触发策略；历史上继续远离 233MA 的概率不低,35.64,0,34,66,78
AR-USDT,1D,ok,full_weight,1,233,OKX,2021-12-23,2026-05-29,1619,2026-05-29,2.35,黄偏绿,趋势策略天气,68,常态波动 / 余动能不足 / 短期上侧偏离 / 大周期弱势深水区,趋势天气较友好，等方向和量能确认,常态波动,8.2223,39.01,0.6943,32.16,-0.3057,余动能不足,58.62,41.38,29.44,10.243,8.9337,8.3144,7.7246,1.326,1.1565,中值上侧偏离,3.318,0.3771,56.6,52.79,233MA下侧极端,-20.3251,-2.9955,62.63,59.36,强趋势上行,5.8847,up,3,放量,1.5456,短期上侧偏离 + 大周期弱势深水区,优势不够大，不能单独触发策略；历史上继续远离 233MA 的概率不低,52.84,56,32.04,44,68
XLM-USDT,1D,ok,full_weight,1,233,OKX,2018-01-10,2026-05-29,3062,2026-05-29,0.25,绿,趋势策略天气,88,高波动扩张 / 动能已超ATR / 短期上侧偏离 / 大周期强势高位,趋势天气较友好，等方向和量能确认,高波动扩张,7.8421,65.25,5.3137,99.72,4.3137,动能已超ATR,61.4,38.6,36.02,21.3438,11.0836,8.1847,6.3625,3.3546,1.742,中值上侧偏离,15.166,1.9711,66.3,54.91,233MA上侧极端,21.4531,2.6439,77.56,41.49,强趋势上行,63.2761,up,4,放量,11.7,短期上侧偏离 + 大周期强势高位,优势不够大，不能单独触发策略；强势区可以长期维持在 233MA 上方,14.44,0,41.68,66,88
ICP-USDT,1D,ok,full_weight,1,233,OKX,2021-05-10,2026-05-29,1846,2026-05-29,2.7,红,防守等待,73,高波动冷却 / 余动能不足 / 短期下侧偏离 / 大周期偏弱,防守等待，策略环境不友好,高波动冷却,8.7478,57.2,0.661,30.31,-0.339,余动能不足,78.06,21.94,28.77,9.2958,9.1982,8.8327,8.188,1.1353,1.1234,中值下侧偏离,-10.2543,-1.2745,38.76,58.69,233MA下侧偏离,-14.0238,-1.8195,67.5,74.64,弱趋势上行,-2.3074,up,3,缩量,0.6851,短期下侧偏离 + 大周期偏弱,优势不够大，不能单独触发策略；未到极端，但大天气仍偏弱,73,50,46,32,11.84
HBAR-USDT,1D,ok,full_weight,1,233,OKX,2019-09-16,2026-05-29,2448,2026-05-29,0.1,绿,突破策略天气,84,低波动启动 / 动能已超ATR / 短期上侧偏离 / 大周期弱势深水区,不把短期下偏当买点，等待更强共振,低波动启动,5.3507,13,3.8793,99.49,2.8793,动能已超ATR,41.6,58.4,41.57,10.9731,6.5825,5.476,4.8602,2.2577,1.3544,中值上侧偏离,1.9657,0.3811,57.3,57.41,233MA下侧极端,-15.8213,-3.7151,66.61,58.62,强趋势上行,7.6004,up,4,放量,6.5801,短期上侧偏离 + 大周期弱势深水区,优势不够大，不能单独触发策略；历史上继续远离 233MA 的概率不低,34.92,40,46,84,78
ALGO-USDT,1D,ok,full_weight,1,233,OKX,2019-06-16,2026-05-29,2540,2026-05-29,0.13,绿,趋势策略天气,88,低波动启动 / 动能已超ATR / 短期上侧偏离 / 大周期偏强,趋势天气较友好，等方向和量能确认,低波动启动,7.3241,42.2,2.8137,98.6,1.8137,动能已超ATR,40.89,59.11,48.74,12.0881,8.2557,7.4179,6.9059,1.7504,1.1955,中值上侧偏离,6.448,0.9143,69.28,55.78,233MA上侧偏离,4.5688,0.6595,78.1,46.56,强趋势上行,10.2936,up,3,放量,5.659,短期上侧偏离 + 大周期偏强,优势不够大，不能单独触发策略；不是天然做空区域,14.44,34,56.81,84,88
LDO-USDT,1D,ok,full_weight,1,233,OKX,2022-09-01,2026-05-29,1367,2026-05-29,0.32,黄偏红,均值回归天气,92,波动压缩 / 余动能不足 / 短期过冷 / 大周期弱势深水区,谨慎观察，不把单一短期偏离当入场理由,波动压缩,6.8004,14.88,0.4673,8.6,-0.5327,余动能不足,54.98,45.02,33.4,5.2008,6.098,6.7065,7.245,0.7178,0.8417,中值下侧极端,-15.657,-2.6822,11.79,87.18,233MA下侧极端,-36.8625,-8.436,55.73,58.29,强趋势下行,-13.8498,down,4,缩量,0.2388,短期过冷 + 大周期弱势深水区,如果大周期仍弱，只能当短线天气看；历史上继续远离 233MA 的概率不低,71.96,36,92,8,42
CRV-USDT,1D,ok,full_weight,1,233,OKX,2020-08-14,2026-05-29,2115,2026-05-29,0.22,黄偏红,均值回归天气,92,波动压缩 / 余动能不足 / 短期过冷 / 大周期弱势深水区,谨慎观察，不把单一短期偏离当入场理由,波动压缩,6.1919,13.11,0.4901,10.73,-0.5099,余动能不足,63.51,36.49,29.04,4.6643,5.807,6.1573,6.3468,0.7349,0.915,中值下侧极端,-13.6391,-2.5673,16.58,100,233MA下侧极端,-34.9568,-8.7364,39.81,55.35,强趋势下行,-10.1813,down,4,缩量,0.3906,短期过冷 + 大周期弱势深水区,如果大周期仍弱，只能当短线天气看；历史上继续远离 233MA 的概率不低,71.96,36,92,8,42
ENS-USDT,1D,ok,full_weight,1,233,OKX,2021-11-09,2026-05-29,1663,2026-05-29,6,绿,趋势策略天气,78,低波动启动 / 动能已超ATR / 短期下侧偏离 / 大周期弱势深水区,趋势天气较友好，等方向和量能确认,低波动启动,6.4625,25.85,1.2414,79.61,0.2414,动能已超ATR,41.84,58.16,45.45,6.6983,6.5167,6.4799,6.3496,1.0549,1.0263,中值下侧偏离,-12.5755,-2.2662,20.54,56.87,233MA下侧极端,-33.0178,-7.766,53.06,55.33,强趋势下行,-6.9874,down,4,放量,2.3871,短期下侧偏离 + 大周期弱势深水区,优势不够大，不能单独触发策略；历史上继续远离 233MA 的概率不低,35.64,40,46,56,78
PENDLE-USDT,1D,ok,full_weight,1,233,OKX,2024-09-26,2026-05-29,611,2026-05-29,1.32,黄偏绿,均值回归天气,72,高波动扩张 / 接近正常动能 / 短期过冷 / 大周期弱势深水区,均值回归可观察，但要服从大周期过滤,高波动扩张,11.6136,86.2,0.9394,54.1,-0.0606,接近正常动能,58.33,41.67,31.25,12.5796,12.2796,11.732,10.8296,1.1616,1.1339,中值下侧极端,-25.0426,-2.6388,11.04,89.47,233MA下侧极端,-30.7246,-3.5031,68.53,59.09,强趋势下行,-26.9285,down,3,缩量,0.4427,短期过冷 + 大周期弱势深水区,如果大周期仍弱，只能当短线天气看；历史上继续远离 233MA 的概率不低,36.36,0,72,44,70
JUP-USDT,1D,ok,full_weight,1,233,OKX,2024-01-31,2026-05-29,850,2026-05-29,0.18,黄偏绿,均值回归天气,84,常态波动 / 余动能不足 / 短期过冷 / 大周期偏弱,均值回归可观察，但要服从大周期过滤,常态波动,8.7282,45.34,0.7208,34.83,-0.2792,余动能不足,52.43,47.57,33.33,8.4479,8.8244,8.7688,8.3869,1.0073,1.0522,中值下侧极端,-17.037,-2.3785,11.8,83.33,233MA下侧偏离,-15.6934,-2.156,73.69,62.34,强趋势下行,-12.047,down,3,缩量,0.6381,短期过冷 + 大周期偏弱,如果大周期仍弱，只能当短线天气看；未到极端，但大天气仍偏弱,50.92,30,84,4,60
PYTH-USDT,1D,ok,full_weight,1,233,OKX,2023-11-20,2026-05-29,922,2026-05-29,0.04,黄偏红,防守等待,65.32,波动压缩 / 余动能不足 / 短期下侧偏离 / 大周期弱势深水区,谨慎观察，不把单一短期偏离当入场理由,波动压缩,8.1599,30.86,0.6744,29.54,-0.3256,余动能不足,60.59,39.41,33.01,7.6306,7.9277,8.1429,8.1839,0.9324,0.9687,中值下侧偏离,-16.3966,-2.4093,17.24,58.33,233MA下侧极端,-34.2809,-6.408,56.32,55.92,强趋势下行,-11.0551,down,4,量能正常,0.8104,短期下侧偏离 + 大周期弱势深水区,优势不够大，不能单独触发策略；历史上继续远离 233MA 的概率不低,65.32,64,46,26,42
TIA-USDT,1D,ok,full_weight,1,233,OKX,2023-10-31,2026-05-29,941,2026-05-29,0.41,黄偏绿,网格震荡天气,74,常态波动 / 余动能不足 / 短期下侧偏离 / 大周期弱势深水区,震荡/网格天气较友好，仍需控制突破风险,常态波动,9.0924,33.89,0.7919,42.94,-0.2081,余动能不足,55,45,33.96,9.3333,9.6601,9.1924,8.4743,1.1014,1.1399,中值下侧偏离,-7.5676,-0.8753,42.66,55.3,233MA下侧极端,-21.3547,-2.9029,83.16,56.79,趋势不明,-0.5767,mixed,2,缩量,0.6745,短期下侧偏离 + 大周期弱势深水区,优势不够大，不能单独触发策略；历史上继续远离 233MA 的概率不低,52.12,74,41.08,32,1.46
ONDO-USDT,1D,ok,full_weight,1,233,OKX,2024-07-28,2026-05-29,671,2026-05-29,0.34,黄,趋势策略天气,60,高波动冷却 / 余动能不足 / 短期下侧偏离 / 大周期偏弱,趋势天气较友好，等方向和量能确认,高波动冷却,10.2433,80.62,0.7845,43.24,-0.2155,余动能不足,85.37,14.63,34.33,9.2079,10.5718,10.3459,9.4545,0.9739,1.1182,中值下侧偏离,-15.1725,-1.6205,21.51,52.33,233MA下侧偏离,-14.1459,-1.4928,84.66,59.5,强趋势下行,-9.312,down,3,缩量,0.4332,短期下侧偏离 + 大周期偏弱,优势不够大，不能单独触发策略；未到极端，但大天气仍偏弱,53.8,50,30.39,4,60
FET-USDT,1D,ok,full_weight,1,233,OKX,2023-11-23,2026-05-29,919,2026-05-29,0.27,绿,趋势策略天气,88,低波动启动 / 动能已超ATR / 短期上侧偏离 / 大周期强势高位,趋势天气较友好，等方向和量能确认,低波动启动,8.4077,33.61,2.4187,97.74,1.4187,动能已超ATR,43.52,56.48,42.95,14.1804,10.1754,8.6025,7.5868,1.8691,1.3412,中值上侧偏离,16.6845,1.9004,72.41,52.23,233MA上侧极端,18.4917,2.0741,95.68,18.75,强趋势上行,30.0998,up,4,放量,3.7908,短期上侧偏离 + 大周期强势高位,优势不够大，不能单独触发策略；强势区可以长期维持在 233MA 上方,14.44,40,44.03,84,88
PEPE-USDT,1D,ok,full_weight,1,233,OKX,2023-04-30,2026-05-29,1126,2026-05-29,0,黄偏红,均值回归天气,92,波动压缩 / 余动能不足 / 短期过冷 / 大周期弱势深水区,谨慎观察，不把单一短期偏离当入场理由,波动压缩,5.6023,1.75,0.4796,10.65,-0.5204,余动能不足,59.28,40.72,29.93,4.7086,5.3289,5.5641,5.856,0.8041,0.91,中值下侧极端,-12.6764,-2.5988,12.42,92.86,233MA下侧极端,-24.6903,-5.8692,46.35,62.02,强趋势下行,-11.3835,down,4,缩量,0.4459,短期过冷 + 大周期弱势深水区,如果大周期仍弱，只能当短线天气看；历史上继续远离 233MA 的概率不低,71.96,36,92,8,42
SHIB-USDT,1D,ok,full_weight,1,233,OKX,2021-05-07,2026-05-29,1849,2026-05-29,0,黄偏绿,趋势策略天气,70,低波动启动 / 接近正常动能 / 短期下侧偏离 / 大周期弱势深水区,趋势天气较友好，等方向和量能确认,低波动启动,4.1494,4.77,0.9395,61.85,-0.0605,接近正常动能,45.81,54.19,33.26,3.8389,3.9748,4.1232,4.3364,0.8853,0.9166,中值下侧偏离,-7.4872,-1.9788,15.27,54.68,233MA下侧极端,-24.8082,-8.0668,41.48,59.1,强趋势下行,-7.8079,down,4,缩量,0.4667,短期下侧偏离 + 大周期弱势深水区,优势不够大，不能单独触发策略；历史上继续远离 233MA 的概率不低,36.6,56,38.85,34,70
BONK-USDT,1D,ok,full_weight,1,233,OKX,2024-01-07,2026-05-29,874,2026-05-29,0,黄偏红,均值回归天气,92,波动压缩 / 余动能不足 / 短期过冷 / 大周期弱势深水区,谨慎观察，不把单一短期偏离当入场理由,波动压缩,6.4899,5.28,0.507,12.72,-0.493,余动能不足,58.46,41.54,29.24,5.6089,6.2203,6.461,6.6426,0.8444,0.9364,中值下侧极端,-19.3062,-3.6388,1.58,80.39,233MA下侧极端,-35.0659,-8.2133,47.65,60.99,强趋势下行,-14.388,down,4,缩量,0.5704,短期过冷 + 大周期弱势深水区,如果大周期仍弱，只能当短线天气看；历史上继续远离 233MA 的概率不低,71.96,36,92,8,42
FLOKI-USDT,1D,ok,full_weight,1,233,OKX,2022-12-15,2026-05-29,1261,2026-05-29,0,黄偏红,均值回归天气,92,波动压缩 / 余动能不足 / 短期过冷 / 大周期弱势深水区,谨慎观察，不把单一短期偏离当入场理由,波动压缩,5.9266,6.69,0.4461,8.05,-0.5539,余动能不足,61.54,38.46,30.42,4.5057,5.4252,5.8692,6.1959,0.7272,0.8756,中值下侧极端,-13.6671,-2.6826,14.94,90.48,233MA下侧极端,-32.7513,-8.2527,38.86,61.9,强趋势下行,-12.9178,down,4,缩量,0.4603,短期过冷 + 大周期弱势深水区,如果大周期仍弱，只能当短线天气看；历史上继续远离 233MA 的概率不低,71.96,36,92,8,42
WIF-USDT,1D,ok,full_weight,1,233,OKX,2024-04-14,2026-05-29,776,2026-05-29,0.19,黄偏红,防守等待,66.28,波动压缩 / 余动能不足 / 短期下侧偏离 / 大周期弱势深水区,谨慎观察，不把单一短期偏离当入场理由,波动压缩,7.2675,8.06,0.6521,29.95,-0.3479,余动能不足,54.27,45.73,27.07,6.9692,7.1313,7.2528,7.3481,0.9484,0.9705,中值下侧偏离,-7.9251,-1.1956,36.12,58.03,233MA下侧极端,-36.3114,-7.9194,65.95,64.2,强趋势下行,-4.506,down,3,缩量,0.6442,短期下侧偏离 + 大周期弱势深水区,优势不够大，不能单独触发策略；历史上继续远离 233MA 的概率不低,66.28,56,46,26,39.04
ORDI-USDT,1D,ok,full_weight,1,233,OKX,2023-05-19,2026-05-29,1106,2026-05-29,3.37,黄偏绿,均值回归天气,92,高波动冷却 / 余动能不足 / 短期过冷 / 大周期偏弱,均值回归可观察，但要服从大周期过滤,高波动冷却,12.7247,76.72,0.35,2.15,-0.65,余动能不足,81.72,18.28,31.48,10.1729,11.1688,12.4774,13.8891,0.7324,0.8041,中值下侧极端,-24.8021,-2.5616,13.34,88.89,233MA下侧偏离,-13.9037,-1.2542,75.89,64.86,强趋势下行,-25.4354,down,4,缩量,0.4512,短期过冷 + 大周期偏弱,如果大周期仍弱，只能当短线天气看；未到极端，但大天气仍偏弱,59.96,30,92,0,60
SATS-USDT,1D,ok,full_weight,1,233,OKX,2023-12-17,2026-05-29,894,2026-05-29,0,黄偏红,防守等待,76.28,波动压缩 / 余动能不足 / 短期下侧偏离 / 大周期弱势深水区,谨慎观察，不把单一短期偏离当入场理由,波动压缩,8.9283,26.39,0.6355,33.77,-0.3645,余动能不足,68.27,31.73,29.1,8.0018,8.2744,8.8154,9.5416,0.8386,0.8672,中值下侧偏离,-15.3675,-2.0554,52.15,54.47,233MA下侧极端,-27.5169,-4.2972,79.2,57.12,强趋势下行,-18.4246,down,4,缩量,0.7089,短期下侧偏离 + 大周期弱势深水区,优势不够大，不能单独触发策略；历史上继续远离 233MA 的概率不低,76.28,56,46.09,8,42
NOT-USDT,1D,ok,full_weight,1,233,OKX,2024-05-16,2026-05-29,743,2026-05-29,0,黄偏红,防守等待,63.8,高波动冷却 / 余动能不足 / 短期下侧偏离 / 大周期偏弱,谨慎观察，不把单一短期偏离当入场理由,高波动冷却,10.1496,51.03,0.3278,1.16,-0.6722,余动能不足,82.28,17.72,29.25,6.6752,8.8893,10.0265,10.456,0.6384,0.8502,中值下侧偏离,-17.8036,-2.1045,42.8,54.39,233MA下侧偏离,-17.1076,-2.0052,89.81,83.33,强趋势下行,-12.132,down,3,缩量,0.1854,短期下侧偏离 + 大周期偏弱,优势不够大，不能单独触发策略；未到极端，但大天气仍偏弱,63.8,50,45.8,0,60
ENA-USDT,1D,ok,full_weight,1,233,OKX,2025-09-16,2026-05-29,256,2026-05-29,0.09,黄,均值回归天气,68,高波动冷却 / 余动能不足 / 短期过冷 / 大周期弱势深水区,均值回归可观察，但要服从大周期过滤,高波动冷却,8.933,50.82,0.5029,11.32,-0.4971,余动能不足,,,33.33,7.4262,8.5236,8.8939,9.0853,0.8174,0.9382,中值下侧极端,-21.2151,-3.0015,13.25,,233MA下侧极端,-54.2708,-13.2286,47.03,78.57,强趋势下行,-20.2831,down,4,量能正常,0.8673,短期过冷 + 大周期弱势深水区,如果大周期仍弱，只能当短线天气看；历史上继续远离 233MA 的概率不低,62.84,28,68,0,60
W-USDT,1D,ok,full_weight,1,233,OKX,2024-04-02,2026-05-29,788,2026-05-29,0.01,黄偏红,防守等待,76.28,波动压缩 / 余动能不足 / 短期下侧偏离 / 大周期弱势深水区,谨慎观察，不把单一短期偏离当入场理由,波动压缩,7.8135,14.65,0.4688,10.26,-0.5312,余动能不足,56.45,43.55,31.27,6.5531,7.4476,7.7736,8.0454,0.8145,0.9257,中值下侧偏离,-14.9675,-2.2566,27.39,49.2,233MA下侧极端,-62.9289,-21.7624,41.97,59.58,强趋势下行,-11.7303,down,4,缩量,0.5955,短期下侧偏离 + 大周期弱势深水区,优势不够大，不能单独触发策略；历史上继续远离 233MA 的概率不低,76.28,56,27.12,8,42
STRK-USDT,1D,ok,full_weight,1,233,OKX,2024-02-19,2026-05-29,831,2026-05-29,0.04,黄偏红,趋势策略天气,60,高波动冷却 / 余动能不足 / 短期下侧偏离 / 大周期弱势深水区,谨慎观察，不把单一短期偏离当入场理由,高波动冷却,9.5082,55.07,0.5467,17.91,-0.4533,余动能不足,82.4,17.6,26.64,8.4838,9.325,9.515,9.3171,0.9106,1.0009,中值下侧偏离,-16.2599,-2.0244,33.51,56.27,233MA下侧极端,-50.763,-10.7488,60.08,60.9,强趋势下行,-15.0148,down,4,缩量,0.54,短期下侧偏离 + 大周期弱势深水区,优势不够大，不能单独触发策略；历史上继续远离 233MA 的概率不低,53.8,40,44.57,4,60
ZK-USDT,1D,ok,full_weight,1,233,OKX,2024-06-17,2026-05-29,711,2026-05-29,0.01,绿,突破策略天气,84,低波动启动 / 动能已超ATR / 短期下侧偏离 / 大周期弱势深水区,不把短期下偏当买点，等待更强共振,低波动启动,8.3955,30.87,1.4352,89.9,0.4352,动能已超ATR,36.76,63.24,38.1,9.7236,8.5392,8.4055,8.4113,1.156,1.0152,中值下侧偏离,-13.4474,-1.8907,32.2,56.64,233MA下侧极端,-48.399,-11.4138,37.31,61.69,强趋势下行,-12.8132,down,4,放量,1.5376,短期下侧偏离 + 大周期弱势深水区,优势不够大，不能单独触发策略；历史上继续远离 233MA 的概率不低,34.92,40,45.9,84,78
ZRO-USDT,1D,ok,full_weight,1,233,OKX,2024-06-19,2026-05-29,710,2026-05-29,1.13,黄,均值回归天气,92,波动压缩 / 余动能不足 / 短期过冷 / 大周期弱势深水区,均值回归可观察，但要服从大周期过滤,波动压缩,7.7805,18.44,0.437,5.09,-0.563,余动能不足,64.96,35.04,29.2,7.0021,7.3993,7.6975,8.4562,0.828,0.875,中值下侧极端,-14.826,-2.1963,12,93.85,233MA下侧极端,-31.0544,-5.6831,37.07,54.04,强趋势下行,-17.7907,down,4,缩量,0.4273,短期过冷 + 大周期弱势深水区,如果大周期仍弱，只能当短线天气看；历史上继续远离 233MA 的概率不低,71.96,36,92,8,42
GALA-USDT,1D,ok,full_weight,1,233,OKX,2021-09-21,2026-05-29,1711,2026-05-29,0,黄偏红,防守等待,76.28,波动压缩 / 余动能不足 / 短期下侧偏离 / 大周期弱势深水区,谨慎观察，不把单一短期偏离当入场理由,波动压缩,7.0343,20.17,0.5648,19.99,-0.4352,余动能不足,63.53,36.47,29.35,5.9101,6.6761,7.0013,7.1574,0.8257,0.9328,中值下侧偏离,-12.3365,-1.9973,23.9,54.4,233MA下侧极端,-46.021,-12.1008,55.89,62.11,强趋势下行,-12.162,down,4,缩量,0.5904,短期下侧偏离 + 大周期弱势深水区,优势不够大，不能单独触发策略；历史上继续远离 233MA 的概率不低,76.28,56,45.84,8,42
SAND-USDT,1D,ok,full_weight,1,233,OKX,2021-03-17,2026-05-29,1900,2026-05-29,0.07,黄偏绿,趋势策略天气,70,低波动启动 / 接近正常动能 / 短期下侧偏离 / 大周期弱势深水区,趋势天气较友好，等方向和量能确认,低波动启动,5.474,13.49,0.9599,61.87,-0.0401,接近正常动能,44.01,55.99,38.59,5.3601,5.358,5.4521,5.6638,0.9464,0.946,中值下侧偏离,-7.4138,-1.4824,33.13,55.25,233MA下侧极端,-40.7972,-12.7569,31.28,58.07,强趋势下行,-7.2955,down,4,缩量,0.4416,短期下侧偏离 + 大周期弱势深水区,优势不够大，不能单独触发策略；历史上继续远离 233MA 的概率不低,36.6,56,40.9,34,70
MANA-USDT,1D,ok,full_weight,1,233,OKX,2018-01-10,2026-05-29,3062,2026-05-29,0.09,绿,趋势策略天气,78,低波动启动 / 接近正常动能 / 短期下侧偏离 / 大周期弱势深水区,趋势天气较友好，等方向和量能确认,低波动启动,4.7065,3.92,1.0635,69.74,0.0635,接近正常动能,47.62,52.38,37.6,4.5592,4.5717,4.6852,4.8763,0.935,0.9375,中值下侧偏离,-7.3417,-1.6891,31.39,55.38,233MA下侧极端,-36.1947,-12.0925,39.44,55.65,强趋势下行,-6.4388,down,4,量能正常,1.253,短期下侧偏离 + 大周期弱势深水区,优势不够大，不能单独触发策略；历史上继续远离 233MA 的概率不低,35.64,40,41.37,46,78
BTC-USDT,1W,ok,full_weight,1,233,OKX,2017-10-15,2026-05-17,449,2026-05-17,76377.7,黄,网格震荡天气,64,波动压缩 / 余动能不足 / 短期下侧偏离 / 大周期强势高位,震荡/网格天气较友好，仍需控制突破风险,波动压缩,9.2035,21.22,0.5888,21.44,-0.4112,余动能不足,56.36,43.64,29.41,6.3006,8.0748,9.0662,9.8318,0.6408,0.8213,中值下侧偏离,-3.2737,-0.3599,35.22,18.18,233MA上侧极端,32.1646,2.5879,43.56,41.27,弱趋势混合,2.1856,mixed,2,量能正常,0.9966,短期下侧偏离 + 大周期强势高位,优势不够大，不能单独触发策略；强势区可以长期维持在 233MA 上方,55.32,64,26,8,3.11
ETH-USDT,1W,ok,full_weight,1,233,OKX,2017-10-15,2026-05-17,449,2026-05-17,2095.97,黄偏红,防守等待,75.32,波动压缩 / 余动能不足 / 短期下侧偏离 / 大周期弱势深水区,谨慎观察，不把单一短期偏离当入场理由,波动压缩,14.8112,35.67,0.5764,22.82,-0.4236,余动能不足,68.09,31.91,25,9.2136,12.0042,14.4267,16.7357,0.5505,0.7173,中值下侧偏离,-18.5614,-1.4752,22.94,47.5,233MA下侧极端,-15.6511,-1.201,6.91,29.41,弱趋势混合,-8.604,mixed,2,量能正常,0.8409,短期下侧偏离 + 大周期弱势深水区,优势不够大，不能单独触发策略；历史上继续远离 233MA 的概率不低,75.32,64,21,8,10
SOL-USDT,1W,ok,weak_display_only,0,233,OKX,2020-09-27,2026-05-17,294,2026-05-17,85.31,黄偏红,防守等待,76.28,波动压缩 / 余动能不足 / 短期下侧偏离 / 大周期弱势深水区,谨慎观察，不把单一短期偏离当入场理由,波动压缩,17.995,31.85,0.4268,9.79,-0.5732,余动能不足,16.67,83.33,17.65,10.6917,13.718,17.341,21.7279,0.4921,0.6314,中值下侧偏离,-21.0641,-1.4634,20.92,38.1,233MA下侧极端,-18.0589,-1.2086,3.23,66.67,弱趋势混合,-12.3169,mixed,2,缩量,0.5731,短期下侧偏离 + 大周期弱势深水区,优势不够大，不能单独触发策略；历史上继续远离 233MA 的概率不低,76.28,56,12,8,10
BNB-USDT,1W,insufficient_history,insufficient,0,233,OKX,2022-12-18,2026-05-17,179,,,,,,,,,,,,,,,,,,,,,,,,,,,,,,,,,,,,,,,,数据不足,,,,,,
XRP-USDT,1W,ok,full_weight,1,233,OKX,2017-11-05,2026-05-17,446,2026-05-17,1.35,黄偏绿,均值回归天气,68,波动压缩 / 余动能不足 / 短期下侧偏离 / 大周期偏强,均值回归可观察，但要服从大周期过滤,波动压缩,15.2648,20.21,0.579,31.99,-0.421,余动能不足,58.14,41.86,27.52,8.6847,11.447,14.703,18.2346,0.4763,0.6278,中值下侧偏离,-23.7252,-1.9445,24.13,59.38,233MA上侧偏离,22.2528,1.1379,33.75,40.82,强趋势下行,-13.2696,down,3,缩量,0.6533,短期下侧偏离 + 大周期偏强,优势不够大，不能单独触发策略；不是天然做空区域,54.84,66,68,8,52
DOGE-USDT,1W,ok,half_weight,0.5,233,OKX,2019-07-14,2026-05-17,356,2026-05-17,0.1,黄偏红,防守等待,64.28,常态波动 / 余动能不足 / 短期下侧偏离 / 大周期弱势深水区,谨慎观察，不把单一短期偏离当入场理由,常态波动,17.7612,28.43,0.7289,51.17,-0.2711,余动能不足,45.45,54.55,28.33,11.3446,13.1587,16.9996,22.3906,0.5067,0.5877,中值下侧偏离,-13.8196,-0.8334,31.41,51.06,233MA下侧极端,-24.3325,-1.6712,3.76,75,弱趋势混合,-4.668,mixed,2,缩量,0.6308,短期下侧偏离 + 大周期弱势深水区,优势不够大，不能单独触发策略；历史上继续远离 233MA 的概率不低,64.28,56,33.82,0,26.01
ADA-USDT,1W,ok,full_weight,1,233,OKX,2018-07-22,2026-05-17,409,2026-05-17,0.24,黄偏红,防守等待,63.8,高波动冷却 / 余动能不足 / 短期下侧偏离 / 大周期弱势深水区,谨慎观察，不把单一短期偏离当入场理由,高波动冷却,21.9155,51.89,0.3592,8.21,-0.6408,余动能不足,78.05,21.95,23.08,10.6975,14.8461,20.7685,28.7616,0.3719,0.5162,中值下侧偏离,-26.1174,-1.5353,30.56,37.04,233MA下侧极端,-55.4556,-5.407,26.34,58.21,强趋势下行,-19.451,down,3,缩量,0.4706,短期下侧偏离 + 大周期弱势深水区,优势不够大，不能单独触发策略；历史上继续远离 233MA 的概率不低,63.8,40,12,0,60
LINK-USDT,1W,ok,full_weight,1,233,OKX,2017-12-17,2026-05-17,440,2026-05-17,9.43,黄,防守等待,74.12,波动压缩 / 余动能不足 / 短期下侧偏离 / 大周期偏弱,等待更清楚的波动或位置共振,波动压缩,17.0059,19.56,0.5926,25.18,-0.4074,余动能不足,53.66,46.34,18.81,11.1365,12.9893,16.3604,20.7685,0.5362,0.6254,中值下侧偏离,-12.5099,-0.8162,27.63,50.59,233MA下侧偏离,-25.6216,-1.9664,38.12,79.66,弱趋势混合,-5.9242,mixed,2,量能正常,0.8336,短期下侧偏离 + 大周期偏弱,优势不够大，不能单独触发策略；未到极端，但大天气仍偏弱,74.12,74,32.12,8,10
AVAX-USDT,1W,ok,weak_display_only,0,233,OKX,2020-09-20,2026-05-17,296,2026-05-17,9.24,黄偏红,防守等待,76.28,波动压缩 / 余动能不足 / 短期下侧偏离 / 大周期弱势深水区,谨慎观察，不把单一短期偏离当入场理由,波动压缩,20.4742,24.91,0.4024,15.37,-0.5976,余动能不足,50,50,12.2,10.6279,14.0951,19.4108,27.2554,0.3899,0.5171,中值下侧偏离,-17.8568,-1.0549,35.65,56.52,233MA下侧极端,-66.9076,-9.8114,0,77.78,弱趋势混合,-11.3584,mixed,2,缩量,0.3284,短期下侧偏离 + 大周期弱势深水区,优势不够大，不能单独触发策略；历史上继续远离 233MA 的概率不低,76.28,56,53.47,8,10
TON-USDT,1W,insufficient_history,insufficient,0,233,OKX,2022-04-24,2026-05-17,212,,,,,,,,,,,,,,,,,,,,,,,,,,,,,,,,,,,,,,,,数据不足,,,,,,
TRX-USDT,1W,ok,full_weight,1,233,OKX,2017-12-24,2026-05-17,438,2026-05-17,0.37,黄偏绿,均值回归天气,92,波动压缩 / 余动能不足 / 短期过热 / 大周期强势高位,均值回归可观察，但要服从大周期过滤,波动压缩,4.6163,0.12,0.7702,49.53,-0.2298,余动能不足,76.83,23.17,27.84,4.015,4.2865,4.5566,5.0003,0.803,0.8573,中值上侧极端,15.2208,2.9239,99.25,87.5,233MA上侧极端,131.8106,12.5855,100,64.37,强趋势上行,20.4674,up,4,量能正常,1.3684,短期过热 + 大周期强势高位,强趋势里极端可以延续，必须看波动和量能；强势区可以长期维持在 233MA 上方,51.96,36,92,20,60
DOT-USDT,1W,ok,half_weight,0.5,233,OKX,2020-08-16,2026-05-17,301,2026-05-17,1.26,黄偏红,防守等待,63.8,高波动冷却 / 余动能不足 / 短期下侧偏离 / 大周期弱势深水区,谨慎观察，不把单一短期偏离当入场理由,高波动冷却,24.582,53.3,0.4666,21.01,-0.5334,余动能不足,70.59,29.41,12.24,12.7578,17.0421,23.325,32.836,0.3885,0.519,中值下侧偏离,-26.7344,-1.4716,26.11,50,233MA下侧极端,-81.283,-17.5136,0,81.36,强趋势下行,-17.1172,down,3,缩量,0.5281,短期下侧偏离 + 大周期弱势深水区,优势不够大，不能单独触发策略；历史上继续远离 233MA 的概率不低,63.8,40,30,0,60
BCH-USDT,1W,ok,full_weight,1,233,OKX,2018-11-18,2026-05-17,392,2026-05-17,349,绿,均值回归天气,92,低波动启动 / 接近正常动能 / 短期过冷 / 大周期中轴附近,均值回归可观察，但要服从大周期过滤,低波动启动,14.565,17.55,1.1906,72.43,0.1906,接近正常动能,44.16,55.84,38.89,13.0319,13.1189,14.3752,15.4703,0.8424,0.848,中值下侧极端,-31.0345,-2.6153,7.43,100,233MA贴近中轴,5.9793,0.3279,76.31,81.82,强趋势下行,-34.5362,down,4,缩量,0.7328,短期过冷 + 大周期中轴附近,如果大周期仍弱，只能当短线天气看；中轴附近容易出现反复,23.96,30,92,16,80
LTC-USDT,1W,ok,full_weight,1,233,OKX,2017-10-29,2026-05-17,447,2026-05-17,52.81,黄偏红,防守等待,76.28,波动压缩 / 余动能不足 / 短期下侧偏离 / 大周期弱势深水区,谨慎观察，不把单一短期偏离当入场理由,波动压缩,13.8606,9.79,0.6158,38.13,-0.3842,余动能不足,64.58,35.42,19.3,7.9206,9.9272,13.2526,17.3087,0.4576,0.5735,中值下侧偏离,-18.6976,-1.5647,25.9,61.29,233MA下侧极端,-37.0364,-4.0021,0,45.83,强趋势下行,-14.5443,down,4,缩量,0.5038,短期下侧偏离 + 大周期弱势深水区,优势不够大，不能单独触发策略；历史上继续远离 233MA 的概率不低,76.28,56,54,8,42
UNI-USDT,1W,ok,weak_display_only,0,233,OKX,2020-09-20,2026-05-17,296,2026-05-17,3.39,黄偏红,防守等待,95.96,波动压缩 / 余动能不足 / 短期下侧偏离 / 大周期弱势深水区,谨慎观察，不把单一短期偏离当入场理由,波动压缩,24.1808,45.76,0.5025,20.32,-0.4975,余动能不足,0,100,21.62,15.2268,18.3186,23.246,29.8185,0.5107,0.6143,中值下侧偏离,-27.1165,-1.4681,30.03,41.94,233MA下侧极端,-53.9868,-4.6297,2.58,57.89,强趋势下行,-17.9543,down,3,缩量,0.7217,短期下侧偏离 + 大周期弱势深水区,优势不够大，不能单独触发策略；历史上继续远离 233MA 的概率不低,95.96,40,12,8,42
AAVE-USDT,1W,ok,weak_display_only,0,233,OKX,2020-10-18,2026-05-17,292,2026-05-17,85.86,黄偏红,防守等待,63.8,高波动冷却 / 余动能不足 / 短期下侧偏离 / 大周期弱势深水区,谨慎观察，不把单一短期偏离当入场理由,高波动冷却,26.3262,56.45,0.3526,4.84,-0.6474,余动能不足,63.64,36.36,27.27,13.0959,19.0831,25.2246,32.439,0.4037,0.5883,中值下侧偏离,-34.6526,-1.9091,21.62,21.74,233MA下侧极端,-38.0568,-2.2119,0,100,强趋势下行,-30.4283,down,4,缩量,0.3743,短期下侧偏离 + 大周期弱势深水区,优势不够大，不能单独触发策略；历史上继续远离 233MA 的概率不低,63.8,40,12,0,60
NEAR-USDT,1W,ok,weak_display_only,0,233,OKX,2020-11-29,2026-05-17,286,2026-05-17,2.44,绿,趋势策略天气,78,低波动启动 / 动能已超ATR / 短期上侧偏离 / 大周期弱势深水区,趋势天气较友好，等方向和量能确认,低波动启动,23.0984,25.09,2.9514,97.99,1.9514,动能已超ATR,0,100,25,32.4162,22.119,22.7013,26.7324,1.2126,0.8274,中值上侧偏离,45.6119,2.1661,84.77,40,233MA下侧极端,-39.5502,-4.5242,66.59,75.61,强趋势上行,91.1074,up,3,放量,3.45,短期上侧偏离 + 大周期弱势深水区,优势不够大，不能单独触发策略；历史上继续远离 233MA 的概率不低,35.64,40,4,56,78
OP-USDT,1W,insufficient_history,insufficient,0,233,OKX,2022-06-05,2026-05-17,207,,,,,,,,,,,,,,,,,,,,,,,,,,,,,,,,,,,,,,,,数据不足,,,,,,
ARB-USDT,1W,insufficient_history,insufficient,0,233,OKX,2023-03-19,2026-05-17,166,,,,,,,,,,,,,,,,,,,,,,,,,,,,,,,,,,,,,,,,数据不足,,,,,,
SUI-USDT,1W,insufficient_history,insufficient,0,233,OKX,2023-05-07,2026-05-17,158,,,,,,,,,,,,,,,,,,,,,,,,,,,,,,,,,,,,,,,,数据不足,,,,,,
APT-USDT,1W,insufficient_history,insufficient,0,233,OKX,2022-10-23,2026-05-17,187,,,,,,,,,,,,,,,,,,,,,,,,,,,,,,,,,,,,,,,,数据不足,,,,,,
FIL-USDT,1W,ok,weak_display_only,0,233,OKX,2020-11-29,2026-05-17,286,2026-05-17,0.95,黄偏红,防守等待,84.2,常态波动 / 余动能不足 / 短期下侧偏离 / 大周期弱势深水区,谨慎观察，不把单一短期偏离当入场理由,常态波动,27.4913,40.48,0.4955,37.18,-0.5045,余动能不足,45,55,6.98,20.0146,21.1878,26.3896,35.126,0.5698,0.6032,中值下侧偏离,-22.4433,-1.0418,48.44,39.29,233MA下侧极端,-84.2501,-19.2583,81.22,61.36,弱趋势混合,-6.3593,mixed,2,缩量,0.62,短期下侧偏离 + 大周期弱势深水区,优势不够大，不能单独触发策略；历史上继续远离 233MA 的概率不低,84.2,40,12,0,28
ETC-USDT,1W,ok,full_weight,1,233,OKX,2017-10-29,2026-05-17,447,2026-05-17,8.94,黄偏红,防守等待,76.28,波动压缩 / 余动能不足 / 短期下侧偏离 / 大周期弱势深水区,谨慎观察，不把单一短期偏离当入场理由,波动压缩,17.076,16.71,0.5838,35.6,-0.4162,余动能不足,59.52,40.48,22.95,11.391,13.1685,16.4295,21.156,0.5384,0.6224,中值下侧偏离,-13.6008,-0.9137,40.81,64.15,233MA下侧极端,-58.426,-8.1569,1.43,62.86,弱趋势混合,-7.3634,mixed,2,缩量,0.5027,短期下侧偏离 + 大周期弱势深水区,优势不够大，不能单独触发策略；历史上继续远离 233MA 的概率不低,76.28,56,54,8,10
ATOM-USDT,1W,ok,full_weight,1,233,OKX,2019-04-21,2026-05-17,370,2026-05-17,2.06,黄偏红,防守等待,74.12,波动压缩 / 余动能不足 / 短期贴近中轴 / 大周期弱势深水区,谨慎观察，不把单一短期偏离当入场理由,波动压缩,16.1376,10.5,0.6277,33.75,-0.3723,余动能不足,50,50,17.95,11.2175,12.6788,15.5264,20.5011,0.5472,0.6184,中值贴近中轴,-4.5074,-0.29,51.57,14.29,233MA下侧极端,-77.9217,-21.6803,0,84,趋势不明,-0.8454,down,3,缩量,0.6994,短期贴近中轴 + 大周期弱势深水区,贴近中轴时继续拉伸概率通常更高；历史上继续远离 233MA 的概率不低,74.12,74,0,8,0
INJ-USDT,1W,insufficient_history,insufficient,0,233,OKX,2023-11-26,2026-05-17,130,,,,,,,,,,,,,,,,,,,,,,,,,,,,,,,,,,,,,,,,数据不足,,,,,,
STX-USDT,1W,ok,weak_display_only,0,233,OKX,2021-02-28,2026-05-17,273,2026-05-17,0.24,黄偏红,防守等待,76.28,波动压缩 / 余动能不足 / 短期下侧偏离 / 大周期弱势深水区,谨慎观察，不把单一短期偏离当入场理由,波动压缩,24.211,18.27,0.4962,34.04,-0.5038,余动能不足,14.29,85.71,9.09,18.2009,18.4255,23.0004,34.3759,0.5295,0.536,中值下侧偏离,-21.0268,-1.1117,41.11,46.67,233MA下侧极端,-75.2774,-12.7134,6.12,100,强趋势下行,-5.936,down,3,量能正常,1.2735,短期下侧偏离 + 大周期弱势深水区,优势不够大，不能单独触发策略；历史上继续远离 233MA 的概率不低,76.28,56,18.01,20,50
IMX-USDT,1W,ok,weak_display_only,0,233,OKX,2021-11-07,2026-05-17,237,2026-05-17,0.16,黄偏红,防守等待,84.2,常态波动 / 余动能不足 / 短期下侧偏离 / 大周期弱势深水区,谨慎观察，不把单一短期偏离当入场理由,常态波动,30.5748,44.87,0.3519,22.1,-0.6481,余动能不足,,,,16.065,20.2859,28.6905,44.4357,0.3615,0.4565,中值下侧偏离,-24.7376,-0.9987,38.11,,233MA下侧极端,-85.636,-18.1151,0,,弱趋势混合,-10.6445,mixed,2,缩量,0.4472,短期下侧偏离 + 大周期弱势深水区,优势不够大，不能单独触发策略；历史上继续远离 233MA 的概率不低,84.2,40,30,0,28
WLD-USDT,1W,insufficient_history,insufficient,0,233,OKX,2023-07-30,2026-05-17,146,,,,,,,,,,,,,,,,,,,,,,,,,,,,,,,,,,,,,,,,数据不足,,,,,,
AR-USDT,1W,insufficient_history,insufficient,0,233,OKX,2021-12-19,2026-05-17,231,,,,,,,,,,,,,,,,,,,,,,,,,,,,,,,,,,,,,,,,数据不足,,,,,,
XLM-USDT,1W,ok,full_weight,1,233,OKX,2017-12-24,2026-05-17,439,2026-05-17,0.15,黄,防守等待,75.08,波动压缩 / 余动能不足 / 短期下侧偏离 / 大周期偏弱,等待更清楚的波动或位置共振,波动压缩,19.1877,35.8,0.4319,18.43,-0.5681,余动能不足,61.11,38.89,23.58,11.1706,14.5324,18.446,23.4852,0.4756,0.6188,中值下侧偏离,-25.1167,-1.6977,21.93,58.93,233MA下侧偏离,-18.8594,-1.1765,48.53,82.05,强趋势下行,-20.6674,down,4,缩量,0.742,短期下侧偏离 + 大周期偏弱,优势不够大，不能单独触发策略；未到极端，但大天气仍偏弱,75.08,66,54,8,42
ICP-USDT,1W,ok,weak_display_only,0,233,OKX,2021-05-09,2026-05-17,263,2026-05-17,2.56,黄偏红,防守等待,83.24,常态波动 / 余动能不足 / 短期下侧偏离 / 大周期弱势深水区,谨慎观察，不把单一短期偏离当入场理由,常态波动,28.1439,47,0.4749,43.4,-0.5251,余动能不足,70,30,15,26.5972,24.5374,27.4915,32.6334,0.815,0.7519,中值下侧偏离,-24.9634,-1.1594,54.63,0,233MA下侧极端,-67.4533,-7.223,66.7,76.19,弱趋势混合,2.7492,mixed,2,量能正常,0.9372,短期下侧偏离 + 大周期弱势深水区,优势不够大，不能单独触发策略；历史上继续远离 233MA 的概率不低,83.24,48,12,0,14.5
HBAR-USDT,1W,ok,half_weight,0.5,233,OKX,2019-09-22,2026-05-17,348,2026-05-17,0.09,黄偏红,防守等待,75.08,波动压缩 / 余动能不足 / 短期下侧偏离 / 大周期偏弱,谨慎观察，不把单一短期偏离当入场理由,波动压缩,17.6633,14.48,0.3649,11.49,-0.6351,余动能不足,44.44,55.56,14.06,8.4607,11.9156,16.731,23.1843,0.3649,0.514,中值下侧偏离,-14.3147,-0.923,44.52,39.29,233MA下侧偏离,-26.5104,-1.9931,34.46,100,强趋势下行,-15.4704,down,4,缩量,0.3769,短期下侧偏离 + 大周期偏弱,优势不够大，不能单独触发策略；未到极端，但大天气仍偏弱,75.08,66,12,8,42
ALGO-USDT,1W,ok,half_weight,0.5,233,OKX,2019-06-16,2026-05-17,362,2026-05-17,0.11,黄偏红,防守等待,75.32,波动压缩 / 余动能不足 / 短期贴近中轴 / 大周期弱势深水区,谨慎观察，不把单一短期偏离当入场理由,波动压缩,21.2725,21.35,0.6359,45.13,-0.3641,余动能不足,50,50,21.74,17.8079,18.6517,20.7338,25.2008,0.7066,0.7401,中值贴近中轴,-0.2132,-0.0103,67.55,0,233MA下侧极端,-59.9954,-7.2521,62.72,60,弱趋势混合,14.885,mixed,2,量能正常,0.8897,短期贴近中轴 + 大周期弱势深水区,贴近中轴时继续拉伸概率通常更高；历史上继续远离 233MA 的概率不低,75.32,64,0,8,10
LDO-USDT,1W,insufficient_history,insufficient,0,233,OKX,2022-08-28,2026-05-17,195,,,,,,,,,,,,,,,,,,,,,,,,,,,,,,,,,,,,,,,,数据不足,,,,,,
CRV-USDT,1W,ok,half_weight,0.5,233,OKX,2020-08-16,2026-05-17,301,2026-05-17,0.23,黄偏红,防守等待,76.28,波动压缩 / 余动能不足 / 短期下侧偏离 / 大周期弱势深水区,谨慎观察，不把单一短期偏离当入场理由,波动压缩,25.2763,30.73,0.4292,19.97,-0.5708,余动能不足,0,100,15.91,14.1745,17.4492,23.9648,33.2137,0.4268,0.5254,中值下侧偏离,-31.16,-1.7094,27.4,52.5,233MA下侧极端,-74.0211,-10.7606,0,66.04,强趋势下行,-15.0486,down,3,缩量,0.5158,短期下侧偏离 + 大周期弱势深水区,优势不够大，不能单独触发策略；历史上继续远离 233MA 的概率不低,76.28,56,39,8,42
ENS-USDT,1W,ok,weak_display_only,0,233,OKX,2021-11-14,2026-05-17,236,2026-05-17,6.22,黄偏红,防守等待,95.96,波动压缩 / 余动能不足 / 短期下侧偏离 / 大周期弱势深水区,谨慎观察，不把单一短期偏离当入场理由,波动压缩,24.8667,42.83,0.4134,19.96,-0.5866,余动能不足,,,,15.5615,17.5018,23.5334,33.8274,0.46,0.5174,中值下侧偏离,-23.8532,-1.2215,37.16,,233MA下侧极端,-62.2536,-6.4309,2.92,,强趋势下行,-13.6651,down,3,缩量,0.4362,短期下侧偏离 + 大周期弱势深水区,优势不够大，不能单独触发策略；历史上继续远离 233MA 的概率不低,95.96,40,30,8,42
PENDLE-USDT,1W,insufficient_history,insufficient,0,233,OKX,2024-09-22,2026-05-17,87,,,,,,,,,,,,,,,,,,,,,,,,,,,,,,,,,,,,,,,,数据不足,,,,,,
JUP-USDT,1W,insufficient_history,insufficient,0,233,OKX,2024-02-04,2026-05-17,120,,,,,,,,,,,,,,,,,,,,,,,,,,,,,,,,,,,,,,,,数据不足,,,,,,
PYTH-USDT,1W,insufficient_history,insufficient,0,233,OKX,2023-11-26,2026-05-17,130,,,,,,,,,,,,,,,,,,,,,,,,,,,,,,,,,,,,,,,,数据不足,,,,,,
TIA-USDT,1W,insufficient_history,insufficient,0,233,OKX,2023-10-29,2026-05-17,133,,,,,,,,,,,,,,,,,,,,,,,,,,,,,,,,,,,,,,,,数据不足,,,,,,
ONDO-USDT,1W,insufficient_history,insufficient,0,233,OKX,2024-07-28,2026-05-17,95,,,,,,,,,,,,,,,,,,,,,,,,,,,,,,,,,,,,,,,,数据不足,,,,,,
FET-USDT,1W,insufficient_history,insufficient,0,233,OKX,2023-11-19,2026-05-17,130,,,,,,,,,,,,,,,,,,,,,,,,,,,,,,,,,,,,,,,,数据不足,,,,,,
PEPE-USDT,1W,insufficient_history,insufficient,0,233,OKX,2023-05-07,2026-05-17,159,,,,,,,,,,,,,,,,,,,,,,,,,,,,,,,,,,,,,,,,数据不足,,,,,,
SHIB-USDT,1W,ok,weak_display_only,0,233,OKX,2021-05-02,2026-05-17,264,2026-05-17,0,黄偏红,防守等待,76.28,波动压缩 / 余动能不足 / 短期下侧偏离 / 大周期弱势深水区,谨慎观察，不把单一短期偏离当入场理由,波动压缩,17.6626,14.94,0.4066,17.33,-0.5934,余动能不足,100,0,10,10.1621,13.1874,16.9157,22.7903,0.4459,0.5786,中值下侧偏离,-26.3193,-1.9404,22.33,33.33,233MA下侧极端,-60.1429,-8.1969,0,100,强趋势下行,-16.2027,down,4,缩量,0.4868,短期下侧偏离 + 大周期弱势深水区,优势不够大，不能单独触发策略；历史上继续远离 233MA 的概率不低,76.28,56,12,8,42
BONK-USDT,1W,insufficient_history,insufficient,0,233,OKX,2024-01-07,2026-05-17,123,,,,,,,,,,,,,,,,,,,,,,,,,,,,,,,,,,,,,,,,数据不足,,,,,,
FLOKI-USDT,1W,insufficient_history,insufficient,0,233,OKX,2022-12-18,2026-05-17,178,,,,,,,,,,,,,,,,,,,,,,,,,,,,,,,,,,,,,,,,数据不足,,,,,,
WIF-USDT,1W,insufficient_history,insufficient,0,233,OKX,2024-04-14,2026-05-17,109,,,,,,,,,,,,,,,,,,,,,,,,,,,,,,,,,,,,,,,,数据不足,,,,,,
ORDI-USDT,1W,insufficient_history,insufficient,0,233,OKX,2023-05-14,2026-05-17,157,,,,,,,,,,,,,,,,,,,,,,,,,,,,,,,,,,,,,,,,数据不足,,,,,,
SATS-USDT,1W,insufficient_history,insufficient,0,233,OKX,2023-12-17,2026-05-17,126,,,,,,,,,,,,,,,,,,,,,,,,,,,,,,,,,,,,,,,,数据不足,,,,,,
NOT-USDT,1W,insufficient_history,insufficient,0,233,OKX,2024-05-19,2026-05-17,104,,,,,,,,,,,,,,,,,,,,,,,,,,,,,,,,,,,,,,,,数据不足,,,,,,
ENA-USDT,1W,insufficient_history,insufficient,0,233,OKX,2025-09-14,2026-05-17,36,,,,,,,,,,,,,,,,,,,,,,,,,,,,,,,,,,,,,,,,数据不足,,,,,,
W-USDT,1W,insufficient_history,insufficient,0,233,OKX,2024-03-31,2026-05-17,111,,,,,,,,,,,,,,,,,,,,,,,,,,,,,,,,,,,,,,,,数据不足,,,,,,
STRK-USDT,1W,insufficient_history,insufficient,0,233,OKX,2024-02-18,2026-05-17,117,,,,,,,,,,,,,,,,,,,,,,,,,,,,,,,,,,,,,,,,数据不足,,,,,,
ZK-USDT,1W,insufficient_history,insufficient,0,233,OKX,2024-06-16,2026-05-17,100,,,,,,,,,,,,,,,,,,,,,,,,,,,,,,,,,,,,,,,,数据不足,,,,,,
ZRO-USDT,1W,insufficient_history,insufficient,0,233,OKX,2024-06-16,2026-05-17,101,,,,,,,,,,,,,,,,,,,,,,,,,,,,,,,,,,,,,,,,数据不足,,,,,,
GALA-USDT,1W,ok,weak_display_only,0,233,OKX,2021-09-19,2026-05-17,242,2026-05-17,0,黄偏红,防守等待,63.8,常态波动 / 余动能不足 / 短期下侧偏离 / 大周期弱势深水区,谨慎观察，不把单一短期偏离当入场理由,常态波动,34.6285,44.32,0.3493,23.36,-0.6507,余动能不足,,,20,20.2882,23.4616,32.4289,51.8551,0.3912,0.4524,中值下侧偏离,-41.3216,-1.9121,24.7,,233MA下侧极端,-94.0649,-43.0334,3.57,,强趋势下行,-19.6158,down,3,缩量,0.5286,短期下侧偏离 + 大周期弱势深水区,优势不够大，不能单独触发策略；历史上继续远离 233MA 的概率不低,63.8,40,30,0,60
SAND-USDT,1W,ok,weak_display_only,0,233,OKX,2021-03-14,2026-05-17,271,2026-05-17,0.07,黄偏红,防守等待,63.8,高波动冷却 / 余动能不足 / 短期下侧偏离 / 大周期弱势深水区,谨慎观察，不把单一短期偏离当入场理由,高波动冷却,29.344,52.52,0.3121,9.5,-0.6879,余动能不足,72.22,27.78,14.29,14.4749,19.8437,27.6777,41.0726,0.3524,0.4831,中值下侧偏离,-42.6693,-2.4488,19.47,18.75,233MA下侧极端,-90.9256,-32.968,0,100,强趋势下行,-23.695,down,4,缩量,0.3729,短期下侧偏离 + 大周期弱势深水区,优势不够大，不能单独触发策略；历史上继续远离 233MA 的概率不低,63.8,40,12,0,60
MANA-USDT,1W,ok,full_weight,1,233,OKX,2017-12-10,2026-05-17,439,2026-05-17,0.09,黄偏红,防守等待,95.96,波动压缩 / 余动能不足 / 短期下侧偏离 / 大周期弱势深水区,谨慎观察，不把单一短期偏离当入场理由,波动压缩,25.656,42.14,0.3278,8.1,-0.6722,余动能不足,56.76,43.24,19.38,12.388,17.155,24.2252,35.0359,0.3536,0.4896,中值下侧偏离,-35.2941,-2.0585,18.66,31.43,233MA下侧极端,-86.3423,-23.858,0,63.91,强趋势下行,-15.9126,down,3,缩量,0.2663,短期下侧偏离 + 大周期弱势深水区,优势不够大，不能单独触发策略；历史上继续远离 233MA 的概率不低,95.96,40,12,8,42
