instrument,bar,dataStatus,historyQuality,periodWeight,effectiveRows,sampleWeight,truncationFactor,aggregationFactor,aggregationDropRatio,truncated,truncationReason,requiredWarmupBars,source,firstDate,lastDate,cleanRows,date,close,gate,topWeatherRoute,topWeatherScore,weatherSummary,actionBias,volatilityState,atrPct,atrPercentile,volatilityMultiple,volatilityMultiplePercentile,remainingMomentumAtr,remainingMomentumState,fiveDayAtrDownProbabilityPct,fiveDayAtrUpProbabilityPct,fiveDayFutureMomentumPositivePct,atr3Pct,atr8Pct,atr13Pct,atr21Pct,atr3To21,atr8To21,middleState,middleDeviationRate,middleDeviationAtr,middlePositionPct,middleTenDayReturnCloserPct,maState,maDeviationRate,maDeviationAtr,maPositionPct,maTenDayContinueAwayPct,trendState,trendScore,resonanceDirection,resonanceCount,volumeState,volumeMultiple,deviationWeather,deviationRiskNote,score_breakout,score_trendFollowing,score_meanReversion,score_wait,score_grid
BTC-USDT,4H,ok,half_weight,0.7,18148,1,0.7,1,0,true,requested_start_not_reached,233,OKX,2018-01-11 08:00,2026-06-01 16:00,18381,2026-06-01 16:00,71599.2,黄偏绿,低吸均值回归,40.17,低波动启动 / 振幅已超ATR / 短期下侧偏离 / 大周期弱势深水区,均值回归可观察，但要服从大周期过滤,低波动启动,1.0582,16.54,1.4788,85.65,0.4788,振幅已超ATR,48.81,51.19,41.64,1.4952,1.1364,1.0636,1.0444,1.4315,1.088,中值下侧偏离,-1.2581,-1.2041,40.1465,53.64,233MA下侧极端,-7.9509,-8.1626,34.3701,50.24,强趋势下行,-3.3299,down,4,量能正常,1.13,短期下侧偏离 + 大周期弱势深水区,优势不够大，不能单独触发策略；历史上继续远离 233MA 的概率不低,93,80.65,40.17,34.98,30
ETH-USDT,4H,ok,half_weight,0.7,18148,1,0.7,1,0,true,requested_start_not_reached,233,OKX,2018-01-11 08:00,2026-06-01 16:00,18381,2026-06-01 16:00,2004.63,黄偏绿,向下突破,93,低波动启动 / 振幅已超ATR / 短期贴近中轴 / 大周期弱势深水区,不把短期下偏当买点，等待更强共振,低波动启动,1.3206,10.93,1.8899,93.79,0.8899,振幅已超ATR,49.09,50.91,41.8,1.8106,1.3851,1.3227,1.3288,1.3626,1.0424,中值贴近中轴,0.1646,0.1245,51.7584,9.15,233MA下侧极端,-9.4503,-7.9031,43.0006,50.26,趋势不明,-1.0952,down,4,放量,1.6157,短期贴近中轴 + 大周期弱势深水区,贴近中轴时继续拉伸概率通常更高；历史上继续远离 233MA 的概率不低,93,77.48,0,34.98,68
SOL-USDT,4H,ok,half_weight,0.7,12190,1,0.7,1,0,true,requested_start_not_reached,233,OKX,2020-09-30 08:00,2026-06-01 16:00,12423,2026-06-01 16:00,81.2,黄偏绿,向下突破,100,低波动启动 / 振幅已超ATR / 短期贴近中轴 / 大周期弱势深水区,不把短期下偏当买点，等待更强共振,低波动启动,1.5656,4.11,1.7306,92.13,0.7306,振幅已超ATR,48.8,51.2,42.55,2.1086,1.6615,1.5719,1.554,1.3569,1.0692,中值贴近中轴,-0.0738,-0.0472,32.984,8.28,233MA下侧极端,-6.1359,-4.1754,56.0739,49.3,弱趋势下行,-1.8598,down,4,放量,1.8047,短期贴近中轴 + 大周期弱势深水区,贴近中轴时继续拉伸概率通常更高；历史上继续远离 233MA 的概率不低,100,81.3,0,33.58,46
BNB-USDT,4H,ok,half_weight,0.7,7320,1,0.7,1,0,true,requested_start_not_reached,233,OKX,2022-12-21 00:00,2026-06-01 16:00,7553,2026-06-01 16:00,696.3,黄偏绿,向上突破,93,高波动扩张 / 振幅已超ATR / 短期上侧偏离 / 大周期强势高位,观察,高波动扩张,2.5253,91.57,1.2625,78.3,0.2625,振幅已超ATR,54.48,45.52,40.45,3.5619,3.0094,2.592,2.1718,1.6401,1.3857,中值上侧偏离,1.1623,0.455,51.5998,55.56,233MA上侧极端,7.3957,2.7269,68.2649,44.29,弱趋势上行,1.6373,up,3,量能正常,1.1146,短期上侧偏离 + 大周期强势高位,优势不够大，不能单独触发策略；强势区可以长期维持在 233MA 上方,93,72.19,24,34.98,8
XRP-USDT,4H,ok,half_weight,0.7,18148,1,0.7,1,0,true,requested_start_not_reached,233,OKX,2018-01-11 08:00,2026-06-01 16:00,18381,2026-06-01 16:00,1.3,黄偏绿,低吸均值回归,39.68,低波动启动 / 振幅已超ATR / 短期下侧偏离 / 大周期弱势深水区,均值回归可观察，但要服从大周期过滤,低波动启动,1.4776,13.77,1.3692,83.39,0.3692,振幅已超ATR,48.73,51.27,42.38,1.7576,1.5217,1.4815,1.4623,1.2019,1.0406,中值下侧偏离,-1.7088,-1.1765,29.7012,56.9,233MA下侧极端,-6.4417,-4.6597,46.8691,51.39,弱趋势下行,-2.5978,down,4,量能正常,1.1416,短期下侧偏离 + 大周期弱势深水区,优势不够大，不能单独触发策略；历史上继续远离 233MA 的概率不低,93,76.99,39.68,34.98,54
DOGE-USDT,4H,ok,half_weight,0.7,14830,1,0.7,1,0,true,requested_start_not_reached,233,OKX,2019-07-18 08:00,2026-06-01 16:00,15063,2026-06-01 16:00,0.1,黄偏绿,高抛均值回归,36,低波动启动 / 振幅已超ATR / 短期上侧偏离 / 大周期弱势深水区,均值回归可观察，但要服从大周期过滤,低波动启动,1.6032,14.97,1.7546,91.92,0.7546,振幅已超ATR,47.16,52.84,40.99,2.0815,1.6681,1.6059,1.6119,1.2914,1.0349,中值上侧偏离,0.9938,0.6138,73.8868,56.95,233MA下侧极端,-4.6977,-3.0747,15.5811,52.9,趋势不明,-0.1418,down,3,量能正常,1.3717,短期上侧偏离 + 大周期弱势深水区,优势不够大，不能单独触发策略；历史上继续远离 233MA 的概率不低,93,62.71,36,34.98,68
ADA-USDT,4H,ok,half_weight,0.7,16990,1,0.7,1,0,true,requested_start_not_reached,233,OKX,2018-07-23 08:00,2026-06-01 16:00,17223,2026-06-01 16:00,0.23,黄偏绿,向下突破,100,低波动启动 / 振幅已超ATR / 短期贴近中轴 / 大周期弱势深水区,不把短期下偏当买点，等待更强共振,低波动启动,1.7654,15.19,1.3947,85.02,0.3947,振幅已超ATR,46.47,53.53,41.8,2.2026,1.8544,1.7733,1.7365,1.2684,1.0679,中值贴近中轴,-0.3873,-0.2202,50.8761,8.4,233MA下侧极端,-8.2872,-5.1184,37.8379,52.42,弱趋势下行,-2.2306,down,4,量能正常,1.3341,短期贴近中轴 + 大周期弱势深水区,贴近中轴时继续拉伸概率通常更高；历史上继续远离 233MA 的概率不低,100,83.15,0,33.58,46
LINK-USDT,4H,ok,half_weight,0.7,18148,1,0.7,1,0,true,requested_start_not_reached,233,OKX,2018-01-11 08:00,2026-06-01 16:00,18381,2026-06-01 16:00,9.08,黄偏红,向下突破,93,低波动启动 / 振幅已超ATR / 短期贴近中轴 / 大周期弱势深水区,谨慎观察，不把单一短期偏离当入场理由,低波动启动,1.8258,13.06,1.5013,87.78,0.5013,振幅已超ATR,48.38,51.62,40.95,2.1893,1.8873,1.8297,1.8212,1.2022,1.0363,中值贴近中轴,0.3535,0.1929,55.8967,7.71,233MA下侧极端,-5.4167,-3.1366,10.6108,53.51,趋势不明,-1.1825,down,3,量能正常,1.2758,短期贴近中轴 + 大周期弱势深水区,贴近中轴时继续拉伸概率通常更高；历史上继续远离 233MA 的概率不低,93,67.91,0,34.98,68
AVAX-USDT,4H,ok,half_weight,0.7,12238,1,0.7,1,0,true,requested_start_not_reached,233,OKX,2020-09-22 08:00,2026-06-01 16:00,12471,2026-06-01 16:00,8.96,黄偏绿,高抛均值回归,36,低波动启动 / 振幅已超ATR / 短期上侧偏离 / 大周期偏弱,均值回归可观察，但要服从大周期过滤,低波动启动,1.8615,12.61,1.6966,92.11,0.6966,振幅已超ATR,49.37,50.63,41.96,2.4188,1.9785,1.8718,1.8228,1.327,1.0854,中值上侧偏离,1.043,0.5545,56.3159,53.27,233MA下侧偏离,-4.2553,-2.3876,54.5739,64.62,趋势不明,-0.413,down,3,放量,1.6701,短期上侧偏离 + 大周期偏弱,优势不够大，不能单独触发策略；未到极端，但大天气仍偏弱,93,74.06,36,20.98,76
TON-USDT,4H,ok,half_weight,0.7,8735,1,0.7,1,0,true,requested_start_not_reached,233,OKX,2022-04-29 04:00,2026-06-01 16:00,8968,2026-06-01 16:00,2.21,绿,向上突破,100,高波动扩张 / 振幅已超ATR / 短期上侧偏离 / 大周期强势高位,观察,高波动扩张,4.1169,91.69,2.3222,97.31,1.3222,振幅已超ATR,58.1,41.9,42.47,7.5663,5.0242,4.2111,3.726,2.0307,1.3484,中值上侧偏离,10.5158,2.3112,66.8633,53.98,233MA上侧极端,19.0339,3.884,69.8181,44.89,强趋势上行,19.6884,up,4,放量,9.7164,短期上侧偏离 + 大周期强势高位,优势不够大，不能单独触发策略；强势区可以长期维持在 233MA 上方,100,100,52.1,32.04,0
TRX-USDT,4H,ok,half_weight,0.7,18148,1,0.7,1,0,true,requested_start_not_reached,233,OKX,2018-01-11 08:00,2026-06-01 16:00,18381,2026-06-01 16:00,0.34,黄偏红,向下突破,79,低波动启动 / 接近一倍ATR / 短期下侧偏离 / 大周期偏弱,谨慎观察，不把单一短期偏离当入场理由,低波动启动,0.8539,15.55,1.1361,72.98,0.1361,接近一倍ATR,50.81,49.19,36.73,0.8895,0.8114,0.8486,0.8678,1.025,0.935,中值下侧偏离,-0.5546,-0.6531,44.3839,53.39,233MA下侧偏离,-0.7828,-0.9239,43.8977,60.04,弱趋势下行,-1.9127,down,4,量能正常,1.2804,短期下侧偏离 + 大周期偏弱,优势不够大，不能单独触发策略；未到极端，但大天气仍偏弱,79,91.56,24,21.18,54
DOT-USDT,4H,ok,half_weight,0.7,12424,1,0.7,1,0,true,requested_start_not_reached,233,OKX,2020-08-22 08:00,2026-06-01 16:00,12657,2026-06-01 16:00,1.17,黄偏绿,低吸均值回归,32,低波动启动 / 振幅已超ATR / 短期下侧偏离 / 大周期弱势深水区,均值回归可观察，但要服从大周期过滤,低波动启动,2.3846,40.39,1.6157,90.78,0.6157,振幅已超ATR,48.85,51.15,40.8,3.0231,2.4954,2.3915,2.3708,1.2751,1.0526,中值下侧偏离,-0.891,-0.377,44.102,53.53,233MA下侧极端,-7.6489,-3.4733,49.6677,50.29,强趋势下行,-3.028,down,4,量能正常,1.1967,短期下侧偏离 + 大周期弱势深水区,优势不够大，不能单独触发策略；历史上继续远离 233MA 的概率不低,93,87.14,32,34.98,14
BCH-USDT,4H,ok,half_weight,0.7,16277,1,0.7,1,0,true,requested_start_not_reached,233,OKX,2018-11-19 04:00,2026-06-01 16:00,16510,2026-06-01 16:00,291.6,黄偏红,向下突破,73,低波动启动 / 接近一倍ATR / 短期贴近中轴 / 大周期弱势深水区,谨慎观察，不把单一短期偏离当入场理由,低波动启动,2.4332,49.77,1.0711,69.12,0.0711,接近一倍ATR,49.6,50.4,36.91,2.9254,2.5164,2.4377,2.4236,1.207,1.0383,中值贴近中轴,-0.7995,-0.3312,45.8623,10.11,233MA下侧极端,-28.2402,-16.1737,7.1464,49.45,强趋势下行,-5.7975,down,4,缩量,0.6764,短期贴近中轴 + 大周期弱势深水区,贴近中轴时继续拉伸概率通常更高；历史上继续远离 233MA 的概率不低,73,92.99,0,40.98,6
LTC-USDT,4H,ok,half_weight,0.7,18148,1,0.7,1,0,true,requested_start_not_reached,233,OKX,2018-01-11 08:00,2026-06-01 16:00,18381,2026-06-01 16:00,50.9,黄偏绿,低吸均值回归,33.12,低波动启动 / 振幅已超ATR / 短期下侧偏离 / 大周期弱势深水区,均值回归可观察，但要服从大周期过滤,低波动启动,1.3185,6.36,1.4006,84.53,0.4006,振幅已超ATR,49.48,50.52,39.89,1.7371,1.4253,1.3281,1.2886,1.3481,1.1061,中值下侧偏离,-1.0594,-0.8121,36.7802,55.4,233MA下侧极端,-7.7106,-6.3365,46.958,49.04,弱趋势下行,-2.4488,down,4,量能正常,0.8919,短期下侧偏离 + 大周期弱势深水区,优势不够大，不能单独触发策略；历史上继续远离 233MA 的概率不低,93,76.24,33.12,34.98,54
UNI-USDT,4H,ok,half_weight,0.7,12270,1,0.7,1,0,true,requested_start_not_reached,233,OKX,2020-09-17 00:00,2026-06-01 16:00,12503,2026-06-01 16:00,3,黄偏红,震荡网格,46,低波动启动 / 振幅已超ATR / 短期贴近中轴 / 大周期弱势深水区,谨慎观察，不把单一短期偏离当入场理由,低波动启动,2.0413,15.77,1.4701,87.23,0.4701,振幅已超ATR,48.16,51.84,40.14,2.3545,2.0368,2.0335,2.1137,1.1139,0.9636,中值贴近中轴,0.1168,0.0572,47.4062,9.19,233MA下侧极端,-11.7085,-6.4964,38.7846,50.14,弱趋势下行,-2.3556,down,4,缩量,0.6905,短期贴近中轴 + 大周期弱势深水区,贴近中轴时继续拉伸概率通常更高；历史上继续远离 233MA 的概率不低,59,75.78,0,43.39,46
AAVE-USDT,4H,ok,half_weight,0.7,12059,1,0.7,1,0,true,requested_start_not_reached,233,OKX,2020-10-22 04:00,2026-06-01 16:00,12292,2026-06-01 16:00,80.67,黄偏绿,低吸均值回归,32,低波动启动 / 振幅已超ATR / 短期下侧偏离 / 大周期弱势深水区,均值回归可观察，但要服从大周期过滤,低波动启动,1.8915,11.45,1.5925,90.26,0.5925,振幅已超ATR,46.97,53.03,40.74,2.3844,1.9432,1.8919,1.908,1.2497,1.0184,中值下侧偏离,-0.6588,-0.3506,49.7973,51.27,233MA下侧极端,-11.5575,-6.9088,32.1523,49.43,弱趋势下行,-2.7594,down,4,放量,2.3224,短期下侧偏离 + 大周期弱势深水区,优势不够大，不能单独触发策略；历史上继续远离 233MA 的概率不低,100,85.8,32,33.58,46
NEAR-USDT,4H,ok,half_weight,0.7,11807,1,0.7,1,0,true,requested_start_not_reached,233,OKX,2020-12-03 04:00,2026-06-01 16:00,12040,2026-06-01 16:00,2.62,绿,向上突破,100,高波动扩张 / 振幅已超ATR / 短期上侧偏离 / 大周期强势高位,观察,高波动扩张,4.7506,79.43,2.2039,97.5,1.2039,振幅已超ATR,57.91,42.09,42.42,6.5543,5.0071,4.769,4.6552,1.408,1.0756,中值上侧偏离,7.4743,1.4639,73.5267,54.46,233MA上侧极端,51.079,7.1168,87.8497,44.4,强趋势上行,10.545,up,4,放量,9.1096,短期上侧偏离 + 大周期强势高位,优势不够大，不能单独触发策略；强势区可以长期维持在 233MA 上方,100,100,36.85,32.04,0
OP-USDT,4H,ok,half_weight,0.7,8540,1,0.7,1,0,true,requested_start_not_reached,233,OKX,2022-05-31 16:00,2026-06-01 16:00,8773,2026-06-01 16:00,0.12,黄偏绿,高抛均值回归,37.61,低波动启动 / 振幅已超ATR / 短期上侧偏离 / 大周期偏弱,均值回归可观察，但要服从大周期过滤,低波动启动,2.9259,42.76,2.4921,98.41,1.4921,振幅已超ATR,48.13,51.87,40.95,4.1939,3.1685,2.9485,2.8301,1.4819,1.1196,中值上侧偏离,4.6102,1.5062,69.9915,54.49,233MA下侧偏离,-5.3277,-1.9233,64.7162,67.99,强趋势上行,3.4623,up,3,放量,2.1586,短期上侧偏离 + 大周期偏弱,优势不够大，不能单独触发策略；未到极端，但大天气仍偏弱,87,89.31,37.61,21.5,0
ARB-USDT,4H,ok,half_weight,0.7,6765,1,0.7,1,0,true,requested_start_not_reached,233,OKX,2023-03-23 12:00,2026-06-01 16:00,6998,2026-06-01 16:00,0.1,黄偏红,向下突破,93,低波动启动 / 振幅已超ATR / 短期贴近中轴 / 大周期弱势深水区,谨慎观察，不把单一短期偏离当入场理由,低波动启动,2.6043,44.17,1.7264,92.71,0.7264,振幅已超ATR,45.86,54.14,39.47,3.1286,2.6698,2.6075,2.6056,1.2007,1.0246,中值贴近中轴,0.5309,0.2028,47.5549,9.53,233MA下侧极端,-14.5436,-6.5349,44.5017,50.06,弱趋势下行,-1.4203,down,3,量能正常,1.2426,短期贴近中轴 + 大周期弱势深水区,贴近中轴时继续拉伸概率通常更高；历史上继续远离 233MA 的概率不低,93,69.1,0,34.98,30
SUI-USDT,4H,ok,half_weight,0.7,6519,1,0.7,1,0,true,requested_start_not_reached,233,OKX,2023-05-03 12:00,2026-06-01 16:00,6752,2026-06-01 16:00,0.88,黄偏绿,低吸均值回归,32,低波动启动 / 接近一倍ATR / 短期下侧偏离 / 大周期弱势深水区,均值回归可观察，但要服从大周期过滤,低波动启动,2.6481,28.11,1.1996,75.33,0.1996,接近一倍ATR,46.82,53.18,37.29,2.7614,2.6378,2.6399,2.733,1.0104,0.9651,中值下侧偏离,-1.6571,-0.6363,33.8284,53.79,233MA下侧极端,-13.723,-6.0066,44.7583,49.51,强趋势下行,-4.5091,down,4,量能正常,1.3687,短期下侧偏离 + 大周期弱势深水区,优势不够大，不能单独触发策略；历史上继续远离 233MA 的概率不低,79,94.55,32,34.76,22
APT-USDT,4H,ok,half_weight,0.7,7698,1,0.7,1,0,true,requested_start_not_reached,233,OKX,2022-10-19 00:00,2026-06-01 16:00,7931,2026-06-01 16:00,0.95,黄偏绿,向上突破,77,低波动启动 / 振幅已超ATR / 短期上侧偏离 / 大周期偏弱,不把短期下偏当买点，等待更强共振,低波动启动,2.7875,45.52,1.7152,92.71,0.7152,振幅已超ATR,46.18,53.82,40.21,3.4151,2.8733,2.7944,2.751,1.2414,1.0444,中值上侧偏离,1.7942,0.6323,53.9271,54.02,233MA下侧偏离,-4.3881,-1.6465,60.9532,65.21,趋势不明,0.7049,up,3,量能正常,1.0901,短期上侧偏离 + 大周期偏弱,优势不够大，不能单独触发策略；未到极端，但大天气仍偏弱,77,67.52,24,23.22,68
FIL-USDT,4H,ok,half_weight,0.7,11807,1,0.7,1,0,true,requested_start_not_reached,233,OKX,2020-12-03 04:00,2026-06-01 16:00,12040,2026-06-01 16:00,0.97,黄偏红,向下突破,75,高波动扩张 / 振幅已超ATR / 短期上侧偏离 / 大周期偏弱,谨慎观察，不把单一短期偏离当入场理由,高波动扩张,3.3823,67.02,2.1756,96.36,1.1756,振幅已超ATR,61.06,38.94,40.01,4.3149,3.4516,3.3855,3.3498,1.2881,1.0304,中值上侧偏离,1.7889,0.5196,60.4278,56.33,233MA下侧偏离,-2.3832,-0.7218,62.2988,64.99,趋势不明,0.2283,mixed,2,放量,1.8015,短期上侧偏离 + 大周期偏弱,优势不够大，不能单独触发策略；未到极端，但大天气仍偏弱,75,41.14,28,23.5,30
ETC-USDT,4H,ok,half_weight,0.7,18148,1,0.7,1,0,true,requested_start_not_reached,233,OKX,2018-01-11 08:00,2026-06-01 16:00,18381,2026-06-01 16:00,8.12,黄偏绿,低吸均值回归,32,低波动启动 / 振幅已超ATR / 短期下侧偏离 / 大周期弱势深水区,均值回归可观察，但要服从大周期过滤,低波动启动,1.6061,12.73,1.4421,85.59,0.4421,振幅已超ATR,48.49,51.51,41.09,1.8479,1.59,1.5974,1.6773,1.1017,0.9479,中值下侧偏离,-0.6366,-0.3989,42.2809,56.67,233MA下侧极端,-8.1939,-5.5572,43.4011,52.24,弱趋势下行,-1.9598,down,4,量能正常,1.1416,短期下侧偏离 + 大周期弱势深水区,优势不够大，不能单独触发策略；历史上继续远离 233MA 的概率不低,69,73.8,32,37.67,54
ATOM-USDT,4H,ok,half_weight,0.7,15346,1,0.7,1,0,true,requested_start_not_reached,233,OKX,2019-04-23 08:00,2026-06-01 16:00,15579,2026-06-01 16:00,1.92,黄偏绿,低吸均值回归,38.85,低波动启动 / 接近一倍ATR / 短期下侧偏离 / 大周期偏弱,均值回归可观察，但要服从大周期过滤,低波动启动,2.0863,28.12,1.1752,75.62,0.1752,接近一倍ATR,47.62,52.38,39.2,2.0099,1.9563,2.063,2.224,0.9038,0.8796,中值下侧偏离,-3.1818,-1.5752,22.0773,54.73,233MA下侧偏离,-4.2677,-2.1368,20.5718,63.04,强趋势下行,-6.1684,down,4,量能正常,1.2399,短期下侧偏离 + 大周期偏弱,优势不够大，不能单独触发策略；未到极端，但大天气仍偏弱,79,100,38.85,18.2,12
INJ-USDT,4H,ok,half_weight,0.7,5254,1,0.7,1,0,true,requested_start_not_reached,233,OKX,2023-11-30 08:00,2026-06-01 16:00,5487,2026-06-01 16:00,7.34,绿,高抛均值回归,49.5,高波动扩张 / 振幅已超ATR / 短期上侧偏离 / 大周期强势高位,均值回归可观察，但要服从大周期过滤,高波动扩张,4.3936,79.88,1.275,79.82,0.275,振幅已超ATR,60.4,39.6,41.62,4.9035,4.4629,4.4075,4.2712,1.148,1.0449,中值上侧偏离,10.522,2.1669,72.0316,53.51,233MA上侧极端,57.9752,8.3529,92.9123,40,强趋势上行,12.5377,up,4,放量,1.851,短期上侧偏离 + 大周期强势高位,优势不够大，不能单独触发策略；强势区可以长期维持在 233MA 上方,100,100,49.5,32.04,0
STX-USDT,4H,ok,half_weight,0.7,11260,1,0.7,1,0,true,requested_start_not_reached,233,OKX,2021-03-04 08:00,2026-06-01 16:00,11493,2026-05-31 00:00,0.24,黄,网格震荡天气,84,波动压缩 / 余动能不足 / 短期上侧偏离 / 大周期偏弱,震荡/网格天气较友好，仍需控制突破风险,波动压缩,2.0695,15.5,0.5324,14.64,-0.4676,余动能不足,57.71,42.29,35.74,2.5835,2.3288,2.2795,2.2774,0.6077,0.857,中值上侧偏离,0.858,0.4095,66.7961,51.54,233MA下侧偏离,-2.6598,-1.3153,59.3049,63.7,趋势不明,-1.1769,down,3,缩量,0.1445,短期贴近中轴 + 大周期偏弱,贴近中轴时继续拉伸概率通常更高；未到极端，但大天气仍偏弱,8,,35.54,72.92,84
IMX-USDT,4H,ok,half_weight,0.7,9783,1,0.7,1,0,true,requested_start_not_reached,233,OKX,2021-11-05 12:00,2026-06-01 16:00,10016,2026-06-01 16:00,0.16,黄偏绿,高抛均值回归,36,低波动启动 / 振幅已超ATR / 短期上侧偏离 / 大周期偏弱,均值回归可观察，但要服从大周期过滤,低波动启动,2.6035,20.26,1.8457,94.37,0.8457,振幅已超ATR,49.29,50.71,38.58,3.1584,2.6647,2.6057,2.6111,1.2096,1.0205,中值上侧偏离,1.9535,0.7359,57.1958,52.68,233MA下侧偏离,-5.2506,-2.1285,57.9908,67.64,趋势不明,1.189,mixed,2,放量,1.5899,短期上侧偏离 + 大周期偏弱,优势不够大，不能单独触发策略；未到极端，但大天气仍偏弱,75,45.94,36,23.36,76
WLD-USDT,4H,ok,half_weight,0.7,6028,1,0.7,1,0,true,requested_start_not_reached,233,OKX,2023-07-24 08:00,2026-06-01 16:00,6261,2026-06-01 16:00,0.43,绿,向上突破,100,高波动扩张 / 振幅已超ATR / 短期过热 / 大周期强势高位,短期回归信号更干净,高波动扩张,5.9749,90.42,2.3218,97.78,1.3218,振幅已超ATR,59.91,40.09,42.12,8.6096,6.6933,6.0635,5.4825,1.5704,1.2209,中值上侧极端,18.5581,2.6198,78.0375,86.52,233MA上侧极端,58.6666,6.1883,84.386,43.5,强趋势上行,29.0863,up,4,放量,3.7616,短期过热 + 大周期强势高位,强趋势里极端可以延续，必须看波动和量能；强势区可以长期维持在 233MA 上方,100,100,75.66,33.44,0
AR-USDT,4H,ok,half_weight,0.7,9489,1,0.7,1,0,true,requested_start_not_reached,233,OKX,2021-12-24 12:00,2026-06-01 16:00,9722,2026-06-01 16:00,2.33,黄,向上突破,59,高波动扩张 / 接近一倍ATR / 短期贴近中轴 / 大周期偏强,观察,高波动扩张,3.9012,65.53,1.113,70.96,0.113,接近一倍ATR,58.96,41.04,37.6,3.5698,3.7009,3.8855,3.8979,0.9158,0.9495,中值贴近中轴,-0.4494,-0.1157,47.2924,10.04,233MA上侧偏离,6.6487,1.598,72.831,58.75,弱趋势上行,2.6895,up,3,缩量,0.6512,短期贴近中轴 + 大周期偏强,贴近中轴时继续拉伸概率通常更高；不是天然做空区域,59,77.45,0,29.16,8
XLM-USDT,4H,ok,half_weight,0.7,18148,1,0.7,1,0,true,requested_start_not_reached,233,OKX,2018-01-11 08:00,2026-06-01 16:00,18381,2026-06-01 16:00,0.25,黄,趋势做空,50,高波动冷却 / 振幅未满ATR / 短期贴近中轴 / 大周期强势高位,趋势天气较友好，等方向和量能确认,高波动冷却,7.4019,97.51,0.6383,26.55,-0.3617,振幅未满ATR,76.92,23.08,30.43,7.1434,7.7768,7.5046,6.5972,1.0828,1.1788,中值贴近中轴,-0.2505,-0.0339,62.1708,7.04,233MA上侧极端,48.8542,4.434,66.7787,45.49,弱趋势混合,10.8962,mixed,2,缩量,0.4148,短期贴近中轴 + 大周期强势高位,贴近中轴时继续拉伸概率通常更高；强势区可以长期维持在 233MA 上方,29,64,2,51.04,20
ICP-USDT,4H,ok,half_weight,0.7,10856,1,0.7,1,0,true,requested_start_not_reached,233,OKX,2021-05-10 16:00,2026-06-01 16:00,11089,2026-06-01 16:00,3.06,绿,向上突破,100,高波动扩张 / 振幅已超ATR / 短期上侧偏离 / 大周期强势高位,观察,高波动扩张,3.8169,69.14,2.3747,98.32,1.3747,振幅已超ATR,59.06,40.94,42.41,5.8638,4.2251,3.8553,3.6422,1.61,1.16,中值上侧偏离,7.2469,1.7703,68.5346,55.87,233MA上侧极端,12.9704,3.008,80.4981,42.12,强趋势上行,12.0845,up,4,放量,2.439,短期上侧偏离 + 大周期强势高位,优势不够大，不能单独触发策略；强势区可以长期维持在 233MA 上方,100,100,42.37,32.04,0
HBAR-USDT,4H,ok,half_weight,0.7,14464,1,0.7,1,0,true,requested_start_not_reached,233,OKX,2019-09-17 08:00,2026-06-01 16:00,14697,2026-06-01 16:00,0.09,黄偏绿,低吸均值回归,58.41,高波动冷却 / 振幅未满ATR / 短期下侧偏离 / 大周期偏强,均值回归可观察，但要服从大周期过滤,高波动冷却,3.1986,61.77,0.5734,20.09,-0.4266,振幅未满ATR,73.98,26.02,31.8,2.4446,3.066,3.2043,3.0521,0.801,1.0046,中值下侧偏离,-5.9986,-1.9951,61.5005,55.65,233MA上侧偏离,2.6389,0.8038,10.0778,57.89,弱趋势混合,-2.0303,mixed,2,缩量,0.3101,短期下侧偏离 + 大周期偏强,优势不够大，不能单独触发策略；不是天然做空区域,5,42.15,58.41,37.82,34
ALGO-USDT,4H,ok,half_weight,0.7,14994,1,0.7,1,0,true,requested_start_not_reached,233,OKX,2019-06-21 00:00,2026-06-01 16:00,15227,2026-06-01 16:00,0.12,黄偏绿,低吸均值回归,39.32,常态波动 / 接近一倍ATR / 短期下侧偏离 / 大周期偏强,均值回归可观察，但要服从大周期过滤,常态波动,3.9775,72.5,0.9083,55.38,-0.0917,接近一倍ATR,61.34,38.66,38.54,3.3696,3.9234,3.9941,3.7854,0.8902,1.0365,中值下侧偏离,-3.583,-0.9343,40.0064,52.59,233MA上侧偏离,3.9308,0.9509,27.2217,61.05,弱趋势混合,-2.7215,mixed,2,缩量,0.6023,短期下侧偏离 + 大周期偏强,优势不够大，不能单独触发策略；不是天然做空区域,21,45.61,39.32,32.72,52
LDO-USDT,4H,ok,half_weight,0.7,7978,1,0.7,1,0,true,requested_start_not_reached,233,OKX,2022-09-02 08:00,2026-06-01 16:00,8211,2026-06-01 16:00,0.33,黄偏绿,高抛均值回归,31.02,低波动启动 / 振幅已超ATR / 短期上侧偏离 / 大周期弱势深水区,均值回归可观察，但要服从大周期过滤,低波动启动,2.1725,11.57,1.557,89.32,0.557,振幅已超ATR,46.71,53.29,40.28,2.599,2.2253,2.1733,2.192,1.1857,1.0152,中值上侧偏离,2.5395,1.14,58.1252,54.84,233MA下侧极端,-9.9696,-5.0972,52.7864,49.73,弱趋势上行,1.8192,up,3,量能正常,1.0848,短期上侧偏离 + 大周期弱势深水区,优势不够大，不能单独触发策略；历史上继续远离 233MA 的概率不低,77,59.1,31.02,37.22,54
CRV-USDT,4H,ok,half_weight,0.7,7766,1,0.7,1,0,true,legacy_page_limit,233,OKX,2022-10-06 00:00,2026-05-31 00:00,7999,2026-05-31 00:00,0.21,黄偏红,防守等待,74.12,波动压缩 / 余动能不足 / 短期贴近中轴 / 大周期弱势深水区,谨慎观察，不把单一短期偏离当入场理由,波动压缩,1.8477,7.66,0.4028,3.01,-0.5972,余动能不足,55.6,44.4,35.26,1.0681,1.5688,1.814,2.02,0.5288,0.7766,中值贴近中轴,0.2567,0.1385,49.589,7.75,233MA下侧极端,-9.5257,-5.6931,45.1021,48.76,趋势不明,-0.6694,mixed,2,缩量,0.5374,短期贴近中轴 + 大周期弱势深水区,贴近中轴时继续拉伸概率通常更高；历史上继续远离 233MA 的概率不低,8,,0,74.12,74
ENS-USDT,4H,ok,half_weight,0.7,7766,1,0.7,1,0,true,legacy_page_limit,233,OKX,2022-10-06 00:00,2026-05-31 00:00,7999,2026-05-31 00:00,6,黄,防守等待,74.12,波动压缩 / 余动能不足 / 短期上侧偏离 / 大周期弱势深水区,等待更清楚的波动或位置共振,波动压缩,2.1665,26.05,0.7182,34.12,-0.2818,余动能不足,57.13,42.87,34.72,1.6615,2.0672,2.1581,2.2035,0.754,0.9381,中值上侧偏离,1.1547,0.529,53.6367,54.33,233MA下侧极端,-5.6272,-2.7633,56.3981,49.84,趋势不明,0.4785,mixed,2,放量,27.5975,短期上侧偏离 + 大周期弱势深水区,优势不够大，不能单独触发策略；历史上继续远离 233MA 的概率不低,20,,45.59,74.12,74
PENDLE-USDT,4H,ok,full_weight,1,3433,1,1,1,0,false,,233,OKX,2024-09-27 04:00,2026-05-31 00:00,3666,2026-05-31 00:00,1.37,绿,趋势策略天气,78,常态波动 / 接近正常动能 / 短期下侧偏离 / 大周期弱势深水区,趋势天气较友好，等方向和量能确认,常态波动,3.7453,69.08,0.994,60.62,-0.006,接近正常动能,58.49,41.51,37.87,3.0902,3.3999,3.7,3.9846,0.7755,0.8533,中值下侧偏离,-8.4031,-2.4951,24.5478,56.48,233MA下侧极端,-19.8259,-6.7255,44.7909,46.41,强趋势下行,-10.441,down,4,放量,2.3159,短期下侧偏离 + 大周期弱势深水区,优势不够大，不能单独触发策略；历史上继续远离 233MA 的概率不低,10,,53.33,45.64,40
JUP-USDT,4H,ok,full_weight,1,4871,1,1,1,0,false,,233,OKX,2024-01-31 12:00,2026-05-31 00:00,5104,2026-05-31 00:00,0.19,黄,防守等待,74.12,波动压缩 / 余动能不足 / 短期上侧偏离 / 大周期弱势深水区,等待更清楚的波动或位置共振,波动压缩,2.7044,22.96,0.5787,17.06,-0.4213,余动能不足,53.32,46.68,35.07,1.8201,2.4177,2.6721,2.8564,0.6372,0.8464,中值上侧偏离,1.6349,0.5987,45.2699,53.35,233MA下侧极端,-6.4843,-2.5806,49.0107,46.87,趋势不明,0.8228,mixed,2,缩量,0.1871,短期上侧偏离 + 大周期弱势深水区,优势不够大，不能单独触发策略；历史上继续远离 233MA 的概率不低,8,,42.06,74.12,74
PYTH-USDT,4H,ok,full_weight,1,5303,1,1,1,0,false,,233,OKX,2023-11-20 12:00,2026-05-31 00:00,5536,2026-05-31 00:00,0.04,黄偏绿,趋势策略天气,66.42,低波动启动 / 接近正常动能 / 短期上侧偏离 / 大周期弱势深水区,趋势天气较友好，等方向和量能确认,低波动启动,3.0547,37.97,1.0881,68.82,0.0881,接近正常动能,48.12,51.88,39.42,2.7362,2.9984,3.0535,3.0504,0.897,0.9829,中值上侧偏离,3.5247,1.092,61.9851,54.63,233MA下侧极端,-12.2583,-4.4809,45.2088,49.66,强趋势上行,3.0702,up,4,量能正常,1.2508,短期上侧偏离 + 大周期弱势深水区,优势不够大，不能单独触发策略；历史上继续远离 233MA 的概率不低,46,,38.67,37.03,40
TIA-USDT,4H,ok,full_weight,1,5422,1,1,1,0,false,,233,OKX,2023-10-31 16:00,2026-05-31 00:00,5655,2026-05-31 00:00,0.41,黄偏绿,趋势策略天气,66.81,高波动冷却 / 余动能不足 / 短期下侧偏离 / 大周期偏强,趋势天气较友好，等方向和量能确认,高波动冷却,3.6922,53.62,0.4819,7.88,-0.5181,余动能不足,77.17,22.83,34.22,2.4203,3.2626,3.6457,3.8744,0.6247,0.8421,中值下侧偏离,-6.2723,-1.7988,28.238,53.58,233MA上侧偏离,1.4395,0.3814,69.1083,62.48,强趋势下行,-4.4678,down,4,缩量,0.5991,短期下侧偏离 + 大周期偏强,优势不够大，不能单独触发策略；不是天然做空区域,0,,56.89,42.98,50
ONDO-USDT,4H,ok,full_weight,1,3792,1,1,1,0,false,,233,OKX,2024-07-29 08:00,2026-05-31 00:00,4025,2026-05-31 00:00,0.38,黄,防守等待,38.44,高波动扩张 / 动能已超ATR / 短期贴近中轴 / 大周期偏强,等待更清楚的波动或位置共振,高波动扩张,3.8856,75.83,1.8344,94.53,0.8344,动能已超ATR,58.63,41.37,42.84,5.1411,3.9723,3.879,3.9762,1.293,0.999,中值贴近中轴,1.0735,0.2738,41.2754,8.11,233MA上侧偏离,8.1817,1.9495,68.7342,50.28,趋势不明,-1.0897,mixed,2,放量,3.8064,短期贴近中轴 + 大周期偏强,贴近中轴时继续拉伸概率通常更高；不是天然做空区域,38,,0,38.44,22
FET-USDT,4H,ok,full_weight,1,5280,1,1,1,0,false,,233,OKX,2023-11-24 08:00,2026-05-31 00:00,5513,2026-05-31 00:00,0.28,绿,趋势策略天气,80,高波动冷却 / 接近正常动能 / 短期上侧偏离 / 大周期强势高位,趋势天气较友好，等方向和量能确认,高波动冷却,4.7729,82.35,0.8324,44.83,-0.1676,接近正常动能,75.6,24.4,39.62,4.7242,5.0121,4.8192,4.4454,1.0627,1.1275,中值上侧偏离,11.6577,2.1859,73.7212,51.79,233MA上侧极端,30.1179,4.8461,85.083,41.23,强趋势上行,17.4408,up,4,量能正常,0.8512,短期上侧偏离 + 大周期强势高位,优势不够大，不能单独触发策略；强势区可以长期维持在 233MA 上方,16,,42.44,15.4,48
PEPE-USDT,4H,ok,full_weight,1,6522,1,1,1,0,false,,233,OKX,2023-05-01 08:00,2026-05-31 00:00,6755,2026-05-31 00:00,0,黄偏红,防守等待,74.12,波动压缩 / 余动能不足 / 短期贴近中轴 / 大周期弱势深水区,谨慎观察，不把单一短期偏离当入场理由,波动压缩,1.907,1.27,0.7841,42.46,-0.2159,余动能不足,58.43,41.57,35.27,1.4111,1.7302,1.8877,1.9935,0.7079,0.8679,中值贴近中轴,0.51,0.269,46.0388,10.98,233MA下侧极端,-10.7243,-6.3695,42.9905,51.21,趋势不明,-0.2031,mixed,2,缩量,0.7458,短期贴近中轴 + 大周期弱势深水区,贴近中轴时继续拉伸概率通常更高；历史上继续远离 233MA 的概率不低,8,,0,74.12,74
SHIB-USDT,4H,ok,half_weight,0.7,7766,1,0.7,1,0,true,legacy_page_limit,233,OKX,2022-10-06 00:00,2026-05-31 00:00,7999,2026-05-31 00:00,0,黄偏红,防守等待,76.28,波动压缩 / 余动能不足 / 短期上侧偏离 / 大周期弱势深水区,谨慎观察，不把单一短期偏离当入场理由,波动压缩,1.4256,8.96,0.6888,32.7,-0.3112,余动能不足,58.19,41.81,33.44,1.0431,1.3273,1.4163,1.4643,0.7124,0.9064,中值上侧偏离,2.6126,1.7986,65.8928,54.02,233MA下侧极端,-8.2482,-6.3507,35.841,50.69,弱趋势上行,1.664,up,3,缩量,0.2785,短期上侧偏离 + 大周期弱势深水区,优势不够大，不能单独触发策略；历史上继续远离 233MA 的概率不低,8,,44.47,76.28,56
BONK-USDT,4H,ok,full_weight,1,5011,1,1,1,0,false,,233,OKX,2024-01-08 04:00,2026-05-31 00:00,5244,2026-05-31 00:00,0,黄偏红,防守等待,60.28,波动压缩 / 接近正常动能 / 短期下侧偏离 / 大周期弱势深水区,谨慎观察，不把单一短期偏离当入场理由,波动压缩,2.2125,5,0.8637,50.13,-0.1363,接近正常动能,56.29,43.71,38.01,1.6631,2.0456,2.1963,2.282,0.7288,0.8964,中值下侧偏离,-2.1439,-1.0049,32.9692,56.63,233MA下侧极端,-13.019,-6.8657,41.0067,53.01,弱趋势混合,-2.1057,mixed,2,缩量,0.4174,短期下侧偏离 + 大周期弱势深水区,优势不够大，不能单独触发策略；历史上继续远离 233MA 的概率不低,20,,53.87,60.28,56
FLOKI-USDT,4H,ok,full_weight,1,7338,1,1,1,0,false,,233,OKX,2022-12-16 08:00,2026-05-31 00:00,7571,2026-05-31 00:00,0,绿,突破策略天气,84,低波动启动 / 动能已超ATR / 短期上侧偏离 / 大周期弱势深水区,不把短期下偏当买点，等待更强共振,低波动启动,2.1046,10.01,2.1659,96.1,1.1659,动能已超ATR,48.36,51.64,39.83,2.6418,2.169,2.1092,2.1,1.258,1.0328,中值上侧偏离,4.4622,2.1071,73.665,54.66,233MA下侧极端,-8.543,-4.6078,48.2577,51.65,强趋势上行,4.3627,up,3,放量,3.9342,短期上侧偏离 + 大周期弱势深水区,优势不够大，不能单独触发策略；历史上继续远离 233MA 的概率不低,84,,38.78,34.92,40
WIF-USDT,4H,ok,full_weight,1,4422,1,1,1,0,false,,233,OKX,2024-04-15 08:00,2026-05-31 00:00,4655,2026-05-31 00:00,0.19,黄偏红,防守等待,75.08,波动压缩 / 余动能不足 / 短期上侧偏离 / 大周期偏弱,谨慎观察，不把单一短期偏离当入场理由,波动压缩,2.5736,9.08,0.4898,8.07,-0.5102,余动能不足,57.12,42.88,33.98,1.751,2.3845,2.5588,2.6124,0.6703,0.9128,中值上侧偏离,4.3171,1.6224,65.431,51.38,233MA下侧偏离,-2.499,-1.0048,63.399,63.91,弱趋势上行,1.7726,up,3,缩量,0.1621,短期上侧偏离 + 大周期偏弱,优势不够大，不能单独触发策略；未到极端，但大天气仍偏弱,8,,34.97,75.08,66
ORDI-USDT,4H,ok,full_weight,1,6407,1,1,1,0,false,,233,OKX,2023-05-20 12:00,2026-05-31 00:00,6640,2026-05-31 00:00,3.43,黄偏红,趋势策略天气,55.28,常态波动 / 余动能不足 / 短期下侧偏离 / 大周期弱势深水区,谨慎观察，不把单一短期偏离当入场理由,常态波动,3.7489,48.72,0.6198,22.74,-0.3802,余动能不足,61.28,38.72,34.59,3.3674,3.5987,3.7352,3.7938,0.8876,0.9486,中值下侧偏离,-7.1786,-2.0569,23.7284,54.42,233MA下侧极端,-23.6612,-8.2437,37.8276,49.62,强趋势下行,-4.2136,down,3,缩量,0.5585,短期下侧偏离 + 大周期弱势深水区,优势不够大，不能单独触发策略；历史上继续远离 233MA 的概率不低,4,,37.91,54.37,40
SATS-USDT,4H,ok,full_weight,1,5136,1,1,1,0,false,,233,OKX,2023-12-18 08:00,2026-05-31 00:00,5369,2026-05-31 00:00,0,黄偏红,防守等待,76.28,波动压缩 / 余动能不足 / 短期下侧偏离 / 大周期弱势深水区,谨慎观察，不把单一短期偏离当入场理由,波动压缩,2.8036,19.26,0.4669,8.54,-0.5331,余动能不足,59.47,40.53,32.43,2.1653,2.6124,2.7855,2.8714,0.7541,0.9098,中值下侧偏离,-2.9819,-1.1049,50.2657,56.1,233MA下侧极端,-17.399,-7.5721,62.9879,50,弱趋势混合,-1.2068,mixed,2,缩量,0.4214,短期下侧偏离 + 大周期弱势深水区,优势不够大，不能单独触发策略；历史上继续远离 233MA 的概率不低,8,,51.96,76.28,56
NOT-USDT,4H,ok,full_weight,1,4235,1,1,1,0,false,,233,OKX,2024-05-16 12:00,2026-05-31 00:00,4468,2026-05-31 00:00,0,绿,网格震荡天气,84,低波动启动 / 接近正常动能 / 短期上侧偏离 / 大周期偏弱,震荡/网格天气较友好，仍需控制突破风险,低波动启动,2.7418,22.56,0.982,61.95,-0.018,接近正常动能,48.68,51.32,37.87,2.4501,2.5365,2.7134,2.9003,0.8448,0.8746,中值上侧偏离,1.8166,0.6628,73.2691,54.93,233MA下侧偏离,-5.7363,-2.2608,73.5914,61.94,趋势不明,0.5615,mixed,2,缩量,0.7325,短期上侧偏离 + 大周期偏弱,优势不够大，不能单独触发策略；未到极端，但大天气仍偏弱,16,,47.75,44.92,84
ENA-USDT,4H,ok,full_weight,1,1303,1,1,1,0,false,,233,OKX,2025-09-17 04:00,2026-05-31 00:00,1536,2026-05-31 00:00,0.09,黄,网格震荡天气,58,低波动启动 / 动能已超ATR / 短期贴近中轴 / 大周期弱势深水区,震荡/网格天气较友好，仍需控制突破风险,低波动启动,2.7539,30.24,1.3556,83.68,0.3556,动能已超ATR,44.19,55.81,40.13,2.3605,2.5384,2.7267,2.8932,0.8159,0.8774,中值贴近中轴,-0.3937,-0.1479,49.0473,4.27,233MA下侧极端,-15.5654,-6.8963,50.6316,51.35,趋势不明,-0.1391,mixed,2,放量,1.8154,短期贴近中轴 + 大周期弱势深水区,贴近中轴时继续拉伸概率通常更高；历史上继续远离 233MA 的概率不低,38,,0,48.04,58
W-USDT,4H,ok,full_weight,1,4493,1,1,1,0,false,,233,OKX,2024-04-03 12:00,2026-05-31 00:00,4726,2026-05-31 00:00,0.01,黄偏红,防守等待,74.12,波动压缩 / 余动能不足 / 短期贴近中轴 / 大周期弱势深水区,谨慎观察，不把单一短期偏离当入场理由,波动压缩,2.6272,12.87,0.6512,25.45,-0.3488,余动能不足,53.49,46.51,35.4,1.8748,2.3859,2.6016,2.7425,0.6836,0.87,中值贴近中轴,-0.0423,-0.0163,48.7992,8.99,233MA下侧极端,-10.459,-4.4916,55.3531,49.41,趋势不明,-0.525,mixed,2,缩量,0.4393,短期贴近中轴 + 大周期弱势深水区,贴近中轴时继续拉伸概率通常更高；历史上继续远离 233MA 的概率不低,8,,0,74.12,74
STRK-USDT,4H,ok,full_weight,1,4751,1,1,1,0,false,,233,OKX,2024-02-20 12:00,2026-05-31 00:00,4984,2026-05-31 00:00,0.04,黄偏红,防守等待,76.28,波动压缩 / 余动能不足 / 短期下侧偏离 / 大周期弱势深水区,谨慎观察，不把单一短期偏离当入场理由,波动压缩,2.9534,33.12,0.4542,6.02,-0.5458,余动能不足,56.65,43.35,34.56,1.8454,2.5877,2.9129,3.1379,0.5881,0.8246,中值下侧偏离,-1.077,-0.3725,45.5903,55.2,233MA下侧极端,-11.221,-4.3243,63.2147,49.95,弱趋势混合,-1.6604,mixed,2,缩量,0.1671,短期下侧偏离 + 大周期弱势深水区,优势不够大，不能单独触发策略；历史上继续远离 233MA 的概率不低,8,,48.72,76.28,56
ZK-USDT,4H,ok,full_weight,1,4038,1,1,1,0,false,,233,OKX,2024-06-18 08:00,2026-05-31 00:00,4271,2026-05-31 00:00,0.01,黄偏红,防守等待,66.28,波动压缩 / 余动能不足 / 短期上侧偏离 / 大周期弱势深水区,谨慎观察，不把单一短期偏离当入场理由,波动压缩,3.0171,31,0.7125,31.44,-0.2875,余动能不足,55.6,44.4,35.25,2.4865,2.9769,3.0204,2.9759,0.8355,1.0003,中值上侧偏离,3.9516,1.2757,58.9554,54.32,233MA下侧极端,-10.1322,-3.7836,51.7411,50.59,弱趋势混合,4.3827,mixed,2,缩量,0.7269,短期上侧偏离 + 大周期弱势深水区,优势不够大，不能单独触发策略；历史上继续远离 233MA 的概率不低,26,,37.55,66.28,56
ZRO-USDT,4H,ok,full_weight,1,4025,1,1,1,0,false,,233,OKX,2024-06-20 12:00,2026-05-31 00:00,4258,2026-05-31 00:00,1.15,黄偏红,防守等待,76.28,波动压缩 / 余动能不足 / 短期下侧偏离 / 大周期弱势深水区,谨慎观察，不把单一短期偏离当入场理由,波动压缩,2.7725,20.93,0.5323,12.07,-0.4677,余动能不足,57.16,42.84,35.57,2.1147,2.5645,2.7543,2.8261,0.7483,0.9074,中值下侧偏离,-2.4122,-0.8923,40.6452,54.07,233MA下侧极端,-17.2935,-7.5483,32.2701,51.16,弱趋势混合,-2.8017,mixed,2,缩量,0.7495,短期下侧偏离 + 大周期弱势深水区,优势不够大，不能单独触发策略；历史上继续远离 233MA 的概率不低,8,,44.65,76.28,56
GALA-USDT,4H,ok,half_weight,0.7,7766,1,0.7,1,0,true,legacy_page_limit,233,OKX,2022-10-06 00:00,2026-05-31 00:00,7999,2026-05-31 00:00,0,黄,网格震荡天气,82,波动压缩 / 余动能不足 / 短期贴近中轴 / 大周期弱势深水区,震荡/网格天气较友好，仍需控制突破风险,波动压缩,2.2451,16.17,0.5874,18.8,-0.4126,余动能不足,55.61,44.39,33,1.4738,2.0081,2.221,2.3453,0.6284,0.8562,中值贴近中轴,-0.1122,-0.0501,47.1132,9.44,233MA下侧极端,-8.8324,-4.325,51.7651,51.46,趋势不明,-0.6394,mixed,2,量能正常,1.0278,短期贴近中轴 + 大周期弱势深水区,贴近中轴时继续拉伸概率通常更高；历史上继续远离 233MA 的概率不低,8,,0,73.16,82
SAND-USDT,4H,ok,half_weight,0.7,7766,1,0.7,1,0,true,legacy_page_limit,233,OKX,2022-10-06 00:00,2026-05-31 00:00,7999,2026-05-31 00:00,0.07,黄,网格震荡天气,56,低波动启动 / 接近正常动能 / 短期上侧偏离 / 大周期弱势深水区,震荡/网格天气较友好，仍需控制突破风险,低波动启动,1.8947,18.25,0.9419,58.45,-0.0581,接近正常动能,44.85,55.15,38.05,1.4816,1.7815,1.8844,1.9351,0.7656,0.9206,中值上侧偏离,2.4426,1.2724,61.0961,53.56,233MA下侧极端,-6.0345,-3.4271,52.7001,49.62,弱趋势混合,1.5465,mixed,2,缩量,0.4799,短期上侧偏离 + 大周期弱势深水区,优势不够大，不能单独触发策略；历史上继续远离 233MA 的概率不低,16,,42.82,48.28,56
MANA-USDT,4H,ok,half_weight,0.7,7766,1,0.7,1,0,true,legacy_page_limit,233,OKX,2022-10-06 00:00,2026-05-31 00:00,7999,2026-05-31 00:00,0.08,黄偏红,网格震荡天气,82,波动压缩 / 余动能不足 / 短期贴近中轴 / 大周期弱势深水区,谨慎观察，不把单一短期偏离当入场理由,波动压缩,1.6888,10.67,0.6857,30.7,-0.3143,余动能不足,55.45,44.55,34.67,1.2614,1.6023,1.6811,1.7229,0.7322,0.93,中值贴近中轴,0.2192,0.1294,51.8498,9.72,233MA下侧极端,-6.9606,-4.4274,49.6021,50.71,趋势不明,-0.1705,mixed,2,量能正常,1.0279,短期贴近中轴 + 大周期弱势深水区,贴近中轴时继续拉伸概率通常更高；历史上继续远离 233MA 的概率不低,8,,0,73.16,82
